{"capacity": 3.04, "_timestamp": 1725123158.680267, "_runtime": 2.3696141242980957, "_step": 0, "_wandb": {"runtime": 1}}