{"capacity": 3.31, "_timestamp": 1725123078.982996, "_runtime": 1.9195458889007568, "_step": 0, "_wandb": {"runtime": 1}}