{"capacity": 1.2033333333333334, "_timestamp": 1725119957.0138812, "_runtime": 11.877639293670654, "_step": 0, "_wandb": {"runtime": 11}}