{"_step":0,"capacity":10.57,"_timestamp":1.727193593944881e+09,"_wandb":{"runtime":1},"_runtime":1.5735329999999998}