{"capacity": 3.55, "_timestamp": 1725123325.177417, "_runtime": 1.9762420654296875, "_step": 0, "_wandb": {"runtime": 1}}