{"capacity":1.55,"_timestamp":1.727193631559964e+09,"_runtime":1.506475,"_step":0,"_wandb":{"runtime":1}}