{"_step":0,"capacity":1.09,"_timestamp":1.727193177790832e+09,"_runtime":1.527217,"_wandb":{"runtime":1}}