{"capacity": 3.45, "_timestamp": 1725123260.302233, "_runtime": 2.016339063644409, "_step": 0, "_wandb": {"runtime": 1}}