{"capacity": 1.33, "_timestamp": 1725120345.8038568, "_runtime": 11.84072995185852, "_step": 0, "_wandb": {"runtime": 11}}