{"capacity": 3.35, "_timestamp": 1725123493.219574, "_runtime": 1.9927279949188232, "_step": 0, "_wandb": {"runtime": 1}}