{"capacity": 0.2633333333333333, "_timestamp": 1725120706.951935, "_runtime": 12.71213412284851, "_step": 0, "_wandb": {"runtime": 12}}