{"capacity":10.65,"_timestamp":1.727193735256605e+09,"_runtime":1.506227,"_step":0,"_wandb":{"runtime":1}}