{"capacity": 0.013333333333333334, "_timestamp": 1725118876.932961, "_runtime": 10.312845945358276, "_step": 0, "_wandb": {"runtime": 9}}