{"capacity": 0.43, "_timestamp": 1725123046.375988, "_runtime": 1.8875799179077148, "_step": 0, "_wandb": {"runtime": 1}}