{"capacity": 1.34, "_timestamp": 1725120196.8205519, "_runtime": 11.988373756408691, "_step": 0, "_wandb": {"runtime": 11}}