{"_step":0,"_wandb":{"runtime":1},"capacity":4.43,"_timestamp":1.727190906232434e+09,"_runtime":1.455969}