{"capacity": 3.56, "_timestamp": 1725122938.72944, "_runtime": 1.817763090133667, "_step": 0, "_wandb": {"runtime": 1}}