{"capacity": 1.3366666666666667, "_timestamp": 1725120450.452482, "_runtime": 12.0018470287323, "_step": 0, "_wandb": {"runtime": 11}}