{"_step":0,"_wandb":{"runtime":1},"capacity":10.76,"_timestamp":1.727193801148148e+09,"_runtime":1.600092}