{"capacity": 3.37, "_timestamp": 1725123657.618049, "_runtime": 1.8763399124145508, "_step": 0, "_wandb": {"runtime": 1}}