{"capacity": 3.5, "_timestamp": 1725123675.086292, "_runtime": 1.8593981266021729, "_step": 0, "_wandb": {"runtime": 1}}