{"_wandb":{"runtime":1},"_timestamp":1.727190254698251e+09,"_runtime":1.531445,"_step":0,"capacity":1.45}