{"capacity": 3.33, "_timestamp": 1725123292.7990952, "_runtime": 1.8314311504364014, "_step": 0, "_wandb": {"runtime": 1}}