{"_step":0,"capacity":11.17,"_timestamp":1.72719369447532e+09,"_runtime":1.444908,"_wandb":{"runtime":1}}