{"capacity":10.13,"_timestamp":1.727193706197087e+09,"_runtime":1.550885,"_step":0,"_wandb":{"runtime":1}}