{"_step":0,"_wandb":{"runtime":1},"capacity":1.36,"_timestamp":1.727190293200171e+09,"_runtime":1.474679}