{"capacity": 3.35, "_timestamp": 1725123227.796035, "_runtime": 1.8820891380310059, "_step": 0, "_wandb": {"runtime": 1}}