{"_wandb":{"runtime":1},"_step":0,"capacity":11.25,"_timestamp":1.727193577465941e+09,"_runtime":1.492914}