{"_timestamp":1.7271931854587772e+09,"_runtime":1.490654,"_step":0,"_wandb":{"runtime":1},"capacity":0.52}