{"capacity":2.45,"_timestamp":1.7271931969152262e+09,"_runtime":1.516137,"_step":0,"_wandb":{"runtime":1}}