{"capacity": 2.97, "_timestamp": 1725122912.403889, "_runtime": 1.7756409645080566, "_step": 0, "_wandb": {"runtime": 1}}