{"capacity": 0.8866666666666667, "_timestamp": 1725120091.9044402, "_runtime": 11.851937055587769, "_step": 0, "_wandb": {"runtime": 11}}