{"_runtime":1.461512,"_step":0,"_wandb":{"runtime":1},"capacity":4.08,"_timestamp":1.727191045843093e+09}