{"_step":0,"capacity":4.34,"_wandb":{"runtime":1},"_timestamp":1.72719065547223e+09,"_runtime":1.4910109999999999}