{"capacity": 0.0, "_timestamp": 1725122826.857515, "_runtime": 1.7525479793548584, "_step": 0, "_wandb": {"runtime": 1}}