{"_step":0,"_wandb":{"runtime":1},"capacity":1.01,"_timestamp":1.7271937951449559e+09,"_runtime":1.484708}