{"capacity": 1.1666666666666667, "_timestamp": 1725120282.714995, "_runtime": 11.84558391571045, "_step": 0, "_wandb": {"runtime": 11}}