{"capacity": 1.1233333333333333, "_timestamp": 1725120071.115187, "_runtime": 12.153170824050903, "_step": 0, "_wandb": {"runtime": 11}}