{"_timestamp":1.727190449324728e+09,"_runtime":1.85493,"_step":0,"_wandb":{"runtime":1},"capacity":4.09}