{"capacity": 3.23, "_timestamp": 1725123314.813489, "_runtime": 1.7752680778503418, "_step": 0, "_wandb": {"runtime": 1}}