{"capacity": 3.63, "_timestamp": 1725123168.86307, "_runtime": 1.8643131256103516, "_step": 0, "_wandb": {"runtime": 1}}