{"capacity": 3.58, "_timestamp": 1725122949.082443, "_runtime": 2.0048489570617676, "_step": 0, "_wandb": {"runtime": 1}}