{"_runtime":1.477156,"_step":0,"capacity":4.36,"_wandb":{"runtime":1},"_timestamp":1.727190661390811e+09}