{"capacity": 2.43, "_timestamp": 1725122774.115007, "_runtime": 1.9330198764801025, "_step": 0, "_wandb": {"runtime": 1}}