{"_wandb":{"runtime":1},"capacity":12.13,"_timestamp":1.727193483329391e+09,"_runtime":1.5376020000000001,"_step":0}