{"capacity": 3.11, "_timestamp": 1725123798.7472482, "_runtime": 1.9013962745666504, "_step": 0, "_wandb": {"runtime": 1}}