{"capacity": 2.95, "_timestamp": 1725122766.050286, "_runtime": 5.2133870124816895, "_step": 0, "_wandb": {"runtime": 1}}