{"_wandb":{"runtime":1},"capacity":4.16,"_timestamp":1.727190994153554e+09,"_runtime":1.81151,"_step":0}