{"_step":0,"capacity":4.5,"_timestamp":1.727190460087799e+09,"_runtime":1.472653,"_wandb":{"runtime":1}}