{"capacity":9.84,"_timestamp":1.7271937116396558e+09,"_runtime":1.476954,"_step":0,"_wandb":{"runtime":1}}