{"capacity": 3.51, "_timestamp": 1725123071.595863, "_runtime": 1.775132179260254, "_step": 0, "_wandb": {"runtime": 1}}