{"capacity": 0.04666666666666667, "_timestamp": 1725120408.52113, "_runtime": 12.230226039886475, "_step": 0, "_wandb": {"runtime": 11}}