{"_runtime":1.5765829999999998,"_step":0,"_wandb":{"runtime":1},"capacity":4.26,"_timestamp":1.72719053259297e+09}