{"_wandb":{"runtime":1},"_runtime":1.494133,"_step":0,"capacity":1.37,"_timestamp":1.727191135457988e+09}