{"_wandb":{"runtime":1},"capacity":4.14,"_timestamp":1.7271904262886279e+09,"_runtime":1.801304,"_step":0}