{"capacity":0.03,"_timestamp":1.7271906271868658e+09,"_runtime":1.625471,"_step":0,"_wandb":{"runtime":1}}