{"_wandb":{"runtime":1},"capacity":1.06,"_timestamp":1.727193477112725e+09,"_runtime":1.4705409999999999,"_step":0}