{"_timestamp":1.727190472348028e+09,"_runtime":1.473402,"_step":0,"_wandb":{"runtime":1},"capacity":4.16}