{"_timestamp":1.727193923299735e+09,"_runtime":1.619848,"_step":0,"_wandb":{"runtime":1},"capacity":11.55}