{"capacity": 1.2766666666666666, "_timestamp": 1725120216.750765, "_runtime": 11.888727188110352, "_step": 0, "_wandb": {"runtime": 11}}