{"capacity":11.2,"_timestamp":1.72719385662285e+09,"_runtime":1.638225,"_step":0,"_wandb":{"runtime":1}}