{"capacity": 1.6133333333333333, "_timestamp": 1725120774.84514, "_runtime": 12.04532790184021, "_step": 0, "_wandb": {"runtime": 11}}