{"_wandb":{"runtime":1},"_step":0,"capacity":4.3,"_timestamp":1.727190776499716e+09,"_runtime":1.621892}