{"_timestamp":1.727193307167897e+09,"_runtime":1.507463,"_step":0,"_wandb":{"runtime":1},"capacity":5.64}