{"_runtime":1.506769,"_wandb":{"runtime":1},"_step":0,"capacity":11.33,"_timestamp":1.727193496841467e+09}