{"_timestamp":1.727193717550304e+09,"_runtime":1.507095,"_step":0,"capacity":11.36,"_wandb":{"runtime":1}}