{"capacity": 0.05, "_timestamp": 1725123709.806009, "_runtime": 1.8019649982452393, "_step": 0, "_wandb": {"runtime": 1}}