{"capacity": 3.38, "_timestamp": 1725123450.053924, "_runtime": 1.8127171993255615, "_step": 0, "_wandb": {"runtime": 1}}