{"_step":0,"_wandb":{"runtime":1},"capacity":4.17,"_timestamp":1.727190496606014e+09,"_runtime":1.5255800000000002}