{"capacity":4.3,"_timestamp":1.727190672802388e+09,"_runtime":1.462556,"_step":0,"_wandb":{"runtime":1}}