{"capacity": 1.0666666666666667, "_timestamp": 1725120816.483835, "_runtime": 11.969786882400513, "_step": 0, "_wandb": {"runtime": 11}}