{"_runtime":1.484214,"_step":0,"_wandb":{"runtime":1},"capacity":4.24,"_timestamp":1.72719096323938e+09}