{"capacity": 2.87, "_timestamp": 1725123099.4385011, "_runtime": 2.0932910442352295, "_step": 0, "_wandb": {"runtime": 1}}