{"_step":0,"capacity":4.25,"_timestamp":1.727191012287355e+09,"_runtime":1.4915289999999999,"_wandb":{"runtime":1}}