{"_runtime":1.5488979999999999,"_step":0,"capacity":4.02,"_timestamp":1.7271906786857002e+09,"_wandb":{"runtime":1}}