{"_wandb":{"runtime":1},"_runtime":1.655922,"_step":0,"capacity":1.48,"_timestamp":1.7271931914496372e+09}