{"capacity": 3.63, "_timestamp": 1725123510.439651, "_runtime": 1.8647570610046387, "_step": 0, "_wandb": {"runtime": 1}}