{"_wandb":{"runtime":1},"capacity":0.13,"_timestamp":1.727193459699496e+09,"_runtime":1.54914,"_step":0}