{"capacity": 3.46, "_timestamp": 1725123774.251132, "_runtime": 1.8287160396575928, "_step": 0, "_wandb": {"runtime": 1}}