{"_step":0,"capacity":4.14,"_timestamp":1.7271906496850429e+09,"_runtime":1.804669,"_wandb":{"runtime":1}}