{"capacity": 3.75, "_timestamp": 1725123035.0050051, "_runtime": 1.7606751918792725, "_step": 0, "_wandb": {"runtime": 1}}