{"capacity": 1.15, "_timestamp": 1725119916.40541, "_runtime": 12.133073091506958, "_step": 0, "_wandb": {"runtime": 11}}