{"capacity": 3.56, "_timestamp": 1725123542.915076, "_runtime": 1.8170130252838135, "_step": 0, "_wandb": {"runtime": 1}}