{"genome": [20.7282657623291, -15.903769493103027, -41.502960205078125, -45.80078125, -83.03636169433594], "fitness": -0.14024815675331337, "dim_ei": 50, "dim_ca1": 50, "dim_eo": 50, "K": 5}