{"genome": [-5.229095458984375, -199.53575134277344, -253.64813232421875, -3.7578744888305664, -179.34481811523438], "fitness": 0.3171803434379398, "dim_ei": 50, "dim_ca1": 50, "dim_eo": 50, "K": 5}