{"genome": [1.2724720239639282, -0.17399799823760986, 0.5354598760604858, 0.09513324499130249, -0.1352737545967102], "fitness": 0.4424443009811512, "dim_ei": 50, "dim_ca1": 50, "dim_eo": 50, "K": 5}