{"_runtime":3.083877,"_step":0,"_wandb":{"runtime":3},"capacity":8.02,"_timestamp":1.7271935847341352e+09}