{"capacity": 0.23, "_timestamp": 1725118893.8850749, "_runtime": 10.165111780166626, "_step": 0, "_wandb": {"runtime": 10}}