{"capacity": 0.07, "_timestamp": 1725122853.5824618, "_runtime": 1.770305871963501, "_step": 0, "_wandb": {"runtime": 1}}