{"capacity": 2.31, "_timestamp": 1725122677.0413618, "_runtime": 2.040397882461548, "_step": 0, "_wandb": {"runtime": 1}}