{"capacity": 0.88, "_timestamp": 1725122880.096409, "_runtime": 1.8143260478973389, "_step": 0, "_wandb": {"runtime": 1}}