{"capacity": 0.0, "_timestamp": 1725122710.386657, "_runtime": 1.8658690452575684, "_step": 0, "_wandb": {"runtime": 1}}