{"capacity": 3.01, "_timestamp": 1725123024.9658911, "_runtime": 1.841663122177124, "_step": 0, "_wandb": {"runtime": 1}}