{"capacity": 1.53, "_timestamp": 1725120471.303414, "_runtime": 11.957994222640991, "_step": 0, "_wandb": {"runtime": 11}}