{"_runtime":1.439696,"_step":0,"capacity":11.4,"_timestamp":1.727193395011341e+09,"_wandb":{"runtime":1}}