{"_wandb":{"runtime":1},"capacity":10.33,"_timestamp":1.727193753874665e+09,"_runtime":1.486866,"_step":0}