{"capacity":0.27,"_timestamp":1.7271904668160782e+09,"_wandb":{"runtime":1},"_runtime":1.486312,"_step":0}