{"capacity": 3.44, "_timestamp": 1725123621.958694, "_runtime": 1.766874074935913, "_step": 0, "_wandb": {"runtime": 1}}