{"_wandb":{"runtime":1},"capacity":4.1,"_timestamp":1.7271909692111511e+09,"_runtime":1.432967,"_step":0}