{"capacity": 3.51, "_timestamp": 1725123589.286162, "_runtime": 1.8273138999938965, "_step": 0, "_wandb": {"runtime": 1}}