{"_wandb":{"runtime":1},"_step":0,"capacity":3.17,"_timestamp":1.727190887586123e+09,"_runtime":1.421473}