{"_wandb":{"runtime":1},"_step":0,"capacity":8.22,"_timestamp":1.727193642934203e+09,"_runtime":1.483127}