{"_wandb":{"runtime":1},"capacity":1.7,"_timestamp":1.727190399997586e+09,"_runtime":1.6177000000000001,"_step":0}