{"_step":0,"_wandb":{"runtime":1},"capacity":0,"_timestamp":1.727190502197977e+09,"_runtime":1.478126}