{"_wandb":{"runtime":1},"_timestamp":1.727193224005866e+09,"_runtime":1.5837409999999998,"_step":0,"capacity":7.97}