{"capacity": 1.0666666666666667, "_timestamp": 1725120113.0340228, "_runtime": 12.204824924468994, "_step": 0, "_wandb": {"runtime": 11}}