{"_runtime":1.825624,"_step":0,"_wandb":{"runtime":1},"capacity":9.75,"_timestamp":1.72719393485089e+09}