{"_wandb":{"runtime":1},"capacity":0.04,"_timestamp":1.72719027655481e+09,"_runtime":1.625642,"_step":0}