{"_timestamp":1.7271933238639302e+09,"_wandb":{"runtime":1},"_runtime":1.6055760000000001,"_step":0,"capacity":12.07}