{"capacity": 0.94, "_timestamp": 1725119896.341612, "_runtime": 11.888665199279785, "_step": 0, "_wandb": {"runtime": 11}}