{"_step":0,"_wandb":{"runtime":1},"capacity":4.87,"_timestamp":1.72719321244163e+09,"_runtime":1.550011}