{"_step":0,"capacity":3.97,"_timestamp":1.727190694585759e+09,"_wandb":{"runtime":1},"_runtime":1.487692}