{"_timestamp":1.727193218149821e+09,"_runtime":1.493434,"_step":0,"capacity":5.88,"_wandb":{"runtime":1}}