{"capacity":11.74,"_timestamp":1.727193301464159e+09,"_runtime":1.544747,"_step":0,"_wandb":{"runtime":1}}