{"capacity": 1.15, "_timestamp": 1725120842.4734561, "_runtime": 12.028908252716064, "_step": 0, "_wandb": {"runtime": 11}}