{"_wandb":{"runtime":1},"capacity":11.63,"_timestamp":1.72719360786615e+09,"_runtime":1.4914209999999999,"_step":0}