{"capacity":11.06,"_timestamp":1.727193896121929e+09,"_wandb":{"runtime":1},"_runtime":1.4579710000000001,"_step":0}