{"_wandb":{"runtime":1},"capacity":4.1,"_timestamp":1.727190857238961e+09,"_runtime":1.5391110000000001,"_step":0}