{"_wandb":{"runtime":1},"capacity":10.35,"_timestamp":1.727193401027018e+09,"_runtime":1.49459,"_step":0}