{"_step":0,"_wandb":{"runtime":1},"capacity":2.03,"_timestamp":1.727190332661866e+09,"_runtime":1.4723570000000001}