{"_wandb":{"runtime":1},"capacity":11.48,"_timestamp":1.727193283506473e+09,"_runtime":1.544644,"_step":0}