{"capacity": 3.12, "_timestamp": 1725123194.366116, "_runtime": 1.8828020095825195, "_step": 0, "_wandb": {"runtime": 1}}