{"capacity":0.03,"_timestamp":1.727190270815329e+09,"_runtime":1.476098,"_step":0,"_wandb":{"runtime":1}}