{"_wandb":{"runtime":1},"_runtime":1.481503,"_step":0,"capacity":0.06,"_timestamp":1.727190265232415e+09}