{"capacity":4.14,"_timestamp":1.727190900665469e+09,"_wandb":{"runtime":1},"_runtime":1.412185,"_step":0}