{"_wandb":{"runtime":1},"capacity":3.43,"_timestamp":1.727190387755722e+09,"_runtime":1.5003929999999999,"_step":0}