{"capacity": 3.18, "_timestamp": 1725123381.7716742, "_runtime": 1.8611960411071777, "_step": 0, "_wandb": {"runtime": 1}}