{"capacity":11.85,"_timestamp":1.727193502734572e+09,"_runtime":1.4985089999999999,"_wandb":{"runtime":1},"_step":0}