{"_step":0,"capacity":3.95,"_timestamp":1.727190987629483e+09,"_wandb":{"runtime":1},"_runtime":1.46745}