{"capacity": 0.96, "_timestamp": 1725120387.407681, "_runtime": 11.850840091705322, "_step": 0, "_wandb": {"runtime": 11}}