{"_step":0,"capacity":3.12,"_timestamp":1.727190338209725e+09,"_wandb":{"runtime":1},"_runtime":1.445128}