{"capacity":8.22,"_timestamp":1.72719386976412e+09,"_wandb":{"runtime":2},"_runtime":2.580132,"_step":0}