{"capacity": 1.48, "_timestamp": 1725120136.4860349, "_runtime": 14.434499979019165, "_step": 0, "_wandb": {"runtime": 11}}