{"_timestamp":1.727190572144473e+09,"_runtime":1.849874,"_wandb":{"runtime":1},"_step":0,"capacity":4.15}