{"_timestamp":1.727191056562597e+09,"_runtime":1.458516,"_step":0,"_wandb":{"runtime":1},"capacity":4.28}