{"capacity": 3.57, "_timestamp": 1725123089.083755, "_runtime": 1.8676040172576904, "_step": 0, "_wandb": {"runtime": 1}}