{"_wandb":{"runtime":1},"capacity":9.61,"_timestamp":1.727193356448859e+09,"_runtime":1.499446,"_step":0}