{"capacity": 3.3, "_timestamp": 1725123249.969341, "_runtime": 1.7697060108184814, "_step": 0, "_wandb": {"runtime": 1}}