{"capacity": 0.0, "_timestamp": 1725123125.6717482, "_runtime": 1.8383662700653076, "_step": 0, "_wandb": {"runtime": 1}}