{"capacity": 3.5, "_timestamp": 1725123685.455483, "_runtime": 1.8487229347229004, "_step": 0, "_wandb": {"runtime": 1}}