{"capacity": 0.0, "_timestamp": 1725118851.9940212, "_runtime": 10.235079288482666, "_step": 0, "_wandb": {"runtime": 10}}