{"capacity": 2.83, "_timestamp": 1725123014.5029252, "_runtime": 1.860307216644287, "_step": 0, "_wandb": {"runtime": 1}}