{"_runtime":1.491294,"_step":0,"capacity":3.44,"_timestamp":1.7271907359456918e+09,"_wandb":{"runtime":1}}