{"capacity": 1.17, "_timestamp": 1725119977.7457159, "_runtime": 11.935210943222046, "_step": 0, "_wandb": {"runtime": 11}}