{"_runtime":1.555955,"_step":0,"_wandb":{"runtime":1},"capacity":10.93,"_timestamp":1.727193418144185e+09}