{"capacity": 3.44, "_timestamp": 1725123434.88059, "_runtime": 1.8704500198364258, "_step": 0, "_wandb": {"runtime": 1}}