{"_runtime":1.6148120000000001,"_step":0,"capacity":2.12,"_timestamp":1.727190282376241e+09,"_wandb":{"runtime":1}}