{"capacity":3.35,"_timestamp":1.727190912008786e+09,"_runtime":1.637346,"_step":0,"_wandb":{"runtime":1}}