{"epoch": 9, "train_acc": 0.5620651044120695, "train_loss": 0.24119992275481322, "val_acc": 0.6413031587138819, "val_loss": 0.4445957138017188, "_timestamp": 1724957956.716137, "_runtime": 0.9665908813476562, "_step": 8, "_wandb": {"runtime": 0}}