{"_wandb":{"runtime":1},"_timestamp":1.727193571136192e+09,"_runtime":1.516235,"_step":0,"capacity":10.02}