{"capacity": 0.0, "_timestamp": 1725122843.388681, "_runtime": 2.1557300090789795, "_step": 0, "_wandb": {"runtime": 1}}