{"capacity": 3.24, "_timestamp": 1725122981.685506, "_runtime": 1.8767101764678955, "_step": 0, "_wandb": {"runtime": 1}}