{"capacity":0.11,"_timestamp":1.727193471469347e+09,"_wandb":{"runtime":1},"_runtime":1.474957,"_step":0}