{"capacity": 3.39, "_timestamp": 1725123554.141504, "_runtime": 1.8406291007995605, "_step": 0, "_wandb": {"runtime": 1}}