{"capacity": 1.1666666666666667, "_timestamp": 1725120303.778471, "_runtime": 11.95147705078125, "_step": 0, "_wandb": {"runtime": 12}}