{"capacity": 0.27, "_timestamp": 1725120626.806417, "_runtime": 11.832046031951904, "_step": 0, "_wandb": {"runtime": 11}}