{"_runtime":1.491258,"_step":0,"_wandb":{"runtime":1},"capacity":8.02,"_timestamp":1.7271934236722372e+09}