{"capacity": 1.2, "_timestamp": 1725119937.1376839, "_runtime": 11.9163658618927, "_step": 0, "_wandb": {"runtime": 11}}