{"accuracy": 0.7765744429382512, "loss": 0.2249398826074906, "_timestamp": 1724942150.760826, "_runtime": 1.2819252014160156, "_step": 7, "_wandb": {"runtime": 0}}