{"capacity": 0.0, "_timestamp": 1725120533.635875, "_runtime": 11.915613889694214, "_step": 0, "_wandb": {"runtime": 11}}