{"_timestamp":1.7271931668159528e+09,"_wandb":{"runtime":1},"_runtime":1.563535,"_step":0,"capacity":0.43}