{"_step":0,"_wandb":{"runtime":1},"capacity":3.55,"_timestamp":1.7271906114674282e+09,"_runtime":1.49776}