{"capacity": 3.21, "_timestamp": 1725123392.138865, "_runtime": 1.932887077331543, "_step": 0, "_wandb": {"runtime": 1}}