{"_timestamp":1.7271909761941838e+09,"_runtime":1.5637180000000002,"_step":0,"_wandb":{"runtime":1},"capacity":3.99}