{"capacity": 1.45, "_timestamp": 1725120324.82884, "_runtime": 11.950284004211426, "_step": 0, "_wandb": {"runtime": 11}}