{"capacity": 3.51, "_timestamp": 1725123341.407379, "_runtime": 1.888969898223877, "_step": 0, "_wandb": {"runtime": 1}}