{"capacity":4.08,"_timestamp":1.7271907169173188e+09,"_runtime":1.484391,"_step":0,"_wandb":{"runtime":1}}