{"capacity": 0.48, "_timestamp": 1725122694.2261062, "_runtime": 1.849337100982666, "_step": 0, "_wandb": {"runtime": 1}}