{"_wandb":{"runtime":1},"capacity":3.39,"_timestamp":1.7271903219427168e+09,"_runtime":1.534203,"_step":0}