{"_runtime":1.656603,"_step":0,"_wandb":{"runtime":1},"capacity":11.3,"_timestamp":1.727193245031162e+09}