{"epoch": 4, "train_acc": 0.40355605049895643, "train_loss": 0.766811324082201, "val_acc": 0.35884997256583195, "val_loss": 0.9466379651416816, "_timestamp": 1724957988.783954, "_runtime": 0.9614698886871338, "_step": 3, "_wandb": {"runtime": 0}}