{"capacity":4.56,"_timestamp":1.7271905786267781e+09,"_runtime":1.6973470000000002,"_wandb":{"runtime":1},"_step":0}