{"capacity":0.07,"_timestamp":1.727193452714558e+09,"_runtime":1.488295,"_step":0,"_wandb":{"runtime":1}}