{"_step":0,"_wandb":{"runtime":2},"capacity":4.31,"_timestamp":1.727191019419348e+09,"_runtime":2.663469}