{"capacity": 3.65, "_timestamp": 1725123535.8790872, "_runtime": 1.9229280948638916, "_step": 0, "_wandb": {"runtime": 1}}