{"_runtime":1.491192,"_step":0,"capacity":9.36,"_timestamp":1.727193688168104e+09,"_wandb":{"runtime":1}}