{"capacity":4.01,"_timestamp":1.7271905661746309e+09,"_runtime":1.519479,"_wandb":{"runtime":1},"_step":0}