{"_wandb":{"runtime":1},"_timestamp":1.7271935544800909e+09,"_runtime":1.819503,"_step":0,"capacity":11.25}