{"_timestamp":1.727193862517525e+09,"_runtime":1.579697,"_step":0,"_wandb":{"runtime":1},"capacity":11.97}