{"capacity":4.32,"_timestamp":1.727191062405225e+09,"_runtime":1.451165,"_step":0,"_wandb":{"runtime":1}}