{"_step":0,"_wandb":{"runtime":1},"capacity":11.35,"_timestamp":1.727193230080121e+09,"_runtime":1.97269}