{"capacity": 3.48, "_timestamp": 1725123147.9753878, "_runtime": 1.8836617469787598, "_step": 0, "_wandb": {"runtime": 1}}