{"_step":0,"capacity":3.98,"_wandb":{"runtime":1},"_timestamp":1.727190723166325e+09,"_runtime":1.474259}