{"capacity": 3.56, "_timestamp": 1725123056.613472, "_runtime": 1.8997130393981934, "_step": 0, "_wandb": {"runtime": 1}}