{"_step":0,"_wandb":{"runtime":1},"capacity":4.24,"_timestamp":1.727190949679716e+09,"_runtime":1.452617}