{"capacity":9.55,"_timestamp":1.727193547288692e+09,"_runtime":1.552616,"_step":0,"_wandb":{"runtime":1}}