{"capacity": 2.35, "_timestamp": 1725123115.555722, "_runtime": 1.8462200164794922, "_step": 0, "_wandb": {"runtime": 1}}