{"capacity":4.2,"_wandb":{"runtime":1},"_timestamp":1.727190729353804e+09,"_runtime":1.444182,"_step":0}