{"capacity": 0.0, "_timestamp": 1725120679.1470132, "_runtime": 12.208905220031738, "_step": 0, "_wandb": {"runtime": 11}}