{"capacity":11.53,"_timestamp":1.727193729418151e+09,"_runtime":1.471235,"_step":0,"_wandb":{"runtime":1}}