{"_timestamp":1.7271905899953449e+09,"_runtime":1.49113,"_step":0,"_wandb":{"runtime":1},"capacity":3.95}