{"_timestamp":1.727190741780303e+09,"_runtime":1.443875,"_step":0,"_wandb":{"runtime":1},"capacity":3.98}