{"capacity": 0.93, "_timestamp": 1725122863.768873, "_runtime": 1.8721790313720703, "_step": 0, "_wandb": {"runtime": 1}}