{"_runtime":1.51539,"_step":0,"_wandb":{"runtime":1},"capacity":4.17,"_timestamp":1.727190862926244e+09}