{"_wandb":{"runtime":1},"_step":0,"capacity":11.06,"_timestamp":1.727193747560866e+09,"_runtime":1.5335779999999999}