{"_step":0,"capacity":10.93,"_wandb":{"runtime":1},"_timestamp":1.727193772471366e+09,"_runtime":1.46177}