{"_runtime":1.5025110000000002,"_step":0,"_wandb":{"runtime":1},"capacity":9.41,"_timestamp":1.727193884069207e+09}