{"capacity": 0.0, "_timestamp": 1725122902.460431, "_runtime": 1.9507131576538086, "_step": 0, "_wandb": {"runtime": 1}}