{"capacity": 3.33, "_timestamp": 1725123569.399141, "_runtime": 1.8953180313110352, "_step": 0, "_wandb": {"runtime": 1}}