{"_step":0,"_wandb":{"runtime":1},"capacity":4.36,"_timestamp":1.7271910060282838e+09,"_runtime":1.511484}