{"capacity": 0.96, "_timestamp": 1725120175.8050072, "_runtime": 11.96405816078186, "_step": 0, "_wandb": {"runtime": 11}}