{"capacity": 0.0, "_timestamp": 1725123666.8553689, "_runtime": 1.845728874206543, "_step": 0, "_wandb": {"runtime": 1}}