{"epoch": 9, "train_acc": 0.5552992754910977, "train_loss": 0.29740879620077393, "val_acc": 0.5798991613569909, "val_loss": 0.3167028920919883, "_timestamp": 1724957979.263314, "_runtime": 0.910175085067749, "_step": 8, "_wandb": {"runtime": 0}}