{"capacity": 3.38, "_timestamp": 1725123753.038065, "_runtime": 1.9686219692230225, "_step": 0, "_wandb": {"runtime": 1}}