{"_step":0,"capacity":4.2,"_timestamp":1.727190667331916e+09,"_runtime":1.538036,"_wandb":{"runtime":1}}