{"_runtime":1.97741,"_step":0,"_wandb":{"runtime":1},"capacity":3.05,"_timestamp":1.7271909576713421e+09}