{"capacity": 3.53, "_timestamp": 1725123477.8841128, "_runtime": 1.8287849426269531, "_step": 0, "_wandb": {"runtime": 1}}