{"_timestamp":1.7271933507477171e+09,"_runtime":1.510628,"_step":0,"_wandb":{"runtime":1},"capacity":10.69}