{"capacity": 1.5066666666666666, "_timestamp": 1725120749.5491798, "_runtime": 12.704471826553345, "_step": 0, "_wandb": {"runtime": 12}}