{"capacity": 1.47, "_timestamp": 1725122800.665316, "_runtime": 2.0057740211486816, "_step": 0, "_wandb": {"runtime": 1}}