{"_timestamp":1.727190361198915e+09,"_runtime":1.480159,"_step":0,"capacity":4.36,"_wandb":{"runtime":1}}