{"capacity":2.24,"_timestamp":1.727193682106265e+09,"_runtime":1.541339,"_step":0,"_wandb":{"runtime":1}}