{"capacity": 0.23, "_timestamp": 1725120796.844224, "_runtime": 13.139339923858643, "_step": 0, "_wandb": {"runtime": 11}}