{"_runtime":1.499852,"_step":0,"_wandb":{"runtime":1},"capacity":4.26,"_timestamp":1.727190443211734e+09}