{"_timestamp":1.727190437398255e+09,"_runtime":1.478524,"_step":0,"_wandb":{"runtime":1},"capacity":4.01}