{"capacity": 3.56, "_timestamp": 1725123179.091394, "_runtime": 1.7817740440368652, "_step": 0, "_wandb": {"runtime": 1}}