{"_step":0,"_wandb":{"runtime":1},"capacity":12.51,"_timestamp":1.7271936650712829e+09,"_runtime":1.490822}