{"capacity": 3.54, "_timestamp": 1725122971.549314, "_runtime": 1.8270390033721924, "_step": 0, "_wandb": {"runtime": 1}}