{"capacity": 3.35, "_timestamp": 1725123003.122781, "_runtime": 1.9133920669555664, "_step": 0, "_wandb": {"runtime": 3}}