{"capacity": 1.1666666666666667, "_timestamp": 1725120050.9617121, "_runtime": 11.887846231460571, "_step": 0, "_wandb": {"runtime": 11}}