{"_runtime":1.5748959999999999,"_step":0,"capacity":11.61,"_timestamp":1.727193438136557e+09,"_wandb":{"runtime":1}}