{"_wandb":{"runtime":1},"capacity":11.39,"_timestamp":1.72719361374224e+09,"_runtime":1.572556,"_step":0}