{"capacity":4.41,"_timestamp":1.7271909427812831e+09,"_runtime":1.482766,"_wandb":{"runtime":1},"_step":0}