{"capacity": 3.73, "_timestamp": 1725122993.1222138, "_runtime": 2.3008368015289307, "_step": 0, "_wandb": {"runtime": 2}}