{"_step":0,"capacity":11.46,"_timestamp":1.7271938069409049e+09,"_runtime":1.5428389999999998,"_wandb":{"runtime":1}}