{"capacity": 1.1933333333333334, "_timestamp": 1725120154.158519, "_runtime": 12.030870914459229, "_step": 0, "_wandb": {"runtime": 12}}