{"_runtime":1.473783,"_step":0,"capacity":7.54,"_wandb":{"runtime":1},"_timestamp":1.727193648515435e+09}