{"_step":0,"_wandb":{"runtime":1},"capacity":7.71,"_timestamp":1.727193850460583e+09,"_runtime":1.475516}