{"_runtime":1.5209329999999999,"_step":0,"_wandb":{"runtime":1},"capacity":5.89,"_timestamp":1.727193670636982e+09}