{"capacity": 3.55, "_timestamp": 1725123768.10368, "_runtime": 1.845634937286377, "_step": 0, "_wandb": {"runtime": 1}}