{"capacity": 0.0, "_timestamp": 1725120263.760455, "_runtime": 11.87920093536377, "_step": 0, "_wandb": {"runtime": 11}}