figure,panel,series,seed,x,value,detail
3,B,aligned,700,0,0.9418056905269623,seed mean across valid load-memory diagonal
3,B,aligned,700,1,0.949118150492846,seed mean across valid load-memory diagonal
3,B,aligned,700,2,0.914932504810136,seed mean across valid load-memory diagonal
3,B,aligned,700,3,0.9027140632010343,seed mean across valid load-memory diagonal
3,B,aligned,700,4,0.8577663632375854,seed mean across valid load-memory diagonal
3,B,aligned,700,5,0.8415996724909002,seed mean across valid load-memory diagonal
3,B,aligned,700,6,0.8304307527012296,seed mean across valid load-memory diagonal
3,B,aligned,700,7,0.737195332657616,seed mean across valid load-memory diagonal
3,B,aligned,700,8,0.7137976311720334,seed mean across valid load-memory diagonal
3,B,aligned,700,9,0.6631098126663881,seed mean across valid load-memory diagonal
3,B,aligned,700,10,0.5555015105009079,seed mean across valid load-memory diagonal
3,B,aligned,700,11,0.5586221289573884,seed mean across valid load-memory diagonal
3,B,aligned,700,12,0.5068163236913582,seed mean across valid load-memory diagonal
3,B,aligned,700,13,0.43779949653655925,seed mean across valid load-memory diagonal
3,B,aligned,700,14,0.4204852785105291,seed mean across valid load-memory diagonal
3,B,aligned,700,15,0.3768161703315046,seed mean across valid load-memory diagonal
3,B,aligned,700,16,0.3509157288988883,seed mean across valid load-memory diagonal
3,B,aligned,700,17,0.32498684031672254,seed mean across valid load-memory diagonal
3,B,aligned,700,18,0.2724349160811731,seed mean across valid load-memory diagonal
3,B,aligned,700,19,0.2653619712445794,seed mean across valid load-memory diagonal
3,B,aligned,700,20,0.2559673424810171,seed mean across valid load-memory diagonal
3,B,aligned,700,21,0.24410288016765547,seed mean across valid load-memory diagonal
3,B,aligned,700,22,0.20285125885550914,seed mean across valid load-memory diagonal
3,B,aligned,700,23,0.2401768165464337,seed mean across valid load-memory diagonal
3,B,aligned,700,24,0.19448035290568239,seed mean across valid load-memory diagonal
3,B,aligned,700,25,0.21912609147174017,seed mean across valid load-memory diagonal
3,B,aligned,700,26,0.1767327242585666,seed mean across valid load-memory diagonal
3,B,aligned,700,27,0.21531945196065036,seed mean across valid load-memory diagonal
3,B,aligned,700,28,0.2349981287115952,seed mean across valid load-memory diagonal
3,B,aligned,700,29,0.1713241653576974,seed mean across valid load-memory diagonal
3,B,aligned,700,30,0.16509638180335362,seed mean across valid load-memory diagonal
3,B,aligned,700,31,0.20277900801136575,seed mean across valid load-memory diagonal
3,B,aligned,700,32,0.13745234397772169,seed mean across valid load-memory diagonal
3,B,aligned,700,33,0.16667719654462956,seed mean across valid load-memory diagonal
3,B,aligned,700,34,0.18047608750370833,seed mean across valid load-memory diagonal
3,B,aligned,700,35,0.18797207474708558,seed mean across valid load-memory diagonal
3,B,aligned,700,36,0.18292119974891344,seed mean across valid load-memory diagonal
3,B,aligned,700,37,0.13605657853591052,seed mean across valid load-memory diagonal
3,B,aligned,700,38,0.16872127591208977,seed mean across valid load-memory diagonal
3,B,aligned,700,39,0.13802769035100937,seed mean across valid load-memory diagonal
3,B,aligned,700,40,0.2534741166047752,seed mean across valid load-memory diagonal
3,B,aligned,700,41,0.2056983779919775,seed mean across valid load-memory diagonal
3,B,aligned,700,42,0.16063658106658193,seed mean across valid load-memory diagonal
3,B,aligned,700,43,0.15060150163138614,seed mean across valid load-memory diagonal
3,B,aligned,700,44,0.16923197312280536,seed mean across valid load-memory diagonal
3,B,aligned,700,45,0.15582971026500067,seed mean across valid load-memory diagonal
3,B,aligned,700,46,0.1755136734406863,seed mean across valid load-memory diagonal
3,B,aligned,700,47,0.18250150921253058,seed mean across valid load-memory diagonal
3,B,aligned,700,48,0.18567575700581074,seed mean across valid load-memory diagonal
3,B,aligned,700,49,0.16425761207938194,seed mean across valid load-memory diagonal
3,B,aligned,700,50,0.14045781306922436,seed mean across valid load-memory diagonal
3,B,aligned,700,51,0.09243497252464294,seed mean across valid load-memory diagonal
3,B,aligned,700,52,0.14266762137413025,seed mean across valid load-memory diagonal
3,B,aligned,700,53,0.1771260787333761,seed mean across valid load-memory diagonal
3,B,aligned,700,54,0.26368797446290654,seed mean across valid load-memory diagonal
3,B,aligned,700,55,0.28984375298023224,seed mean across valid load-memory diagonal
3,B,aligned,700,56,0.2821630109101534,seed mean across valid load-memory diagonal
3,B,aligned,700,57,0.3032044197122256,seed mean across valid load-memory diagonal
3,B,aligned,700,58,0.11111893877387047,seed mean across valid load-memory diagonal
3,B,aligned,700,59,0.11472007632255554,seed mean across valid load-memory diagonal
3,C,aligned,700,60,11.0,threshold=0.77777778
3,B,aligned,701,0,0.9399834712346394,seed mean across valid load-memory diagonal
3,B,aligned,701,1,0.9311918454655146,seed mean across valid load-memory diagonal
3,B,aligned,701,2,0.9181099657354683,seed mean across valid load-memory diagonal
3,B,aligned,701,3,0.9130079139742935,seed mean across valid load-memory diagonal
3,B,aligned,701,4,0.8960394768842629,seed mean across valid load-memory diagonal
3,B,aligned,701,5,0.8534570704806935,seed mean across valid load-memory diagonal
3,B,aligned,701,6,0.8174701272337525,seed mean across valid load-memory diagonal
3,B,aligned,701,7,0.7944932355071014,seed mean across valid load-memory diagonal
3,B,aligned,701,8,0.7543524583944907,seed mean across valid load-memory diagonal
3,B,aligned,701,9,0.7169349228634554,seed mean across valid load-memory diagonal
3,B,aligned,701,10,0.6432577528059482,seed mean across valid load-memory diagonal
3,B,aligned,701,11,0.5359291983198147,seed mean across valid load-memory diagonal
3,B,aligned,701,12,0.5124866316715876,seed mean across valid load-memory diagonal
3,B,aligned,701,13,0.4811585910142736,seed mean across valid load-memory diagonal
3,B,aligned,701,14,0.45042376608952234,seed mean across valid load-memory diagonal
3,B,aligned,701,15,0.43026948852671515,seed mean across valid load-memory diagonal
3,B,aligned,701,16,0.3778405334292488,seed mean across valid load-memory diagonal
3,B,aligned,701,17,0.38829967178144426,seed mean across valid load-memory diagonal
3,B,aligned,701,18,0.34920389534506413,seed mean across valid load-memory diagonal
3,B,aligned,701,19,0.2955565768771055,seed mean across valid load-memory diagonal
3,B,aligned,701,20,0.27665100935846565,seed mean across valid load-memory diagonal
3,B,aligned,701,21,0.23790796597798666,seed mean across valid load-memory diagonal
3,B,aligned,701,22,0.23277393395179197,seed mean across valid load-memory diagonal
3,B,aligned,701,23,0.22313707956188433,seed mean across valid load-memory diagonal
3,B,aligned,701,24,0.18497264881928763,seed mean across valid load-memory diagonal
3,B,aligned,701,25,0.17732257779155458,seed mean across valid load-memory diagonal
3,B,aligned,701,26,0.1740072196459069,seed mean across valid load-memory diagonal
3,B,aligned,701,27,0.18944260839259985,seed mean across valid load-memory diagonal
3,B,aligned,701,28,0.17822934102150612,seed mean across valid load-memory diagonal
3,B,aligned,701,29,0.20646351407612523,seed mean across valid load-memory diagonal
3,B,aligned,701,30,0.1862935468554497,seed mean across valid load-memory diagonal
3,B,aligned,701,31,0.2230754106723029,seed mean across valid load-memory diagonal
3,B,aligned,701,32,0.24018582648464612,seed mean across valid load-memory diagonal
3,B,aligned,701,33,0.24418488282848289,seed mean across valid load-memory diagonal
3,B,aligned,701,34,0.2943212894292978,seed mean across valid load-memory diagonal
3,B,aligned,701,35,0.22992723554372788,seed mean across valid load-memory diagonal
3,B,aligned,701,36,0.20785612954447666,seed mean across valid load-memory diagonal
3,B,aligned,701,37,0.17404576876889105,seed mean across valid load-memory diagonal
3,B,aligned,701,38,0.2101296420124444,seed mean across valid load-memory diagonal
3,B,aligned,701,39,0.17524911676134383,seed mean across valid load-memory diagonal
3,B,aligned,701,40,0.1723479822278023,seed mean across valid load-memory diagonal
3,B,aligned,701,41,0.14216339627378866,seed mean across valid load-memory diagonal
3,B,aligned,701,42,0.16681087969077957,seed mean across valid load-memory diagonal
3,B,aligned,701,43,0.19397766318391352,seed mean across valid load-memory diagonal
3,B,aligned,701,44,0.168999528628774,seed mean across valid load-memory diagonal
3,B,aligned,701,45,0.1268561487396558,seed mean across valid load-memory diagonal
3,B,aligned,701,46,0.14228019224745886,seed mean across valid load-memory diagonal
3,B,aligned,701,47,0.12710441992833063,seed mean across valid load-memory diagonal
3,B,aligned,701,48,0.09661226347088814,seed mean across valid load-memory diagonal
3,B,aligned,701,49,0.06457678025419061,seed mean across valid load-memory diagonal
3,B,aligned,701,50,0.1434668056666851,seed mean across valid load-memory diagonal
3,B,aligned,701,51,0.20443400864799818,seed mean across valid load-memory diagonal
3,B,aligned,701,52,0.23150799982249737,seed mean across valid load-memory diagonal
3,B,aligned,701,53,0.11566010011093956,seed mean across valid load-memory diagonal
3,B,aligned,701,54,0.07580638428529103,seed mean across valid load-memory diagonal
3,B,aligned,701,55,0.1159378856420517,seed mean across valid load-memory diagonal
3,B,aligned,701,56,0.11115488037467003,seed mean across valid load-memory diagonal
3,B,aligned,701,57,0.11111404746770859,seed mean across valid load-memory diagonal
3,B,aligned,701,58,4.652887582778931e-06,seed mean across valid load-memory diagonal
3,B,aligned,701,59,0.333721399307251,seed mean across valid load-memory diagonal
3,C,aligned,701,60,9.0,threshold=0.77777778
3,B,aligned,702,0,0.9344846606254578,seed mean across valid load-memory diagonal
3,B,aligned,702,1,0.9629471544492043,seed mean across valid load-memory diagonal
3,B,aligned,702,2,0.9055306829255203,seed mean across valid load-memory diagonal
3,B,aligned,702,3,0.8590978708183556,seed mean across valid load-memory diagonal
3,B,aligned,702,4,0.8476087121026856,seed mean across valid load-memory diagonal
3,B,aligned,702,5,0.8402829522436316,seed mean across valid load-memory diagonal
3,B,aligned,702,6,0.7985728565189574,seed mean across valid load-memory diagonal
3,B,aligned,702,7,0.7609616045681935,seed mean across valid load-memory diagonal
3,B,aligned,702,8,0.7067644576040598,seed mean across valid load-memory diagonal
3,B,aligned,702,9,0.6795214829491634,seed mean across valid load-memory diagonal
3,B,aligned,702,10,0.5983815670013428,seed mean across valid load-memory diagonal
3,B,aligned,702,11,0.5767800960005546,seed mean across valid load-memory diagonal
3,B,aligned,702,12,0.5335387003918489,seed mean across valid load-memory diagonal
3,B,aligned,702,13,0.4204107513453098,seed mean across valid load-memory diagonal
3,B,aligned,702,14,0.40575089516199153,seed mean across valid load-memory diagonal
3,B,aligned,702,15,0.39475117617597183,seed mean across valid load-memory diagonal
3,B,aligned,702,16,0.36034733175554057,seed mean across valid load-memory diagonal
3,B,aligned,702,17,0.3231930687677029,seed mean across valid load-memory diagonal
3,B,aligned,702,18,0.27427383689653306,seed mean across valid load-memory diagonal
3,B,aligned,702,19,0.2584724084860304,seed mean across valid load-memory diagonal
3,B,aligned,702,20,0.2459454114548862,seed mean across valid load-memory diagonal
3,B,aligned,702,21,0.19844103394410548,seed mean across valid load-memory diagonal
3,B,aligned,702,22,0.22815940744782748,seed mean across valid load-memory diagonal
3,B,aligned,702,23,0.21336524611389315,seed mean across valid load-memory diagonal
3,B,aligned,702,24,0.23171940383811793,seed mean across valid load-memory diagonal
3,B,aligned,702,25,0.23887951161180224,seed mean across valid load-memory diagonal
3,B,aligned,702,26,0.19209269031553583,seed mean across valid load-memory diagonal
3,B,aligned,702,27,0.17807960600563974,seed mean across valid load-memory diagonal
3,B,aligned,702,28,0.18902831169543788,seed mean across valid load-memory diagonal
3,B,aligned,702,29,0.15656296524309343,seed mean across valid load-memory diagonal
3,B,aligned,702,30,0.18418262377381325,seed mean across valid load-memory diagonal
3,B,aligned,702,31,0.14139369756368728,seed mean across valid load-memory diagonal
3,B,aligned,702,32,0.13127920723387174,seed mean across valid load-memory diagonal
3,B,aligned,702,33,0.1257659116828883,seed mean across valid load-memory diagonal
3,B,aligned,702,34,0.20851444080471992,seed mean across valid load-memory diagonal
3,B,aligned,702,35,0.11006117686629295,seed mean across valid load-memory diagonal
3,B,aligned,702,36,0.117398323956877,seed mean across valid load-memory diagonal
3,B,aligned,702,37,0.1776862084541632,seed mean across valid load-memory diagonal
3,B,aligned,702,38,0.18907571346922356,seed mean across valid load-memory diagonal
3,B,aligned,702,39,0.1360851920076779,seed mean across valid load-memory diagonal
3,B,aligned,702,40,0.12367525435984135,seed mean across valid load-memory diagonal
3,B,aligned,702,41,0.16506804408211456,seed mean across valid load-memory diagonal
3,B,aligned,702,42,0.21277065616514948,seed mean across valid load-memory diagonal
3,B,aligned,702,43,0.20224422216415405,seed mean across valid load-memory diagonal
3,B,aligned,702,44,0.18352756835520267,seed mean across valid load-memory diagonal
3,B,aligned,702,45,0.21903666704893113,seed mean across valid load-memory diagonal
3,B,aligned,702,46,0.22802343325955526,seed mean across valid load-memory diagonal
3,B,aligned,702,47,0.20322942046018747,seed mean across valid load-memory diagonal
3,B,aligned,702,48,0.20145294132332006,seed mean across valid load-memory diagonal
3,B,aligned,702,49,0.16312930123372513,seed mean across valid load-memory diagonal
3,B,aligned,702,50,0.16206454783678054,seed mean across valid load-memory diagonal
3,B,aligned,702,51,0.14565340181191763,seed mean across valid load-memory diagonal
3,B,aligned,702,52,0.1634258357807994,seed mean across valid load-memory diagonal
3,B,aligned,702,53,0.1651852588568415,seed mean across valid load-memory diagonal
3,B,aligned,702,54,0.18480921039978662,seed mean across valid load-memory diagonal
3,B,aligned,702,55,0.11124276518821716,seed mean across valid load-memory diagonal
3,B,aligned,702,56,0.1714915931224823,seed mean across valid load-memory diagonal
3,B,aligned,702,57,0.18520539005597433,seed mean across valid load-memory diagonal
3,B,aligned,702,58,0.11707879602909088,seed mean across valid load-memory diagonal
3,B,aligned,702,59,0.33333995938301086,seed mean across valid load-memory diagonal
3,C,aligned,702,60,14.0,threshold=0.77777778
3,B,aligned,703,0,0.9449562360843022,seed mean across valid load-memory diagonal
3,B,aligned,703,1,0.90900798470287,seed mean across valid load-memory diagonal
3,B,aligned,703,2,0.9232158897251919,seed mean across valid load-memory diagonal
3,B,aligned,703,3,0.8773896871951589,seed mean across valid load-memory diagonal
3,B,aligned,703,4,0.8582066116588456,seed mean across valid load-memory diagonal
3,B,aligned,703,5,0.8366306456652555,seed mean across valid load-memory diagonal
3,B,aligned,703,6,0.8260045459976902,seed mean across valid load-memory diagonal
3,B,aligned,703,7,0.7975610907910005,seed mean across valid load-memory diagonal
3,B,aligned,703,8,0.6929703439370944,seed mean across valid load-memory diagonal
3,B,aligned,703,9,0.6376167543086351,seed mean across valid load-memory diagonal
3,B,aligned,703,10,0.5431085705757142,seed mean across valid load-memory diagonal
3,B,aligned,703,11,0.5205668042204818,seed mean across valid load-memory diagonal
3,B,aligned,703,12,0.4451223570698251,seed mean across valid load-memory diagonal
3,B,aligned,703,13,0.4465782104971561,seed mean across valid load-memory diagonal
3,B,aligned,703,14,0.3633995197065499,seed mean across valid load-memory diagonal
3,B,aligned,703,15,0.3512794244620535,seed mean across valid load-memory diagonal
3,B,aligned,703,16,0.31491544656455517,seed mean across valid load-memory diagonal
3,B,aligned,703,17,0.3064131052341572,seed mean across valid load-memory diagonal
3,B,aligned,703,18,0.3021337294152805,seed mean across valid load-memory diagonal
3,B,aligned,703,19,0.3055544424711204,seed mean across valid load-memory diagonal
3,B,aligned,703,20,0.23786431360058485,seed mean across valid load-memory diagonal
3,B,aligned,703,21,0.21610812479868913,seed mean across valid load-memory diagonal
3,B,aligned,703,22,0.21237792260944843,seed mean across valid load-memory diagonal
3,B,aligned,703,23,0.2296629930418488,seed mean across valid load-memory diagonal
3,B,aligned,703,24,0.18049822044041422,seed mean across valid load-memory diagonal
3,B,aligned,703,25,0.24680673687585764,seed mean across valid load-memory diagonal
3,B,aligned,703,26,0.20006992141990101,seed mean across valid load-memory diagonal
3,B,aligned,703,27,0.17240010326107344,seed mean across valid load-memory diagonal
3,B,aligned,703,28,0.16411987133324146,seed mean across valid load-memory diagonal
3,B,aligned,703,29,0.16449658813015108,seed mean across valid load-memory diagonal
3,B,aligned,703,30,0.18237261474132538,seed mean across valid load-memory diagonal
3,B,aligned,703,31,0.16650242692437664,seed mean across valid load-memory diagonal
3,B,aligned,703,32,0.14242067001760006,seed mean across valid load-memory diagonal
3,B,aligned,703,33,0.15582571344243157,seed mean across valid load-memory diagonal
3,B,aligned,703,34,0.15744544565677643,seed mean across valid load-memory diagonal
3,B,aligned,703,35,0.1328477853536606,seed mean across valid load-memory diagonal
3,B,aligned,703,36,0.18726847864066562,seed mean across valid load-memory diagonal
3,B,aligned,703,37,0.15192858971979306,seed mean across valid load-memory diagonal
3,B,aligned,703,38,0.16070693629709157,seed mean across valid load-memory diagonal
3,B,aligned,703,39,0.17011735978580655,seed mean across valid load-memory diagonal
3,B,aligned,703,40,0.09934830404818058,seed mean across valid load-memory diagonal
3,B,aligned,703,41,0.06398125463410427,seed mean across valid load-memory diagonal
3,B,aligned,703,42,0.16062457693947685,seed mean across valid load-memory diagonal
3,B,aligned,703,43,0.18628205446635976,seed mean across valid load-memory diagonal
3,B,aligned,703,44,0.2096417690627277,seed mean across valid load-memory diagonal
3,B,aligned,703,45,0.16212523380915325,seed mean across valid load-memory diagonal
3,B,aligned,703,46,0.2111257386526891,seed mean across valid load-memory diagonal
3,B,aligned,703,47,0.1889425301207946,seed mean across valid load-memory diagonal
3,B,aligned,703,48,0.18673289380967617,seed mean across valid load-memory diagonal
3,B,aligned,703,49,0.21433589946139942,seed mean across valid load-memory diagonal
3,B,aligned,703,50,0.0585208535194397,seed mean across valid load-memory diagonal
3,B,aligned,703,51,0.18385639869504505,seed mean across valid load-memory diagonal
3,B,aligned,703,52,0.24330007564276457,seed mean across valid load-memory diagonal
3,B,aligned,703,53,0.24581382423639297,seed mean across valid load-memory diagonal
3,B,aligned,703,54,0.1422983898470799,seed mean across valid load-memory diagonal
3,B,aligned,703,55,0.1605059266090393,seed mean across valid load-memory diagonal
3,B,aligned,703,56,0.1141399759799242,seed mean across valid load-memory diagonal
3,B,aligned,703,57,0.3997152845064799,seed mean across valid load-memory diagonal
3,B,aligned,703,58,0.21685761213302612,seed mean across valid load-memory diagonal
3,B,aligned,703,59,0.11193376034498215,seed mean across valid load-memory diagonal
3,C,aligned,703,60,8.0,threshold=0.77777778
3,B,aligned,704,0,0.9480705579121907,seed mean across valid load-memory diagonal
3,B,aligned,704,1,0.9526901437064349,seed mean across valid load-memory diagonal
3,B,aligned,704,2,0.9187266230583191,seed mean across valid load-memory diagonal
3,B,aligned,704,3,0.8947060306866964,seed mean across valid load-memory diagonal
3,B,aligned,704,4,0.8784504309296608,seed mean across valid load-memory diagonal
3,B,aligned,704,5,0.8312390300360593,seed mean across valid load-memory diagonal
3,B,aligned,704,6,0.7734406440070382,seed mean across valid load-memory diagonal
3,B,aligned,704,7,0.7245040870500061,seed mean across valid load-memory diagonal
3,B,aligned,704,8,0.6910559718425457,seed mean across valid load-memory diagonal
3,B,aligned,704,9,0.6271717162693248,seed mean across valid load-memory diagonal
3,B,aligned,704,10,0.5804097226262093,seed mean across valid load-memory diagonal
3,B,aligned,704,11,0.5296912652497389,seed mean across valid load-memory diagonal
3,B,aligned,704,12,0.5015401698959371,seed mean across valid load-memory diagonal
3,B,aligned,704,13,0.4509400982171931,seed mean across valid load-memory diagonal
3,B,aligned,704,14,0.3989179484222246,seed mean across valid load-memory diagonal
3,B,aligned,704,15,0.338960466782252,seed mean across valid load-memory diagonal
3,B,aligned,704,16,0.3403276726603508,seed mean across valid load-memory diagonal
3,B,aligned,704,17,0.30315393192130463,seed mean across valid load-memory diagonal
3,B,aligned,704,18,0.22950477933599836,seed mean across valid load-memory diagonal
3,B,aligned,704,19,0.23986619708650722,seed mean across valid load-memory diagonal
3,B,aligned,704,20,0.2324321961030364,seed mean across valid load-memory diagonal
3,B,aligned,704,21,0.2525645144856893,seed mean across valid load-memory diagonal
3,B,aligned,704,22,0.21494121202512792,seed mean across valid load-memory diagonal
3,B,aligned,704,23,0.17610909890484167,seed mean across valid load-memory diagonal
3,B,aligned,704,24,0.19423978672259384,seed mean across valid load-memory diagonal
3,B,aligned,704,25,0.20650532862969806,seed mean across valid load-memory diagonal
3,B,aligned,704,26,0.2062246247249491,seed mean across valid load-memory diagonal
3,B,aligned,704,27,0.20429545166817578,seed mean across valid load-memory diagonal
3,B,aligned,704,28,0.1799705356825143,seed mean across valid load-memory diagonal
3,B,aligned,704,29,0.17768992267308698,seed mean across valid load-memory diagonal
3,B,aligned,704,30,0.15902189488212268,seed mean across valid load-memory diagonal
3,B,aligned,704,31,0.1235371408020628,seed mean across valid load-memory diagonal
3,B,aligned,704,32,0.11413221593414034,seed mean across valid load-memory diagonal
3,B,aligned,704,33,0.15462200895503717,seed mean across valid load-memory diagonal
3,B,aligned,704,34,0.14056373817416337,seed mean across valid load-memory diagonal
3,B,aligned,704,35,0.11511857661884278,seed mean across valid load-memory diagonal
3,B,aligned,704,36,0.11372906466325124,seed mean across valid load-memory diagonal
3,B,aligned,704,37,0.16245480715904548,seed mean across valid load-memory diagonal
3,B,aligned,704,38,0.17134699106893755,seed mean across valid load-memory diagonal
3,B,aligned,704,39,0.21721510624601728,seed mean across valid load-memory diagonal
3,B,aligned,704,40,0.18132739439606665,seed mean across valid load-memory diagonal
3,B,aligned,704,41,0.207738763407657,seed mean across valid load-memory diagonal
3,B,aligned,704,42,0.13107431871402594,seed mean across valid load-memory diagonal
3,B,aligned,704,43,0.16345974408528385,seed mean across valid load-memory diagonal
3,B,aligned,704,44,0.206748976605013,seed mean across valid load-memory diagonal
3,B,aligned,704,45,0.11008182838559151,seed mean across valid load-memory diagonal
3,B,aligned,704,46,0.07871148522411074,seed mean across valid load-memory diagonal
3,B,aligned,704,47,0.1320030611868088,seed mean across valid load-memory diagonal
3,B,aligned,704,48,0.12317940701420109,seed mean across valid load-memory diagonal
3,B,aligned,704,49,0.1406387290123596,seed mean across valid load-memory diagonal
3,B,aligned,704,50,0.10300869997590781,seed mean across valid load-memory diagonal
3,B,aligned,704,51,0.1531554874446657,seed mean across valid load-memory diagonal
3,B,aligned,704,52,0.0637788837775588,seed mean across valid load-memory diagonal
3,B,aligned,704,53,0.0708823140178408,seed mean across valid load-memory diagonal
3,B,aligned,704,54,0.18770364175240198,seed mean across valid load-memory diagonal
3,B,aligned,704,55,0.0230380117893219,seed mean across valid load-memory diagonal
3,B,aligned,704,56,0.09601009264588356,seed mean across valid load-memory diagonal
3,B,aligned,704,57,0.26062365621328354,seed mean across valid load-memory diagonal
3,B,aligned,704,58,0.11345924809575081,seed mean across valid load-memory diagonal
3,B,aligned,704,59,0.1111111119389534,seed mean across valid load-memory diagonal
3,C,aligned,704,60,11.0,threshold=0.77777778
3,B,aligned,705,0,0.9518230547507603,seed mean across valid load-memory diagonal
3,B,aligned,705,1,0.9288179642063076,seed mean across valid load-memory diagonal
3,B,aligned,705,2,0.893642044272916,seed mean across valid load-memory diagonal
3,B,aligned,705,3,0.8630534849668804,seed mean across valid load-memory diagonal
3,B,aligned,705,4,0.8471000705446515,seed mean across valid load-memory diagonal
3,B,aligned,705,5,0.8244927601380782,seed mean across valid load-memory diagonal
3,B,aligned,705,6,0.7618546557647211,seed mean across valid load-memory diagonal
3,B,aligned,705,7,0.7539896481442001,seed mean across valid load-memory diagonal
3,B,aligned,705,8,0.685209187750633,seed mean across valid load-memory diagonal
3,B,aligned,705,9,0.6738872741367302,seed mean across valid load-memory diagonal
3,B,aligned,705,10,0.6264803285896778,seed mean across valid load-memory diagonal
3,B,aligned,705,11,0.5982136080155567,seed mean across valid load-memory diagonal
3,B,aligned,705,12,0.4651857594338556,seed mean across valid load-memory diagonal
3,B,aligned,705,13,0.4314201959270112,seed mean across valid load-memory diagonal
3,B,aligned,705,14,0.37908690649530163,seed mean across valid load-memory diagonal
3,B,aligned,705,15,0.34366379065646063,seed mean across valid load-memory diagonal
3,B,aligned,705,16,0.30323982289568946,seed mean across valid load-memory diagonal
3,B,aligned,705,17,0.30885849797794984,seed mean across valid load-memory diagonal
3,B,aligned,705,18,0.29835793668670313,seed mean across valid load-memory diagonal
3,B,aligned,705,19,0.2608580464815221,seed mean across valid load-memory diagonal
3,B,aligned,705,20,0.27094025891274215,seed mean across valid load-memory diagonal
3,B,aligned,705,21,0.22469555414639986,seed mean across valid load-memory diagonal
3,B,aligned,705,22,0.2511524434544538,seed mean across valid load-memory diagonal
3,B,aligned,705,23,0.2119429922989897,seed mean across valid load-memory diagonal
3,B,aligned,705,24,0.20018378810750115,seed mean across valid load-memory diagonal
3,B,aligned,705,25,0.22945605899606433,seed mean across valid load-memory diagonal
3,B,aligned,705,26,0.1877453664646429,seed mean across valid load-memory diagonal
3,B,aligned,705,27,0.16236978859612436,seed mean across valid load-memory diagonal
3,B,aligned,705,28,0.14382641902193427,seed mean across valid load-memory diagonal
3,B,aligned,705,29,0.1627597270473357,seed mean across valid load-memory diagonal
3,B,aligned,705,30,0.20942499910791715,seed mean across valid load-memory diagonal
3,B,aligned,705,31,0.1793392077088356,seed mean across valid load-memory diagonal
3,B,aligned,705,32,0.20193516063903058,seed mean across valid load-memory diagonal
3,B,aligned,705,33,0.17140912733696126,seed mean across valid load-memory diagonal
3,B,aligned,705,34,0.1841587719435875,seed mean across valid load-memory diagonal
3,B,aligned,705,35,0.16473489612340927,seed mean across valid load-memory diagonal
3,B,aligned,705,36,0.16990987428774437,seed mean across valid load-memory diagonal
3,B,aligned,705,37,0.15889595610939938,seed mean across valid load-memory diagonal
3,B,aligned,705,38,0.1635875344615091,seed mean across valid load-memory diagonal
3,B,aligned,705,39,0.20538870245218277,seed mean across valid load-memory diagonal
3,B,aligned,705,40,0.22793895970098674,seed mean across valid load-memory diagonal
3,B,aligned,705,41,0.16138160503224322,seed mean across valid load-memory diagonal
3,B,aligned,705,42,0.17218897491693497,seed mean across valid load-memory diagonal
3,B,aligned,705,43,0.11990471359561472,seed mean across valid load-memory diagonal
3,B,aligned,705,44,0.08795582666061819,seed mean across valid load-memory diagonal
3,B,aligned,705,45,0.13075567185878753,seed mean across valid load-memory diagonal
3,B,aligned,705,46,0.10547214187681675,seed mean across valid load-memory diagonal
3,B,aligned,705,47,0.09534877481368872,seed mean across valid load-memory diagonal
3,B,aligned,705,48,0.14370334520936012,seed mean across valid load-memory diagonal
3,B,aligned,705,49,0.09074526991356503,seed mean across valid load-memory diagonal
3,B,aligned,705,50,0.13631379082798958,seed mean across valid load-memory diagonal
3,B,aligned,705,51,0.18853926575846142,seed mean across valid load-memory diagonal
3,B,aligned,705,52,0.25636032689362764,seed mean across valid load-memory diagonal
3,B,aligned,705,53,0.24271634646824428,seed mean across valid load-memory diagonal
3,B,aligned,705,54,0.14992483208576837,seed mean across valid load-memory diagonal
3,B,aligned,705,55,0.1946734756231308,seed mean across valid load-memory diagonal
3,B,aligned,705,56,0.22849396616220474,seed mean across valid load-memory diagonal
3,B,aligned,705,57,0.1854340359568596,seed mean across valid load-memory diagonal
3,B,aligned,705,58,0.11961104348301888,seed mean across valid load-memory diagonal
3,B,aligned,705,59,0.333564817905426,seed mean across valid load-memory diagonal
3,C,aligned,705,60,12.0,threshold=0.77777778
3,B,aligned,706,0,0.9541922807693481,seed mean across valid load-memory diagonal
3,B,aligned,706,1,0.9373408454959675,seed mean across valid load-memory diagonal
3,B,aligned,706,2,0.9364784349655283,seed mean across valid load-memory diagonal
3,B,aligned,706,3,0.9051664921275356,seed mean across valid load-memory diagonal
3,B,aligned,706,4,0.8466407986623901,seed mean across valid load-memory diagonal
3,B,aligned,706,5,0.791580652106892,seed mean across valid load-memory diagonal
3,B,aligned,706,6,0.8092791239420573,seed mean across valid load-memory diagonal
3,B,aligned,706,7,0.7697477784921538,seed mean across valid load-memory diagonal
3,B,aligned,706,8,0.7220800920174673,seed mean across valid load-memory diagonal
3,B,aligned,706,9,0.646826949189691,seed mean across valid load-memory diagonal
3,B,aligned,706,10,0.5958231841027737,seed mean across valid load-memory diagonal
3,B,aligned,706,11,0.5672151601436187,seed mean across valid load-memory diagonal
3,B,aligned,706,12,0.4718174760540326,seed mean across valid load-memory diagonal
3,B,aligned,706,13,0.46107612930713815,seed mean across valid load-memory diagonal
3,B,aligned,706,14,0.4249760066361531,seed mean across valid load-memory diagonal
3,B,aligned,706,15,0.42182215663294,seed mean across valid load-memory diagonal
3,B,aligned,706,16,0.3926767525686459,seed mean across valid load-memory diagonal
3,B,aligned,706,17,0.3230412971488265,seed mean across valid load-memory diagonal
3,B,aligned,706,18,0.305645699657145,seed mean across valid load-memory diagonal
3,B,aligned,706,19,0.33076940513238673,seed mean across valid load-memory diagonal
3,B,aligned,706,20,0.24985040184110402,seed mean across valid load-memory diagonal
3,B,aligned,706,21,0.2442755175706668,seed mean across valid load-memory diagonal
3,B,aligned,706,22,0.278045133246403,seed mean across valid load-memory diagonal
3,B,aligned,706,23,0.2340342777000891,seed mean across valid load-memory diagonal
3,B,aligned,706,24,0.24116795675622094,seed mean across valid load-memory diagonal
3,B,aligned,706,25,0.22247293655361447,seed mean across valid load-memory diagonal
3,B,aligned,706,26,0.18084372580051422,seed mean across valid load-memory diagonal
3,B,aligned,706,27,0.11709088019349358,seed mean across valid load-memory diagonal
3,B,aligned,706,28,0.19339709053747356,seed mean across valid load-memory diagonal
3,B,aligned,706,29,0.22282379829595167,seed mean across valid load-memory diagonal
3,B,aligned,706,30,0.18922903289397558,seed mean across valid load-memory diagonal
3,B,aligned,706,31,0.1914101648947288,seed mean across valid load-memory diagonal
3,B,aligned,706,32,0.19769300759903022,seed mean across valid load-memory diagonal
3,B,aligned,706,33,0.200394956877938,seed mean across valid load-memory diagonal
3,B,aligned,706,34,0.17274833269990408,seed mean across valid load-memory diagonal
3,B,aligned,706,35,0.1485883828997612,seed mean across valid load-memory diagonal
3,B,aligned,706,36,0.12475601552675168,seed mean across valid load-memory diagonal
3,B,aligned,706,37,0.15471536795730176,seed mean across valid load-memory diagonal
3,B,aligned,706,38,0.1389889574017037,seed mean across valid load-memory diagonal
3,B,aligned,706,39,0.17804767652636483,seed mean across valid load-memory diagonal
3,B,aligned,706,40,0.2074858870357275,seed mean across valid load-memory diagonal
3,B,aligned,706,41,0.21435193874334035,seed mean across valid load-memory diagonal
3,B,aligned,706,42,0.1998578825344642,seed mean across valid load-memory diagonal
3,B,aligned,706,43,0.1657524597557152,seed mean across valid load-memory diagonal
3,B,aligned,706,44,0.15969626093283296,seed mean across valid load-memory diagonal
3,B,aligned,706,45,0.11260932485262552,seed mean across valid load-memory diagonal
3,B,aligned,706,46,0.1776823981532029,seed mean across valid load-memory diagonal
3,B,aligned,706,47,0.22210837270204836,seed mean across valid load-memory diagonal
3,B,aligned,706,48,0.15347824804484844,seed mean across valid load-memory diagonal
3,B,aligned,706,49,0.1447761505842209,seed mean across valid load-memory diagonal
3,B,aligned,706,50,0.27191971987485886,seed mean across valid load-memory diagonal
3,B,aligned,706,51,0.18862729022900263,seed mean across valid load-memory diagonal
3,B,aligned,706,52,0.1493611866608262,seed mean across valid load-memory diagonal
3,B,aligned,706,53,0.10331227949687413,seed mean across valid load-memory diagonal
3,B,aligned,706,54,0.14788270990053812,seed mean across valid load-memory diagonal
3,B,aligned,706,55,0.19397277683019637,seed mean across valid load-memory diagonal
3,B,aligned,706,56,0.10151838883757591,seed mean across valid load-memory diagonal
3,B,aligned,706,57,0.040821110208829246,seed mean across valid load-memory diagonal
3,B,aligned,706,58,0.22951136529445648,seed mean across valid load-memory diagonal
3,B,aligned,706,59,0.11176103353500366,seed mean across valid load-memory diagonal
3,C,aligned,706,60,10.0,threshold=0.77777778
3,B,aligned,707,0,0.9547209372123082,seed mean across valid load-memory diagonal
3,B,aligned,707,1,0.9283633525088683,seed mean across valid load-memory diagonal
3,B,aligned,707,2,0.9056809256816732,seed mean across valid load-memory diagonal
3,B,aligned,707,3,0.89966580010297,seed mean across valid load-memory diagonal
3,B,aligned,707,4,0.8787749909928867,seed mean across valid load-memory diagonal
3,B,aligned,707,5,0.8661579738963734,seed mean across valid load-memory diagonal
3,B,aligned,707,6,0.794065198412648,seed mean across valid load-memory diagonal
3,B,aligned,707,7,0.7440411802732719,seed mean across valid load-memory diagonal
3,B,aligned,707,8,0.6838856886427563,seed mean across valid load-memory diagonal
3,B,aligned,707,9,0.644863969628133,seed mean across valid load-memory diagonal
3,B,aligned,707,10,0.5775437664985656,seed mean across valid load-memory diagonal
3,B,aligned,707,11,0.5046580584377659,seed mean across valid load-memory diagonal
3,B,aligned,707,12,0.5007200532903274,seed mean across valid load-memory diagonal
3,B,aligned,707,13,0.4202115223445791,seed mean across valid load-memory diagonal
3,B,aligned,707,14,0.37311840316523676,seed mean across valid load-memory diagonal
3,B,aligned,707,15,0.30723817505770257,seed mean across valid load-memory diagonal
3,B,aligned,707,16,0.3040607962757349,seed mean across valid load-memory diagonal
3,B,aligned,707,17,0.26974959983382113,seed mean across valid load-memory diagonal
3,B,aligned,707,18,0.3139237961953595,seed mean across valid load-memory diagonal
3,B,aligned,707,19,0.22704319819444563,seed mean across valid load-memory diagonal
3,B,aligned,707,20,0.21318867384688928,seed mean across valid load-memory diagonal
3,B,aligned,707,21,0.2069458465736646,seed mean across valid load-memory diagonal
3,B,aligned,707,22,0.17372898679030568,seed mean across valid load-memory diagonal
3,B,aligned,707,23,0.23087913915514946,seed mean across valid load-memory diagonal
3,B,aligned,707,24,0.20721030920524047,seed mean across valid load-memory diagonal
3,B,aligned,707,25,0.23692595745835984,seed mean across valid load-memory diagonal
3,B,aligned,707,26,0.18890095436397722,seed mean across valid load-memory diagonal
3,B,aligned,707,27,0.17761250585317612,seed mean across valid load-memory diagonal
3,B,aligned,707,28,0.19042453006841242,seed mean across valid load-memory diagonal
3,B,aligned,707,29,0.15964345832265192,seed mean across valid load-memory diagonal
3,B,aligned,707,30,0.1773991342013081,seed mean across valid load-memory diagonal
3,B,aligned,707,31,0.15073078613856744,seed mean across valid load-memory diagonal
3,B,aligned,707,32,0.1513523446129901,seed mean across valid load-memory diagonal
3,B,aligned,707,33,0.1325778635563674,seed mean across valid load-memory diagonal
3,B,aligned,707,34,0.17339503535857567,seed mean across valid load-memory diagonal
3,B,aligned,707,35,0.1283034785091877,seed mean across valid load-memory diagonal
3,B,aligned,707,36,0.11241810023784637,seed mean across valid load-memory diagonal
3,B,aligned,707,37,0.14051021797501523,seed mean across valid load-memory diagonal
3,B,aligned,707,38,0.16511897336352954,seed mean across valid load-memory diagonal
3,B,aligned,707,39,0.15491270096529097,seed mean across valid load-memory diagonal
3,B,aligned,707,40,0.17581396382302045,seed mean across valid load-memory diagonal
3,B,aligned,707,41,0.12050064113971434,seed mean across valid load-memory diagonal
3,B,aligned,707,42,0.14842782666285834,seed mean across valid load-memory diagonal
3,B,aligned,707,43,0.12165081018910688,seed mean across valid load-memory diagonal
3,B,aligned,707,44,0.10512354364618659,seed mean across valid load-memory diagonal
3,B,aligned,707,45,0.1215242624282837,seed mean across valid load-memory diagonal
3,B,aligned,707,46,0.07298417349479028,seed mean across valid load-memory diagonal
3,B,aligned,707,47,0.160129547978823,seed mean across valid load-memory diagonal
3,B,aligned,707,48,0.2615736611187458,seed mean across valid load-memory diagonal
3,B,aligned,707,49,0.21162845600735058,seed mean across valid load-memory diagonal
3,B,aligned,707,50,0.17704730853438377,seed mean across valid load-memory diagonal
3,B,aligned,707,51,0.1149015443192588,seed mean across valid load-memory diagonal
3,B,aligned,707,52,0.1422302182763815,seed mean across valid load-memory diagonal
3,B,aligned,707,53,0.15050098512853896,seed mean across valid load-memory diagonal
3,B,aligned,707,54,0.11711003879706065,seed mean across valid load-memory diagonal
3,B,aligned,707,55,0.16051999777555465,seed mean across valid load-memory diagonal
3,B,aligned,707,56,0.11643389612436295,seed mean across valid load-memory diagonal
3,B,aligned,707,57,0.03948509693145752,seed mean across valid load-memory diagonal
3,B,aligned,707,58,0.00010715052485466003,seed mean across valid load-memory diagonal
3,B,aligned,707,59,0.11307109892368317,seed mean across valid load-memory diagonal
3,C,aligned,707,60,11.0,threshold=0.77777778
3,B,aligned,708,0,0.9399088988701503,seed mean across valid load-memory diagonal
3,B,aligned,708,1,0.9135808247630879,seed mean across valid load-memory diagonal
3,B,aligned,708,2,0.8930343245637828,seed mean across valid load-memory diagonal
3,B,aligned,708,3,0.8877554661349246,seed mean across valid load-memory diagonal
3,B,aligned,708,4,0.8544949937079634,seed mean across valid load-memory diagonal
3,B,aligned,708,5,0.8477112520824779,seed mean across valid load-memory diagonal
3,B,aligned,708,6,0.8141628045726705,seed mean across valid load-memory diagonal
3,B,aligned,708,7,0.7581993622599907,seed mean across valid load-memory diagonal
3,B,aligned,708,8,0.7161874931592208,seed mean across valid load-memory diagonal
3,B,aligned,708,9,0.6554101880858926,seed mean across valid load-memory diagonal
3,B,aligned,708,10,0.6287858657538891,seed mean across valid load-memory diagonal
3,B,aligned,708,11,0.5282270754782521,seed mean across valid load-memory diagonal
3,B,aligned,708,12,0.4875600280550619,seed mean across valid load-memory diagonal
3,B,aligned,708,13,0.45631910511787904,seed mean across valid load-memory diagonal
3,B,aligned,708,14,0.3923879136412364,seed mean across valid load-memory diagonal
3,B,aligned,708,15,0.37271449383762145,seed mean across valid load-memory diagonal
3,B,aligned,708,16,0.33728501556271856,seed mean across valid load-memory diagonal
3,B,aligned,708,17,0.3136414478338042,seed mean across valid load-memory diagonal
3,B,aligned,708,18,0.2714064037870793,seed mean across valid load-memory diagonal
3,B,aligned,708,19,0.2656020605709495,seed mean across valid load-memory diagonal
3,B,aligned,708,20,0.2704764211550355,seed mean across valid load-memory diagonal
3,B,aligned,708,21,0.26785703079822737,seed mean across valid load-memory diagonal
3,B,aligned,708,22,0.23655397817492485,seed mean across valid load-memory diagonal
3,B,aligned,708,23,0.24716089907530192,seed mean across valid load-memory diagonal
3,B,aligned,708,24,0.17969691877563795,seed mean across valid load-memory diagonal
3,B,aligned,708,25,0.18207701061453138,seed mean across valid load-memory diagonal
3,B,aligned,708,26,0.18230933170108235,seed mean across valid load-memory diagonal
3,B,aligned,708,27,0.13094152476299892,seed mean across valid load-memory diagonal
3,B,aligned,708,28,0.1646965565159917,seed mean across valid load-memory diagonal
3,B,aligned,708,29,0.19396700013068416,seed mean across valid load-memory diagonal
3,B,aligned,708,30,0.16445789970457553,seed mean across valid load-memory diagonal
3,B,aligned,708,31,0.1456212063544783,seed mean across valid load-memory diagonal
3,B,aligned,708,32,0.17031355308634893,seed mean across valid load-memory diagonal
3,B,aligned,708,33,0.17789352078128745,seed mean across valid load-memory diagonal
3,B,aligned,708,34,0.1541036688364469,seed mean across valid load-memory diagonal
3,B,aligned,708,35,0.21956819497048854,seed mean across valid load-memory diagonal
3,B,aligned,708,36,0.18993683609490594,seed mean across valid load-memory diagonal
3,B,aligned,708,37,0.2104983224493006,seed mean across valid load-memory diagonal
3,B,aligned,708,38,0.17117632671513341,seed mean across valid load-memory diagonal
3,B,aligned,708,39,0.12172669810908181,seed mean across valid load-memory diagonal
3,B,aligned,708,40,0.10222667530179023,seed mean across valid load-memory diagonal
3,B,aligned,708,41,0.12784946592230545,seed mean across valid load-memory diagonal
3,B,aligned,708,42,0.09242984693911341,seed mean across valid load-memory diagonal
3,B,aligned,708,43,0.1524064939688234,seed mean across valid load-memory diagonal
3,B,aligned,708,44,0.15069073112681508,seed mean across valid load-memory diagonal
3,B,aligned,708,45,0.10104320819179217,seed mean across valid load-memory diagonal
3,B,aligned,708,46,0.1778054769550051,seed mean across valid load-memory diagonal
3,B,aligned,708,47,0.047753680210847124,seed mean across valid load-memory diagonal
3,B,aligned,708,48,0.07589408569037914,seed mean across valid load-memory diagonal
3,B,aligned,708,49,0.1257503337480805,seed mean across valid load-memory diagonal
3,B,aligned,708,50,0.08508969768881798,seed mean across valid load-memory diagonal
3,B,aligned,708,51,0.08757906158765157,seed mean across valid load-memory diagonal
3,B,aligned,708,52,0.1721420008689165,seed mean across valid load-memory diagonal
3,B,aligned,708,53,0.1749606111219951,seed mean across valid load-memory diagonal
3,B,aligned,708,54,0.11342275391022365,seed mean across valid load-memory diagonal
3,B,aligned,708,55,0.15530976206064223,seed mean across valid load-memory diagonal
3,B,aligned,708,56,0.1701459288597107,seed mean across valid load-memory diagonal
3,B,aligned,708,57,0.1200854480266571,seed mean across valid load-memory diagonal
3,B,aligned,708,58,0.3244311511516571,seed mean across valid load-memory diagonal
3,B,aligned,708,59,0.33317458629608154,seed mean across valid load-memory diagonal
3,C,aligned,708,60,3.0,threshold=0.77777778
3,B,aligned,709,0,0.9564701428016027,seed mean across valid load-memory diagonal
3,B,aligned,709,1,0.9375873692965103,seed mean across valid load-memory diagonal
3,B,aligned,709,2,0.9350570111439146,seed mean across valid load-memory diagonal
3,B,aligned,709,3,0.9007452904132375,seed mean across valid load-memory diagonal
3,B,aligned,709,4,0.8689407578536442,seed mean across valid load-memory diagonal
3,B,aligned,709,5,0.855467689037323,seed mean across valid load-memory diagonal
3,B,aligned,709,6,0.8079086961569609,seed mean across valid load-memory diagonal
3,B,aligned,709,7,0.7645369796258099,seed mean across valid load-memory diagonal
3,B,aligned,709,8,0.6962367294786068,seed mean across valid load-memory diagonal
3,B,aligned,709,9,0.6100044545589709,seed mean across valid load-memory diagonal
3,B,aligned,709,10,0.5511167907714843,seed mean across valid load-memory diagonal
3,B,aligned,709,11,0.5523153164861153,seed mean across valid load-memory diagonal
3,B,aligned,709,12,0.4676550957374275,seed mean across valid load-memory diagonal
3,B,aligned,709,13,0.37650858610868454,seed mean across valid load-memory diagonal
3,B,aligned,709,14,0.41867458285844844,seed mean across valid load-memory diagonal
3,B,aligned,709,15,0.3752862403790156,seed mean across valid load-memory diagonal
3,B,aligned,709,16,0.3543388472700661,seed mean across valid load-memory diagonal
3,B,aligned,709,17,0.30356186177841454,seed mean across valid load-memory diagonal
3,B,aligned,709,18,0.31697058908286546,seed mean across valid load-memory diagonal
3,B,aligned,709,19,0.3175199074534381,seed mean across valid load-memory diagonal
3,B,aligned,709,20,0.2870733399875462,seed mean across valid load-memory diagonal
3,B,aligned,709,21,0.2554032559005114,seed mean across valid load-memory diagonal
3,B,aligned,709,22,0.20981442788922178,seed mean across valid load-memory diagonal
3,B,aligned,709,23,0.21119604878933043,seed mean across valid load-memory diagonal
3,B,aligned,709,24,0.18199584239886868,seed mean across valid load-memory diagonal
3,B,aligned,709,25,0.17733876811606544,seed mean across valid load-memory diagonal
3,B,aligned,709,26,0.16435414969044573,seed mean across valid load-memory diagonal
3,B,aligned,709,27,0.15444920460383096,seed mean across valid load-memory diagonal
3,B,aligned,709,28,0.14140101335942745,seed mean across valid load-memory diagonal
3,B,aligned,709,29,0.14819971207649477,seed mean across valid load-memory diagonal
3,B,aligned,709,30,0.19524148056904475,seed mean across valid load-memory diagonal
3,B,aligned,709,31,0.15982361960000005,seed mean across valid load-memory diagonal
3,B,aligned,709,32,0.14072837514270628,seed mean across valid load-memory diagonal
3,B,aligned,709,33,0.1308011343633687,seed mean across valid load-memory diagonal
3,B,aligned,709,34,0.1593329327610823,seed mean across valid load-memory diagonal
3,B,aligned,709,35,0.21217837125062944,seed mean across valid load-memory diagonal
3,B,aligned,709,36,0.15906799646715322,seed mean across valid load-memory diagonal
3,B,aligned,709,37,0.12392126120950865,seed mean across valid load-memory diagonal
3,B,aligned,709,38,0.18193751641295172,seed mean across valid load-memory diagonal
3,B,aligned,709,39,0.166344645122687,seed mean across valid load-memory diagonal
3,B,aligned,709,40,0.14618027471005918,seed mean across valid load-memory diagonal
3,B,aligned,709,41,0.20594407578832225,seed mean across valid load-memory diagonal
3,B,aligned,709,42,0.1761067948407597,seed mean across valid load-memory diagonal
3,B,aligned,709,43,0.1688704547636649,seed mean across valid load-memory diagonal
3,B,aligned,709,44,0.15078570786863565,seed mean across valid load-memory diagonal
3,B,aligned,709,45,0.12146961589654287,seed mean across valid load-memory diagonal
3,B,aligned,709,46,0.1339407116174698,seed mean across valid load-memory diagonal
3,B,aligned,709,47,0.1447818370965811,seed mean across valid load-memory diagonal
3,B,aligned,709,48,0.1703986649711927,seed mean across valid load-memory diagonal
3,B,aligned,709,49,0.15734329955144363,seed mean across valid load-memory diagonal
3,B,aligned,709,50,0.2505319729447365,seed mean across valid load-memory diagonal
3,B,aligned,709,51,0.2374243661761284,seed mean across valid load-memory diagonal
3,B,aligned,709,52,0.22351159155368805,seed mean across valid load-memory diagonal
3,B,aligned,709,53,0.11549173827682223,seed mean across valid load-memory diagonal
3,B,aligned,709,54,0.1537181648115317,seed mean across valid load-memory diagonal
3,B,aligned,709,55,0.33943514674901965,seed mean across valid load-memory diagonal
3,B,aligned,709,56,0.17648997344076633,seed mean across valid load-memory diagonal
3,B,aligned,709,57,0.2635050117969513,seed mean across valid load-memory diagonal
3,B,aligned,709,58,0.3337217718362808,seed mean across valid load-memory diagonal
3,B,aligned,709,59,0.11248991638422012,seed mean across valid load-memory diagonal
3,C,aligned,709,60,8.0,threshold=0.77777778
3,B,aligned,710,0,0.9473699271678925,seed mean across valid load-memory diagonal
3,B,aligned,710,1,0.9346481056536659,seed mean across valid load-memory diagonal
3,B,aligned,710,2,0.9165690921503922,seed mean across valid load-memory diagonal
3,B,aligned,710,3,0.87112246584474,seed mean across valid load-memory diagonal
3,B,aligned,710,4,0.8767573290637561,seed mean across valid load-memory diagonal
3,B,aligned,710,5,0.8286449080163782,seed mean across valid load-memory diagonal
3,B,aligned,710,6,0.8204379743999906,seed mean across valid load-memory diagonal
3,B,aligned,710,7,0.8055068642463324,seed mean across valid load-memory diagonal
3,B,aligned,710,8,0.765190387574526,seed mean across valid load-memory diagonal
3,B,aligned,710,9,0.6396715801720526,seed mean across valid load-memory diagonal
3,B,aligned,710,10,0.5756933441758156,seed mean across valid load-memory diagonal
3,B,aligned,710,11,0.5550981953131909,seed mean across valid load-memory diagonal
3,B,aligned,710,12,0.48239982143665355,seed mean across valid load-memory diagonal
3,B,aligned,710,13,0.4385340603742194,seed mean across valid load-memory diagonal
3,B,aligned,710,14,0.39277943328994774,seed mean across valid load-memory diagonal
3,B,aligned,710,15,0.4003791269328859,seed mean across valid load-memory diagonal
3,B,aligned,710,16,0.4100438855927099,seed mean across valid load-memory diagonal
3,B,aligned,710,17,0.35766953888327574,seed mean across valid load-memory diagonal
3,B,aligned,710,18,0.3450497647836095,seed mean across valid load-memory diagonal
3,B,aligned,710,19,0.3232352646385751,seed mean across valid load-memory diagonal
3,B,aligned,710,20,0.31306441891938447,seed mean across valid load-memory diagonal
3,B,aligned,710,21,0.2791152438865258,seed mean across valid load-memory diagonal
3,B,aligned,710,22,0.2574504037436686,seed mean across valid load-memory diagonal
3,B,aligned,710,23,0.26695920446434535,seed mean across valid load-memory diagonal
3,B,aligned,710,24,0.2297766637057066,seed mean across valid load-memory diagonal
3,B,aligned,710,25,0.21006211031760488,seed mean across valid load-memory diagonal
3,B,aligned,710,26,0.2149091772735119,seed mean across valid load-memory diagonal
3,B,aligned,710,27,0.22725677264459204,seed mean across valid load-memory diagonal
3,B,aligned,710,28,0.23880251427181065,seed mean across valid load-memory diagonal
3,B,aligned,710,29,0.22463637133759837,seed mean across valid load-memory diagonal
3,B,aligned,710,30,0.18489893103639285,seed mean across valid load-memory diagonal
3,B,aligned,710,31,0.16028932764612394,seed mean across valid load-memory diagonal
3,B,aligned,710,32,0.1680285915998476,seed mean across valid load-memory diagonal
3,B,aligned,710,33,0.17075446896530963,seed mean across valid load-memory diagonal
3,B,aligned,710,34,0.17848310648248747,seed mean across valid load-memory diagonal
3,B,aligned,710,35,0.09141558289527893,seed mean across valid load-memory diagonal
3,B,aligned,710,36,0.17254710601021847,seed mean across valid load-memory diagonal
3,B,aligned,710,37,0.12722696331532105,seed mean across valid load-memory diagonal
3,B,aligned,710,38,0.14188506589694458,seed mean across valid load-memory diagonal
3,B,aligned,710,39,0.13505736188519568,seed mean across valid load-memory diagonal
3,B,aligned,710,40,0.11615151185542345,seed mean across valid load-memory diagonal
3,B,aligned,710,41,0.11198842290200685,seed mean across valid load-memory diagonal
3,B,aligned,710,42,0.1537741832435131,seed mean across valid load-memory diagonal
3,B,aligned,710,43,0.10205238728838809,seed mean across valid load-memory diagonal
3,B,aligned,710,44,0.11188936023972929,seed mean across valid load-memory diagonal
3,B,aligned,710,45,0.07421653792262077,seed mean across valid load-memory diagonal
3,B,aligned,710,46,0.08286007387297493,seed mean across valid load-memory diagonal
3,B,aligned,710,47,0.06264316806426415,seed mean across valid load-memory diagonal
3,B,aligned,710,48,0.041672455767790474,seed mean across valid load-memory diagonal
3,B,aligned,710,49,0.06558803460476073,seed mean across valid load-memory diagonal
3,B,aligned,710,50,0.07061227262020112,seed mean across valid load-memory diagonal
3,B,aligned,710,51,0.06367832753393385,seed mean across valid load-memory diagonal
3,B,aligned,710,52,0.057705325074493885,seed mean across valid load-memory diagonal
3,B,aligned,710,53,0.1760190725326538,seed mean across valid load-memory diagonal
3,B,aligned,710,54,0.15309139341115952,seed mean across valid load-memory diagonal
3,B,aligned,710,55,0.091254473477602,seed mean across valid load-memory diagonal
3,B,aligned,710,56,0.00735936313867569,seed mean across valid load-memory diagonal
3,B,aligned,710,57,0.03735138972600301,seed mean across valid load-memory diagonal
3,B,aligned,710,58,0.11804136261343956,seed mean across valid load-memory diagonal
3,B,aligned,710,59,0.33334431052207947,seed mean across valid load-memory diagonal
3,C,aligned,710,60,7.0,threshold=0.77777778
3,B,aligned,711,0,0.9308242191871007,seed mean across valid load-memory diagonal
3,B,aligned,711,1,0.9280060418581558,seed mean across valid load-memory diagonal
3,B,aligned,711,2,0.9211164856779164,seed mean across valid load-memory diagonal
3,B,aligned,711,3,0.8864461790051377,seed mean across valid load-memory diagonal
3,B,aligned,711,4,0.8446519023605755,seed mean across valid load-memory diagonal
3,B,aligned,711,5,0.8036971260200847,seed mean across valid load-memory diagonal
3,B,aligned,711,6,0.7301916264825397,seed mean across valid load-memory diagonal
3,B,aligned,711,7,0.700834480096709,seed mean across valid load-memory diagonal
3,B,aligned,711,8,0.6484190890422235,seed mean across valid load-memory diagonal
3,B,aligned,711,9,0.6156096288970873,seed mean across valid load-memory diagonal
3,B,aligned,711,10,0.5697037714719773,seed mean across valid load-memory diagonal
3,B,aligned,711,11,0.5213040878274002,seed mean across valid load-memory diagonal
3,B,aligned,711,12,0.4502146888213853,seed mean across valid load-memory diagonal
3,B,aligned,711,13,0.42743393065447505,seed mean across valid load-memory diagonal
3,B,aligned,711,14,0.41957756812157837,seed mean across valid load-memory diagonal
3,B,aligned,711,15,0.39721390704313914,seed mean across valid load-memory diagonal
3,B,aligned,711,16,0.3324580797078935,seed mean across valid load-memory diagonal
3,B,aligned,711,17,0.31089274117419885,seed mean across valid load-memory diagonal
3,B,aligned,711,18,0.31712817099122775,seed mean across valid load-memory diagonal
3,B,aligned,711,19,0.2519808955854032,seed mean across valid load-memory diagonal
3,B,aligned,711,20,0.2508448576554656,seed mean across valid load-memory diagonal
3,B,aligned,711,21,0.262147487165072,seed mean across valid load-memory diagonal
3,B,aligned,711,22,0.2456918088229079,seed mean across valid load-memory diagonal
3,B,aligned,711,23,0.22038956696318612,seed mean across valid load-memory diagonal
3,B,aligned,711,24,0.23785044170088238,seed mean across valid load-memory diagonal
3,B,aligned,711,25,0.20670549401215144,seed mean across valid load-memory diagonal
3,B,aligned,711,26,0.20537219065077164,seed mean across valid load-memory diagonal
3,B,aligned,711,27,0.2089808445536729,seed mean across valid load-memory diagonal
3,B,aligned,711,28,0.23952146363444626,seed mean across valid load-memory diagonal
3,B,aligned,711,29,0.2549264446621941,seed mean across valid load-memory diagonal
3,B,aligned,711,30,0.20506211991111437,seed mean across valid load-memory diagonal
3,B,aligned,711,31,0.21678587486004008,seed mean across valid load-memory diagonal
3,B,aligned,711,32,0.21037252034459794,seed mean across valid load-memory diagonal
3,B,aligned,711,33,0.18451957597776694,seed mean across valid load-memory diagonal
3,B,aligned,711,34,0.18767222332266661,seed mean across valid load-memory diagonal
3,B,aligned,711,35,0.17517595022916793,seed mean across valid load-memory diagonal
3,B,aligned,711,36,0.22990676698585352,seed mean across valid load-memory diagonal
3,B,aligned,711,37,0.08417569748733354,seed mean across valid load-memory diagonal
3,B,aligned,711,38,0.11767802116545764,seed mean across valid load-memory diagonal
3,B,aligned,711,39,0.09237355774357206,seed mean across valid load-memory diagonal
3,B,aligned,711,40,0.14934066757559777,seed mean across valid load-memory diagonal
3,B,aligned,711,41,0.14093656798726634,seed mean across valid load-memory diagonal
3,B,aligned,711,42,0.11235857258240382,seed mean across valid load-memory diagonal
3,B,aligned,711,43,0.17268531429855263,seed mean across valid load-memory diagonal
3,B,aligned,711,44,0.17297092464286834,seed mean across valid load-memory diagonal
3,B,aligned,711,45,0.19757814208666483,seed mean across valid load-memory diagonal
3,B,aligned,711,46,0.16669190675020218,seed mean across valid load-memory diagonal
3,B,aligned,711,47,0.15207097113419038,seed mean across valid load-memory diagonal
3,B,aligned,711,48,0.12769857856134573,seed mean across valid load-memory diagonal
3,B,aligned,711,49,0.1303763487799601,seed mean across valid load-memory diagonal
3,B,aligned,711,50,0.1550236306153238,seed mean across valid load-memory diagonal
3,B,aligned,711,51,0.16138828959729937,seed mean across valid load-memory diagonal
3,B,aligned,711,52,0.11811804678291082,seed mean across valid load-memory diagonal
3,B,aligned,711,53,0.1532171687909535,seed mean across valid load-memory diagonal
3,B,aligned,711,54,0.11748048414786656,seed mean across valid load-memory diagonal
3,B,aligned,711,55,0.1676626592874527,seed mean across valid load-memory diagonal
3,B,aligned,711,56,0.011981174349784851,seed mean across valid load-memory diagonal
3,B,aligned,711,57,0.05263517051935196,seed mean across valid load-memory diagonal
3,B,aligned,711,58,0.11110689863562584,seed mean across valid load-memory diagonal
3,B,aligned,711,59,0.11111223697662354,seed mean across valid load-memory diagonal
3,C,aligned,711,60,4.0,threshold=0.77777778
3,B,aligned,712,0,0.9519494146108627,seed mean across valid load-memory diagonal
3,B,aligned,712,1,0.9043537792512926,seed mean across valid load-memory diagonal
3,B,aligned,712,2,0.9212572040229008,seed mean across valid load-memory diagonal
3,B,aligned,712,3,0.8842564831700241,seed mean across valid load-memory diagonal
3,B,aligned,712,4,0.8339225745626858,seed mean across valid load-memory diagonal
3,B,aligned,712,5,0.8421277772296559,seed mean across valid load-memory diagonal
3,B,aligned,712,6,0.8126449320051405,seed mean across valid load-memory diagonal
3,B,aligned,712,7,0.7636998374507112,seed mean across valid load-memory diagonal
3,B,aligned,712,8,0.7169997451397089,seed mean across valid load-memory diagonal
3,B,aligned,712,9,0.6799982979017145,seed mean across valid load-memory diagonal
3,B,aligned,712,10,0.5878665721416474,seed mean across valid load-memory diagonal
3,B,aligned,712,11,0.552208524425419,seed mean across valid load-memory diagonal
3,B,aligned,712,12,0.4860214722963671,seed mean across valid load-memory diagonal
3,B,aligned,712,13,0.49385642434688326,seed mean across valid load-memory diagonal
3,B,aligned,712,14,0.44564497584234114,seed mean across valid load-memory diagonal
3,B,aligned,712,15,0.3922440278861258,seed mean across valid load-memory diagonal
3,B,aligned,712,16,0.3354861544953151,seed mean across valid load-memory diagonal
3,B,aligned,712,17,0.2823627485438835,seed mean across valid load-memory diagonal
3,B,aligned,712,18,0.3126608600307788,seed mean across valid load-memory diagonal
3,B,aligned,712,19,0.29577450090792123,seed mean across valid load-memory diagonal
3,B,aligned,712,20,0.2628961502574384,seed mean across valid load-memory diagonal
3,B,aligned,712,21,0.2210455869252865,seed mean across valid load-memory diagonal
3,B,aligned,712,22,0.17810252053957237,seed mean across valid load-memory diagonal
3,B,aligned,712,23,0.1956574628884728,seed mean across valid load-memory diagonal
3,B,aligned,712,24,0.1753594328959783,seed mean across valid load-memory diagonal
3,B,aligned,712,25,0.20878774012838092,seed mean across valid load-memory diagonal
3,B,aligned,712,26,0.14145310157362154,seed mean across valid load-memory diagonal
3,B,aligned,712,27,0.17749017764898864,seed mean across valid load-memory diagonal
3,B,aligned,712,28,0.20081651746295393,seed mean across valid load-memory diagonal
3,B,aligned,712,29,0.18151908872588987,seed mean across valid load-memory diagonal
3,B,aligned,712,30,0.22403459871808687,seed mean across valid load-memory diagonal
3,B,aligned,712,31,0.16894163910684915,seed mean across valid load-memory diagonal
3,B,aligned,712,32,0.21652356694851602,seed mean across valid load-memory diagonal
3,B,aligned,712,33,0.1908375342135076,seed mean across valid load-memory diagonal
3,B,aligned,712,34,0.1994377735715646,seed mean across valid load-memory diagonal
3,B,aligned,712,35,0.16600100841373205,seed mean across valid load-memory diagonal
3,B,aligned,712,36,0.16991391281286874,seed mean across valid load-memory diagonal
3,B,aligned,712,37,0.15314365858617035,seed mean across valid load-memory diagonal
3,B,aligned,712,38,0.1837800113822926,seed mean across valid load-memory diagonal
3,B,aligned,712,39,0.14656676316545122,seed mean across valid load-memory diagonal
3,B,aligned,712,40,0.19289843435399234,seed mean across valid load-memory diagonal
3,B,aligned,712,41,0.24332086114506973,seed mean across valid load-memory diagonal
3,B,aligned,712,42,0.22070158686902788,seed mean across valid load-memory diagonal
3,B,aligned,712,43,0.16516806974130518,seed mean across valid load-memory diagonal
3,B,aligned,712,44,0.21118184691295028,seed mean across valid load-memory diagonal
3,B,aligned,712,45,0.23237724850575128,seed mean across valid load-memory diagonal
3,B,aligned,712,46,0.24751407546656473,seed mean across valid load-memory diagonal
3,B,aligned,712,47,0.20816806016060022,seed mean across valid load-memory diagonal
3,B,aligned,712,48,0.1923564299941063,seed mean across valid load-memory diagonal
3,B,aligned,712,49,0.14445775747299194,seed mean across valid load-memory diagonal
3,B,aligned,712,50,0.11151083558797836,seed mean across valid load-memory diagonal
3,B,aligned,712,51,0.20815795246097776,seed mean across valid load-memory diagonal
3,B,aligned,712,52,0.10820586699992418,seed mean across valid load-memory diagonal
3,B,aligned,712,53,0.18447179879461015,seed mean across valid load-memory diagonal
3,B,aligned,712,54,0.18275648479660353,seed mean across valid load-memory diagonal
3,B,aligned,712,55,0.11107166558504104,seed mean across valid load-memory diagonal
3,B,aligned,712,56,0.12682498060166836,seed mean across valid load-memory diagonal
3,B,aligned,712,57,0.03367268045743307,seed mean across valid load-memory diagonal
3,B,aligned,712,58,0.10378379002213478,seed mean across valid load-memory diagonal
3,B,aligned,712,59,0.11088778078556061,seed mean across valid load-memory diagonal
3,C,aligned,712,60,4.0,threshold=0.77777778
3,B,aligned,713,0,0.9468602895736694,seed mean across valid load-memory diagonal
3,B,aligned,713,1,0.942524813999564,seed mean across valid load-memory diagonal
3,B,aligned,713,2,0.9122238950482731,seed mean across valid load-memory diagonal
3,B,aligned,713,3,0.9026431409936202,seed mean across valid load-memory diagonal
3,B,aligned,713,4,0.8640202422227178,seed mean across valid load-memory diagonal
3,B,aligned,713,5,0.813119733875448,seed mean across valid load-memory diagonal
3,B,aligned,713,6,0.7725021121678529,seed mean across valid load-memory diagonal
3,B,aligned,713,7,0.7570593171524551,seed mean across valid load-memory diagonal
3,B,aligned,713,8,0.6959109558508947,seed mean across valid load-memory diagonal
3,B,aligned,713,9,0.6733132115766114,seed mean across valid load-memory diagonal
3,B,aligned,713,10,0.5815217976272106,seed mean across valid load-memory diagonal
3,B,aligned,713,11,0.5643624009526506,seed mean across valid load-memory diagonal
3,B,aligned,713,12,0.4794582516575853,seed mean across valid load-memory diagonal
3,B,aligned,713,13,0.4633624208100299,seed mean across valid load-memory diagonal
3,B,aligned,713,14,0.4208242850929863,seed mean across valid load-memory diagonal
3,B,aligned,713,15,0.3856816614667575,seed mean across valid load-memory diagonal
3,B,aligned,713,16,0.34154935011809523,seed mean across valid load-memory diagonal
3,B,aligned,713,17,0.36278310608725217,seed mean across valid load-memory diagonal
3,B,aligned,713,18,0.30959085067955866,seed mean across valid load-memory diagonal
3,B,aligned,713,19,0.2987366105520689,seed mean across valid load-memory diagonal
3,B,aligned,713,20,0.25303174257278443,seed mean across valid load-memory diagonal
3,B,aligned,713,21,0.20515296620149642,seed mean across valid load-memory diagonal
3,B,aligned,713,22,0.25156753755321626,seed mean across valid load-memory diagonal
3,B,aligned,713,23,0.20073604493125066,seed mean across valid load-memory diagonal
3,B,aligned,713,24,0.24232765038808188,seed mean across valid load-memory diagonal
3,B,aligned,713,25,0.16918619881783212,seed mean across valid load-memory diagonal
3,B,aligned,713,26,0.21601084795068293,seed mean across valid load-memory diagonal
3,B,aligned,713,27,0.14069563466491122,seed mean across valid load-memory diagonal
3,B,aligned,713,28,0.10843351134099066,seed mean across valid load-memory diagonal
3,B,aligned,713,29,0.12765873487918608,seed mean across valid load-memory diagonal
3,B,aligned,713,30,0.15898600767056148,seed mean across valid load-memory diagonal
3,B,aligned,713,31,0.1560927271072207,seed mean across valid load-memory diagonal
3,B,aligned,713,32,0.12721079295235022,seed mean across valid load-memory diagonal
3,B,aligned,713,33,0.14531702327507515,seed mean across valid load-memory diagonal
3,B,aligned,713,34,0.1841935680176203,seed mean across valid load-memory diagonal
3,B,aligned,713,35,0.16169403702020646,seed mean across valid load-memory diagonal
3,B,aligned,713,36,0.16098557226359844,seed mean across valid load-memory diagonal
3,B,aligned,713,37,0.12566421051388202,seed mean across valid load-memory diagonal
3,B,aligned,713,38,0.17417827098291705,seed mean across valid load-memory diagonal
3,B,aligned,713,39,0.1673521740095956,seed mean across valid load-memory diagonal
3,B,aligned,713,40,0.15449963845312595,seed mean across valid load-memory diagonal
3,B,aligned,713,41,0.22906283798970675,seed mean across valid load-memory diagonal
3,B,aligned,713,42,0.2260532747540209,seed mean across valid load-memory diagonal
3,B,aligned,713,43,0.18376284793895833,seed mean across valid load-memory diagonal
3,B,aligned,713,44,0.18572846055030823,seed mean across valid load-memory diagonal
3,B,aligned,713,45,0.13384046809126934,seed mean across valid load-memory diagonal
3,B,aligned,713,46,0.15087751086269105,seed mean across valid load-memory diagonal
3,B,aligned,713,47,0.16506014592372453,seed mean across valid load-memory diagonal
3,B,aligned,713,48,0.20592294757564863,seed mean across valid load-memory diagonal
3,B,aligned,713,49,0.1631923500787128,seed mean across valid load-memory diagonal
3,B,aligned,713,50,0.2466485470533371,seed mean across valid load-memory diagonal
3,B,aligned,713,51,0.16648064222600725,seed mean across valid load-memory diagonal
3,B,aligned,713,52,0.2293234751559794,seed mean across valid load-memory diagonal
3,B,aligned,713,53,0.18715134475912368,seed mean across valid load-memory diagonal
3,B,aligned,713,54,0.09266933302084605,seed mean across valid load-memory diagonal
3,B,aligned,713,55,0.1519933260977268,seed mean across valid load-memory diagonal
3,B,aligned,713,56,0.2839399613440037,seed mean across valid load-memory diagonal
3,B,aligned,713,57,0.26424745470285416,seed mean across valid load-memory diagonal
3,B,aligned,713,58,5.535781383514404e-05,seed mean across valid load-memory diagonal
3,B,aligned,713,59,-0.1111111119389534,seed mean across valid load-memory diagonal
3,C,aligned,713,60,11.0,threshold=0.77777778
3,B,aligned,714,0,0.9213286936283112,seed mean across valid load-memory diagonal
3,B,aligned,714,1,0.920143807338456,seed mean across valid load-memory diagonal
3,B,aligned,714,2,0.8842980388937325,seed mean across valid load-memory diagonal
3,B,aligned,714,3,0.8745588398816293,seed mean across valid load-memory diagonal
3,B,aligned,714,4,0.8447602753128324,seed mean across valid load-memory diagonal
3,B,aligned,714,5,0.7954684468832883,seed mean across valid load-memory diagonal
3,B,aligned,714,6,0.7861057541988514,seed mean across valid load-memory diagonal
3,B,aligned,714,7,0.7604598447961627,seed mean across valid load-memory diagonal
3,B,aligned,714,8,0.7345929357867974,seed mean across valid load-memory diagonal
3,B,aligned,714,9,0.6898246343229332,seed mean across valid load-memory diagonal
3,B,aligned,714,10,0.6036670005321503,seed mean across valid load-memory diagonal
3,B,aligned,714,11,0.4843184050856804,seed mean across valid load-memory diagonal
3,B,aligned,714,12,0.457748028760155,seed mean across valid load-memory diagonal
3,B,aligned,714,13,0.461805910347624,seed mean across valid load-memory diagonal
3,B,aligned,714,14,0.4271421725659267,seed mean across valid load-memory diagonal
3,B,aligned,714,15,0.386216873758369,seed mean across valid load-memory diagonal
3,B,aligned,714,16,0.3402940415861932,seed mean across valid load-memory diagonal
3,B,aligned,714,17,0.2779968020527862,seed mean across valid load-memory diagonal
3,B,aligned,714,18,0.3001953888507116,seed mean across valid load-memory diagonal
3,B,aligned,714,19,0.3098248830292283,seed mean across valid load-memory diagonal
3,B,aligned,714,20,0.2662773376330733,seed mean across valid load-memory diagonal
3,B,aligned,714,21,0.28705686397659474,seed mean across valid load-memory diagonal
3,B,aligned,714,22,0.23936323811741253,seed mean across valid load-memory diagonal
3,B,aligned,714,23,0.27171163510128454,seed mean across valid load-memory diagonal
3,B,aligned,714,24,0.2327087543025199,seed mean across valid load-memory diagonal
3,B,aligned,714,25,0.2807043769529888,seed mean across valid load-memory diagonal
3,B,aligned,714,26,0.23711742701775887,seed mean across valid load-memory diagonal
3,B,aligned,714,27,0.2393068147428108,seed mean across valid load-memory diagonal
3,B,aligned,714,28,0.22726050135679543,seed mean across valid load-memory diagonal
3,B,aligned,714,29,0.19367827931719442,seed mean across valid load-memory diagonal
3,B,aligned,714,30,0.19167345215876896,seed mean across valid load-memory diagonal
3,B,aligned,714,31,0.1573686502103148,seed mean across valid load-memory diagonal
3,B,aligned,714,32,0.15198868380061217,seed mean across valid load-memory diagonal
3,B,aligned,714,33,0.1866086326815464,seed mean across valid load-memory diagonal
3,B,aligned,714,34,0.16705517528148797,seed mean across valid load-memory diagonal
3,B,aligned,714,35,0.1387233790755272,seed mean across valid load-memory diagonal
3,B,aligned,714,36,0.09957048436626792,seed mean across valid load-memory diagonal
3,B,aligned,714,37,0.14242111124179285,seed mean across valid load-memory diagonal
3,B,aligned,714,38,0.1617546437138861,seed mean across valid load-memory diagonal
3,B,aligned,714,39,0.14781468432574046,seed mean across valid load-memory diagonal
3,B,aligned,714,40,0.1649408981204033,seed mean across valid load-memory diagonal
3,B,aligned,714,41,0.16759750726142605,seed mean across valid load-memory diagonal
3,B,aligned,714,42,0.1904818887511889,seed mean across valid load-memory diagonal
3,B,aligned,714,43,0.1524365360245985,seed mean across valid load-memory diagonal
3,B,aligned,714,44,0.2058508291374892,seed mean across valid load-memory diagonal
3,B,aligned,714,45,0.16161649574836096,seed mean across valid load-memory diagonal
3,B,aligned,714,46,0.10606061600680862,seed mean across valid load-memory diagonal
3,B,aligned,714,47,0.15242327520480523,seed mean across valid load-memory diagonal
3,B,aligned,714,48,0.16737229749560356,seed mean across valid load-memory diagonal
3,B,aligned,714,49,0.17745656655593353,seed mean across valid load-memory diagonal
3,B,aligned,714,50,0.18351515904068946,seed mean across valid load-memory diagonal
3,B,aligned,714,51,0.34046592977311874,seed mean across valid load-memory diagonal
3,B,aligned,714,52,0.18774354527704418,seed mean across valid load-memory diagonal
3,B,aligned,714,53,0.21529068691389902,seed mean across valid load-memory diagonal
3,B,aligned,714,54,0.18161749467253685,seed mean across valid load-memory diagonal
3,B,aligned,714,55,0.1578846201300621,seed mean across valid load-memory diagonal
3,B,aligned,714,56,0.1547197550535202,seed mean across valid load-memory diagonal
3,B,aligned,714,57,0.11314089099566142,seed mean across valid load-memory diagonal
3,B,aligned,714,58,0.16401773691177368,seed mean across valid load-memory diagonal
3,B,aligned,714,59,0.11186973005533218,seed mean across valid load-memory diagonal
3,C,aligned,714,60,8.0,threshold=0.77777778
3,B,aligned,715,0,0.943438121676445,seed mean across valid load-memory diagonal
3,B,aligned,715,1,0.931280586679103,seed mean across valid load-memory diagonal
3,B,aligned,715,2,0.9207479861275903,seed mean across valid load-memory diagonal
3,B,aligned,715,3,0.8994654563435337,seed mean across valid load-memory diagonal
3,B,aligned,715,4,0.8405817363943372,seed mean across valid load-memory diagonal
3,B,aligned,715,5,0.8327305674552917,seed mean across valid load-memory diagonal
3,B,aligned,715,6,0.7457327839952929,seed mean across valid load-memory diagonal
3,B,aligned,715,7,0.7197306738147196,seed mean across valid load-memory diagonal
3,B,aligned,715,8,0.6819995102974085,seed mean across valid load-memory diagonal
3,B,aligned,715,9,0.6210944151469305,seed mean across valid load-memory diagonal
3,B,aligned,715,10,0.5273074035346508,seed mean across valid load-memory diagonal
3,B,aligned,715,11,0.5050556150322058,seed mean across valid load-memory diagonal
3,B,aligned,715,12,0.4517336130763094,seed mean across valid load-memory diagonal
3,B,aligned,715,13,0.40076278482979916,seed mean across valid load-memory diagonal
3,B,aligned,715,14,0.4179074681647446,seed mean across valid load-memory diagonal
3,B,aligned,715,15,0.3656615273820029,seed mean across valid load-memory diagonal
3,B,aligned,715,16,0.3114797717637636,seed mean across valid load-memory diagonal
3,B,aligned,715,17,0.356010262356248,seed mean across valid load-memory diagonal
3,B,aligned,715,18,0.3149083735687392,seed mean across valid load-memory diagonal
3,B,aligned,715,19,0.32527531419948835,seed mean across valid load-memory diagonal
3,B,aligned,715,20,0.27160194125026466,seed mean across valid load-memory diagonal
3,B,aligned,715,21,0.24781975293388733,seed mean across valid load-memory diagonal
3,B,aligned,715,22,0.21084255957975984,seed mean across valid load-memory diagonal
3,B,aligned,715,23,0.2539124295518205,seed mean across valid load-memory diagonal
3,B,aligned,715,24,0.20086493191774935,seed mean across valid load-memory diagonal
3,B,aligned,715,25,0.24494704199688774,seed mean across valid load-memory diagonal
3,B,aligned,715,26,0.21155748297186458,seed mean across valid load-memory diagonal
3,B,aligned,715,27,0.16562186113812707,seed mean across valid load-memory diagonal
3,B,aligned,715,28,0.17106484551914036,seed mean across valid load-memory diagonal
3,B,aligned,715,29,0.1893911431994169,seed mean across valid load-memory diagonal
3,B,aligned,715,30,0.15948426276445388,seed mean across valid load-memory diagonal
3,B,aligned,715,31,0.16256116099398712,seed mean across valid load-memory diagonal
3,B,aligned,715,32,0.1517506350896188,seed mean across valid load-memory diagonal
3,B,aligned,715,33,0.14355764786402384,seed mean across valid load-memory diagonal
3,B,aligned,715,34,0.17036248371005058,seed mean across valid load-memory diagonal
3,B,aligned,715,35,0.17156753093004226,seed mean across valid load-memory diagonal
3,B,aligned,715,36,0.13329077224868038,seed mean across valid load-memory diagonal
3,B,aligned,715,37,0.19032664370277655,seed mean across valid load-memory diagonal
3,B,aligned,715,38,0.23627279292453418,seed mean across valid load-memory diagonal
3,B,aligned,715,39,0.20640509646563304,seed mean across valid load-memory diagonal
3,B,aligned,715,40,0.21337634976953268,seed mean across valid load-memory diagonal
3,B,aligned,715,41,0.17119314168628894,seed mean across valid load-memory diagonal
3,B,aligned,715,42,0.22086595800808734,seed mean across valid load-memory diagonal
3,B,aligned,715,43,0.16490175240837476,seed mean across valid load-memory diagonal
3,B,aligned,715,44,0.08424511598423123,seed mean across valid load-memory diagonal
3,B,aligned,715,45,0.16215887914101282,seed mean across valid load-memory diagonal
3,B,aligned,715,46,0.14015100989490747,seed mean across valid load-memory diagonal
3,B,aligned,715,47,0.17695000466818994,seed mean across valid load-memory diagonal
3,B,aligned,715,48,0.02786425283799569,seed mean across valid load-memory diagonal
3,B,aligned,715,49,0.11694257503206079,seed mean across valid load-memory diagonal
3,B,aligned,715,50,0.10919730290770531,seed mean across valid load-memory diagonal
3,B,aligned,715,51,0.19116582141982186,seed mean across valid load-memory diagonal
3,B,aligned,715,52,0.12248260248452425,seed mean across valid load-memory diagonal
3,B,aligned,715,53,0.1738039872476033,seed mean across valid load-memory diagonal
3,B,aligned,715,54,0.08770302062233289,seed mean across valid load-memory diagonal
3,B,aligned,715,55,0.15657199621200563,seed mean across valid load-memory diagonal
3,B,aligned,715,56,0.23181120306253433,seed mean across valid load-memory diagonal
3,B,aligned,715,57,-0.030313352743784588,seed mean across valid load-memory diagonal
3,B,aligned,715,58,0.019986677914857864,seed mean across valid load-memory diagonal
3,B,aligned,715,59,-0.02262818068265915,seed mean across valid load-memory diagonal
3,C,aligned,715,60,4.0,threshold=0.77777778
3,B,aligned,716,0,0.9360365360975266,seed mean across valid load-memory diagonal
3,B,aligned,716,1,0.9320137086561171,seed mean across valid load-memory diagonal
3,B,aligned,716,2,0.9097588483629555,seed mean across valid load-memory diagonal
3,B,aligned,716,3,0.8603135138227228,seed mean across valid load-memory diagonal
3,B,aligned,716,4,0.8244529888033867,seed mean across valid load-memory diagonal
3,B,aligned,716,5,0.7959130070426247,seed mean across valid load-memory diagonal
3,B,aligned,716,6,0.7471044561653225,seed mean across valid load-memory diagonal
3,B,aligned,716,7,0.6952041944242874,seed mean across valid load-memory diagonal
3,B,aligned,716,8,0.6130645692061919,seed mean across valid load-memory diagonal
3,B,aligned,716,9,0.5749182872035924,seed mean across valid load-memory diagonal
3,B,aligned,716,10,0.5178631597757339,seed mean across valid load-memory diagonal
3,B,aligned,716,11,0.48694918411118643,seed mean across valid load-memory diagonal
3,B,aligned,716,12,0.48031989640245837,seed mean across valid load-memory diagonal
3,B,aligned,716,13,0.415151410121867,seed mean across valid load-memory diagonal
3,B,aligned,716,14,0.4069233820166277,seed mean across valid load-memory diagonal
3,B,aligned,716,15,0.3454888684882058,seed mean across valid load-memory diagonal
3,B,aligned,716,16,0.3030313793569803,seed mean across valid load-memory diagonal
3,B,aligned,716,17,0.31122233839922175,seed mean across valid load-memory diagonal
3,B,aligned,716,18,0.2751852981746197,seed mean across valid load-memory diagonal
3,B,aligned,716,19,0.2305262126937145,seed mean across valid load-memory diagonal
3,B,aligned,716,20,0.22302241128636524,seed mean across valid load-memory diagonal
3,B,aligned,716,21,0.2476653789098446,seed mean across valid load-memory diagonal
3,B,aligned,716,22,0.2345391683476536,seed mean across valid load-memory diagonal
3,B,aligned,716,23,0.21103439691501694,seed mean across valid load-memory diagonal
3,B,aligned,716,24,0.22364938341908985,seed mean across valid load-memory diagonal
3,B,aligned,716,25,0.1828340313264302,seed mean across valid load-memory diagonal
3,B,aligned,716,26,0.22600482524756124,seed mean across valid load-memory diagonal
3,B,aligned,716,27,0.1702245683832602,seed mean across valid load-memory diagonal
3,B,aligned,716,28,0.17909115459769964,seed mean across valid load-memory diagonal
3,B,aligned,716,29,0.179854559081216,seed mean across valid load-memory diagonal
3,B,aligned,716,30,0.2066996807853381,seed mean across valid load-memory diagonal
3,B,aligned,716,31,0.16730848853958064,seed mean across valid load-memory diagonal
3,B,aligned,716,32,0.14036499203315803,seed mean across valid load-memory diagonal
3,B,aligned,716,33,0.17566322700844872,seed mean across valid load-memory diagonal
3,B,aligned,716,34,0.13988723290654329,seed mean across valid load-memory diagonal
3,B,aligned,716,35,0.15316717848181724,seed mean across valid load-memory diagonal
3,B,aligned,716,36,0.11684735988577206,seed mean across valid load-memory diagonal
3,B,aligned,716,37,0.08247860164745995,seed mean across valid load-memory diagonal
3,B,aligned,716,38,0.14186306348578495,seed mean across valid load-memory diagonal
3,B,aligned,716,39,0.1288654144321169,seed mean across valid load-memory diagonal
3,B,aligned,716,40,0.14789658673107625,seed mean across valid load-memory diagonal
3,B,aligned,716,41,0.14274188180110955,seed mean across valid load-memory diagonal
3,B,aligned,716,42,0.1531414832505915,seed mean across valid load-memory diagonal
3,B,aligned,716,43,0.16492396987536373,seed mean across valid load-memory diagonal
3,B,aligned,716,44,0.18822903838008642,seed mean across valid load-memory diagonal
3,B,aligned,716,45,0.1889295811454455,seed mean across valid load-memory diagonal
3,B,aligned,716,46,0.22981853783130646,seed mean across valid load-memory diagonal
3,B,aligned,716,47,0.21384957776619837,seed mean across valid load-memory diagonal
3,B,aligned,716,48,0.20632478718956312,seed mean across valid load-memory diagonal
3,B,aligned,716,49,0.1543599319728938,seed mean across valid load-memory diagonal
3,B,aligned,716,50,0.14200408719480037,seed mean across valid load-memory diagonal
3,B,aligned,716,51,0.11123375015126334,seed mean across valid load-memory diagonal
3,B,aligned,716,52,0.08521900419145823,seed mean across valid load-memory diagonal
3,B,aligned,716,53,0.19608088263443538,seed mean across valid load-memory diagonal
3,B,aligned,716,54,0.21144269530971846,seed mean across valid load-memory diagonal
3,B,aligned,716,55,0.2881838157773018,seed mean across valid load-memory diagonal
3,B,aligned,716,56,0.1079220399260521,seed mean across valid load-memory diagonal
3,B,aligned,716,57,0.18646872291962305,seed mean across valid load-memory diagonal
3,B,aligned,716,58,0.2239217646420002,seed mean across valid load-memory diagonal
3,B,aligned,716,59,0.3333333432674408,seed mean across valid load-memory diagonal
3,C,aligned,716,60,4.0,threshold=0.77777778
3,B,aligned,717,0,0.9635952085256576,seed mean across valid load-memory diagonal
3,B,aligned,717,1,0.9362596121885008,seed mean across valid load-memory diagonal
3,B,aligned,717,2,0.9115650057792664,seed mean across valid load-memory diagonal
3,B,aligned,717,3,0.891846383872785,seed mean across valid load-memory diagonal
3,B,aligned,717,4,0.8467269555798599,seed mean across valid load-memory diagonal
3,B,aligned,717,5,0.8159155596386303,seed mean across valid load-memory diagonal
3,B,aligned,717,6,0.7795758096984139,seed mean across valid load-memory diagonal
3,B,aligned,717,7,0.7496320526554899,seed mean across valid load-memory diagonal
3,B,aligned,717,8,0.6650416929847919,seed mean across valid load-memory diagonal
3,B,aligned,717,9,0.6394217417520636,seed mean across valid load-memory diagonal
3,B,aligned,717,10,0.6051713173091412,seed mean across valid load-memory diagonal
3,B,aligned,717,11,0.5272923604566224,seed mean across valid load-memory diagonal
3,B,aligned,717,12,0.5238453106333812,seed mean across valid load-memory diagonal
3,B,aligned,717,13,0.4706787661986148,seed mean across valid load-memory diagonal
3,B,aligned,717,14,0.4103329858702162,seed mean across valid load-memory diagonal
3,B,aligned,717,15,0.34406356977091895,seed mean across valid load-memory diagonal
3,B,aligned,717,16,0.32585488530722534,seed mean across valid load-memory diagonal
3,B,aligned,717,17,0.31850301335717357,seed mean across valid load-memory diagonal
3,B,aligned,717,18,0.27426168526567163,seed mean across valid load-memory diagonal
3,B,aligned,717,19,0.29494716481464667,seed mean across valid load-memory diagonal
3,B,aligned,717,20,0.2675553811714053,seed mean across valid load-memory diagonal
3,B,aligned,717,21,0.2343917575497658,seed mean across valid load-memory diagonal
3,B,aligned,717,22,0.24911414812269964,seed mean across valid load-memory diagonal
3,B,aligned,717,23,0.23010422027594335,seed mean across valid load-memory diagonal
3,B,aligned,717,24,0.22433995020886263,seed mean across valid load-memory diagonal
3,B,aligned,717,25,0.202900344984872,seed mean across valid load-memory diagonal
3,B,aligned,717,26,0.23762473726973815,seed mean across valid load-memory diagonal
3,B,aligned,717,27,0.17068021834799738,seed mean across valid load-memory diagonal
3,B,aligned,717,28,0.1725492279510945,seed mean across valid load-memory diagonal
3,B,aligned,717,29,0.1515926468756891,seed mean across valid load-memory diagonal
3,B,aligned,717,30,0.20790701856215796,seed mean across valid load-memory diagonal
3,B,aligned,717,31,0.19677164431275992,seed mean across valid load-memory diagonal
3,B,aligned,717,32,0.11920271600995745,seed mean across valid load-memory diagonal
3,B,aligned,717,33,0.15807022292304923,seed mean across valid load-memory diagonal
3,B,aligned,717,34,0.09309290850964877,seed mean across valid load-memory diagonal
3,B,aligned,717,35,0.05673947125673294,seed mean across valid load-memory diagonal
3,B,aligned,717,36,0.10805958602577448,seed mean across valid load-memory diagonal
3,B,aligned,717,37,0.0838881651668445,seed mean across valid load-memory diagonal
3,B,aligned,717,38,0.0515939879485152,seed mean across valid load-memory diagonal
3,B,aligned,717,39,0.12190588563680649,seed mean across valid load-memory diagonal
3,B,aligned,717,40,0.10166108682751655,seed mean across valid load-memory diagonal
3,B,aligned,717,41,0.14731424546947605,seed mean across valid load-memory diagonal
3,B,aligned,717,42,0.12019522736469905,seed mean across valid load-memory diagonal
3,B,aligned,717,43,0.18810874705805497,seed mean across valid load-memory diagonal
3,B,aligned,717,44,0.08482020581141114,seed mean across valid load-memory diagonal
3,B,aligned,717,45,0.13516398171583813,seed mean across valid load-memory diagonal
3,B,aligned,717,46,0.15347668016329408,seed mean across valid load-memory diagonal
3,B,aligned,717,47,0.21671711194973725,seed mean across valid load-memory diagonal
3,B,aligned,717,48,0.2045565110941728,seed mean across valid load-memory diagonal
3,B,aligned,717,49,0.21679551222107626,seed mean across valid load-memory diagonal
3,B,aligned,717,50,0.23938684314489364,seed mean across valid load-memory diagonal
3,B,aligned,717,51,0.26177889108657837,seed mean across valid load-memory diagonal
3,B,aligned,717,52,0.2021213434636593,seed mean across valid load-memory diagonal
3,B,aligned,717,53,0.20779041200876236,seed mean across valid load-memory diagonal
3,B,aligned,717,54,0.14797061681747437,seed mean across valid load-memory diagonal
3,B,aligned,717,55,0.23077601566910744,seed mean across valid load-memory diagonal
3,B,aligned,717,56,0.3336617201566696,seed mean across valid load-memory diagonal
3,B,aligned,717,57,0.33157575130462646,seed mean across valid load-memory diagonal
3,B,aligned,717,58,0.22247973829507828,seed mean across valid load-memory diagonal
3,B,aligned,717,59,0.35430964827537537,seed mean across valid load-memory diagonal
3,C,aligned,717,60,12.0,threshold=0.77777778
3,B,aligned,718,0,0.973070518175761,seed mean across valid load-memory diagonal
3,B,aligned,718,1,0.9530378448761115,seed mean across valid load-memory diagonal
3,B,aligned,718,2,0.9318914608708744,seed mean across valid load-memory diagonal
3,B,aligned,718,3,0.917821981404957,seed mean across valid load-memory diagonal
3,B,aligned,718,4,0.8658939099737576,seed mean across valid load-memory diagonal
3,B,aligned,718,5,0.8317504703998566,seed mean across valid load-memory diagonal
3,B,aligned,718,6,0.7861214128357393,seed mean across valid load-memory diagonal
3,B,aligned,718,7,0.7648457440565217,seed mean across valid load-memory diagonal
3,B,aligned,718,8,0.6927840480437646,seed mean across valid load-memory diagonal
3,B,aligned,718,9,0.6587873602139891,seed mean across valid load-memory diagonal
3,B,aligned,718,10,0.6251028762571513,seed mean across valid load-memory diagonal
3,B,aligned,718,11,0.5306502516780581,seed mean across valid load-memory diagonal
3,B,aligned,718,12,0.5324729378335178,seed mean across valid load-memory diagonal
3,B,aligned,718,13,0.4808485416021753,seed mean across valid load-memory diagonal
3,B,aligned,718,14,0.5084188517749958,seed mean across valid load-memory diagonal
3,B,aligned,718,15,0.4192387205031183,seed mean across valid load-memory diagonal
3,B,aligned,718,16,0.34495125067504967,seed mean across valid load-memory diagonal
3,B,aligned,718,17,0.301139350547347,seed mean across valid load-memory diagonal
3,B,aligned,718,18,0.3095747993516159,seed mean across valid load-memory diagonal
3,B,aligned,718,19,0.27467923756779694,seed mean across valid load-memory diagonal
3,B,aligned,718,20,0.2540485590696335,seed mean across valid load-memory diagonal
3,B,aligned,718,21,0.262788835244301,seed mean across valid load-memory diagonal
3,B,aligned,718,22,0.1982069564493079,seed mean across valid load-memory diagonal
3,B,aligned,718,23,0.2570002797890354,seed mean across valid load-memory diagonal
3,B,aligned,718,24,0.2019823808223009,seed mean across valid load-memory diagonal
3,B,aligned,718,25,0.2340896636247635,seed mean across valid load-memory diagonal
3,B,aligned,718,26,0.20964087852660349,seed mean across valid load-memory diagonal
3,B,aligned,718,27,0.2272185171869668,seed mean across valid load-memory diagonal
3,B,aligned,718,28,0.19110435410402715,seed mean across valid load-memory diagonal
3,B,aligned,718,29,0.18233567860818678,seed mean across valid load-memory diagonal
3,B,aligned,718,30,0.1726833495000998,seed mean across valid load-memory diagonal
3,B,aligned,718,31,0.19206419381602058,seed mean across valid load-memory diagonal
3,B,aligned,718,32,0.1741505374333688,seed mean across valid load-memory diagonal
3,B,aligned,718,33,0.2134318851210453,seed mean across valid load-memory diagonal
3,B,aligned,718,34,0.162902069134781,seed mean across valid load-memory diagonal
3,B,aligned,718,35,0.19564907431602477,seed mean across valid load-memory diagonal
3,B,aligned,718,36,0.21054721623659134,seed mean across valid load-memory diagonal
3,B,aligned,718,37,0.186900673677092,seed mean across valid load-memory diagonal
3,B,aligned,718,38,0.19452044774185528,seed mean across valid load-memory diagonal
3,B,aligned,718,39,0.18029313365973176,seed mean across valid load-memory diagonal
3,B,aligned,718,40,0.20839669432025404,seed mean across valid load-memory diagonal
3,B,aligned,718,41,0.20756147331313082,seed mean across valid load-memory diagonal
3,B,aligned,718,42,0.10547834676172999,seed mean across valid load-memory diagonal
3,B,aligned,718,43,0.18949082099339543,seed mean across valid load-memory diagonal
3,B,aligned,718,44,0.17504769540391862,seed mean across valid load-memory diagonal
3,B,aligned,718,45,0.0966960405309995,seed mean across valid load-memory diagonal
3,B,aligned,718,46,0.1441084947437048,seed mean across valid load-memory diagonal
3,B,aligned,718,47,0.18212749293217292,seed mean across valid load-memory diagonal
3,B,aligned,718,48,0.19301502779126167,seed mean across valid load-memory diagonal
3,B,aligned,718,49,0.16016115925528787,seed mean across valid load-memory diagonal
3,B,aligned,718,50,0.18231380581855774,seed mean across valid load-memory diagonal
3,B,aligned,718,51,0.16726478851503795,seed mean across valid load-memory diagonal
3,B,aligned,718,52,0.11596412397921085,seed mean across valid load-memory diagonal
3,B,aligned,718,53,0.14061260755573,seed mean across valid load-memory diagonal
3,B,aligned,718,54,0.18819082155823708,seed mean across valid load-memory diagonal
3,B,aligned,718,55,0.24227526038885117,seed mean across valid load-memory diagonal
3,B,aligned,718,56,0.11523840762674809,seed mean across valid load-memory diagonal
3,B,aligned,718,57,0.040028887490431465,seed mean across valid load-memory diagonal
3,B,aligned,718,58,0.13405683264136314,seed mean across valid load-memory diagonal
3,B,aligned,718,59,0.11416622996330261,seed mean across valid load-memory diagonal
3,C,aligned,718,60,8.0,threshold=0.77777778
3,B,aligned,719,0,0.9474127531051636,seed mean across valid load-memory diagonal
3,B,aligned,719,1,0.9372923040794114,seed mean across valid load-memory diagonal
3,B,aligned,719,2,0.9030838197675245,seed mean across valid load-memory diagonal
3,B,aligned,719,3,0.8987348863953039,seed mean across valid load-memory diagonal
3,B,aligned,719,4,0.8852951680975301,seed mean across valid load-memory diagonal
3,B,aligned,719,5,0.8385191191326488,seed mean across valid load-memory diagonal
3,B,aligned,719,6,0.8068866100576189,seed mean across valid load-memory diagonal
3,B,aligned,719,7,0.7847730993943395,seed mean across valid load-memory diagonal
3,B,aligned,719,8,0.7231479464815214,seed mean across valid load-memory diagonal
3,B,aligned,719,9,0.6570463870085922,seed mean across valid load-memory diagonal
3,B,aligned,719,10,0.6088316291570663,seed mean across valid load-memory diagonal
3,B,aligned,719,11,0.5597256709422384,seed mean across valid load-memory diagonal
3,B,aligned,719,12,0.5606148219667375,seed mean across valid load-memory diagonal
3,B,aligned,719,13,0.5012718718102638,seed mean across valid load-memory diagonal
3,B,aligned,719,14,0.45754493189894635,seed mean across valid load-memory diagonal
3,B,aligned,719,15,0.4149908988012208,seed mean across valid load-memory diagonal
3,B,aligned,719,16,0.3346411628140645,seed mean across valid load-memory diagonal
3,B,aligned,719,17,0.2890725106347439,seed mean across valid load-memory diagonal
3,B,aligned,719,18,0.3032778680679344,seed mean across valid load-memory diagonal
3,B,aligned,719,19,0.3015216309122923,seed mean across valid load-memory diagonal
3,B,aligned,719,20,0.2989570455625653,seed mean across valid load-memory diagonal
3,B,aligned,719,21,0.2968271938272012,seed mean across valid load-memory diagonal
3,B,aligned,719,22,0.24433968951435467,seed mean across valid load-memory diagonal
3,B,aligned,719,23,0.23032224722555839,seed mean across valid load-memory diagonal
3,B,aligned,719,24,0.25580754974443054,seed mean across valid load-memory diagonal
3,B,aligned,719,25,0.20178136048572404,seed mean across valid load-memory diagonal
3,B,aligned,719,26,0.23477119514170816,seed mean across valid load-memory diagonal
3,B,aligned,719,27,0.18908467279239136,seed mean across valid load-memory diagonal
3,B,aligned,719,28,0.1315889034885913,seed mean across valid load-memory diagonal
3,B,aligned,719,29,0.12707713117162067,seed mean across valid load-memory diagonal
3,B,aligned,719,30,0.1686324472228686,seed mean across valid load-memory diagonal
3,B,aligned,719,31,0.12153454590588808,seed mean across valid load-memory diagonal
3,B,aligned,719,32,0.08746233955025673,seed mean across valid load-memory diagonal
3,B,aligned,719,33,0.15342852224906287,seed mean across valid load-memory diagonal
3,B,aligned,719,34,0.14535003069501656,seed mean across valid load-memory diagonal
3,B,aligned,719,35,0.1378445330262184,seed mean across valid load-memory diagonal
3,B,aligned,719,36,0.11109423420081536,seed mean across valid load-memory diagonal
3,B,aligned,719,37,0.10330585066391074,seed mean across valid load-memory diagonal
3,B,aligned,719,38,0.1446291452104395,seed mean across valid load-memory diagonal
3,B,aligned,719,39,0.16376638660828272,seed mean across valid load-memory diagonal
3,B,aligned,719,40,0.09331904985010624,seed mean across valid load-memory diagonal
3,B,aligned,719,41,0.1474815348261281,seed mean across valid load-memory diagonal
3,B,aligned,719,42,0.19401011077894104,seed mean across valid load-memory diagonal
3,B,aligned,719,43,0.18791408113696995,seed mean across valid load-memory diagonal
3,B,aligned,719,44,0.1581237423233688,seed mean across valid load-memory diagonal
3,B,aligned,719,45,0.14315450092156728,seed mean across valid load-memory diagonal
3,B,aligned,719,46,0.17649034517151968,seed mean across valid load-memory diagonal
3,B,aligned,719,47,0.14327843172045854,seed mean across valid load-memory diagonal
3,B,aligned,719,48,0.12378184551683565,seed mean across valid load-memory diagonal
3,B,aligned,719,49,0.27847870981151407,seed mean across valid load-memory diagonal
3,B,aligned,719,50,0.21449871733784676,seed mean across valid load-memory diagonal
3,B,aligned,719,51,0.23838522533575693,seed mean across valid load-memory diagonal
3,B,aligned,719,52,0.17096473556011915,seed mean across valid load-memory diagonal
3,B,aligned,719,53,0.2105863360421998,seed mean across valid load-memory diagonal
3,B,aligned,719,54,0.226150660465161,seed mean across valid load-memory diagonal
3,B,aligned,719,55,0.2458857551217079,seed mean across valid load-memory diagonal
3,B,aligned,719,56,0.3389155939221382,seed mean across valid load-memory diagonal
3,B,aligned,719,57,0.2626060793797175,seed mean across valid load-memory diagonal
3,B,aligned,719,58,0.2274320237338543,seed mean across valid load-memory diagonal
3,B,aligned,719,59,0.5555554628372192,seed mean across valid load-memory diagonal
3,C,aligned,719,60,5.0,threshold=0.77777778
3,B,fixed_permutation,700,0,-0.0036123381927609445,seed mean across valid load-memory diagonal
3,B,fixed_permutation,700,1,-0.0011866222751342644,seed mean across valid load-memory diagonal
3,B,fixed_permutation,700,2,-0.008269952545905936,seed mean across valid load-memory diagonal
3,B,fixed_permutation,700,3,0.008877893223574287,seed mean across valid load-memory diagonal
3,B,fixed_permutation,700,4,0.01773521242596741,seed mean across valid load-memory diagonal
3,B,fixed_permutation,700,5,0.014042967083779249,seed mean across valid load-memory diagonal
3,B,fixed_permutation,700,6,0.04105543717741966,seed mean across valid load-memory diagonal
3,B,fixed_permutation,700,7,0.006936273074111427,seed mean across valid load-memory diagonal
3,B,fixed_permutation,700,8,0.013911301066400483,seed mean across valid load-memory diagonal
3,B,fixed_permutation,700,9,0.027365623491670134,seed mean across valid load-memory diagonal
3,B,fixed_permutation,700,10,0.01235235970467329,seed mean across valid load-memory diagonal
3,B,fixed_permutation,700,11,-3.0467691783774265e-05,seed mean across valid load-memory diagonal
3,B,fixed_permutation,700,12,0.016215424382001704,seed mean across valid load-memory diagonal
3,B,fixed_permutation,700,13,0.002677511344564722,seed mean across valid load-memory diagonal
3,B,fixed_permutation,700,14,0.012306838903738104,seed mean across valid load-memory diagonal
3,B,fixed_permutation,700,15,0.01472991994685597,seed mean across valid load-memory diagonal
3,B,fixed_permutation,700,16,0.028244367461990227,seed mean across valid load-memory diagonal
3,B,fixed_permutation,700,17,0.011937811364268148,seed mean across valid load-memory diagonal
3,B,fixed_permutation,700,18,0.04247243773369562,seed mean across valid load-memory diagonal
3,B,fixed_permutation,700,19,0.009316229397749029,seed mean across valid load-memory diagonal
3,B,fixed_permutation,700,20,-0.004970494844019413,seed mean across valid load-memory diagonal
3,B,fixed_permutation,700,21,-0.010500990027466264,seed mean across valid load-memory diagonal
3,B,fixed_permutation,700,22,0.0015839130960797008,seed mean across valid load-memory diagonal
3,B,fixed_permutation,700,23,-0.0189484186168458,seed mean across valid load-memory diagonal
3,B,fixed_permutation,700,24,-0.015379348562823402,seed mean across valid load-memory diagonal
3,B,fixed_permutation,700,25,0.006940270933721747,seed mean across valid load-memory diagonal
3,B,fixed_permutation,700,26,-0.010474045144613175,seed mean across valid load-memory diagonal
3,B,fixed_permutation,700,27,-0.004093246478022951,seed mean across valid load-memory diagonal
3,B,fixed_permutation,700,28,0.025957809913961682,seed mean across valid load-memory diagonal
3,B,fixed_permutation,700,29,0.02500544884993184,seed mean across valid load-memory diagonal
3,B,fixed_permutation,700,30,0.02484450303018093,seed mean across valid load-memory diagonal
3,B,fixed_permutation,700,31,0.04796758037188958,seed mean across valid load-memory diagonal
3,B,fixed_permutation,700,32,0.036384056721414836,seed mean across valid load-memory diagonal
3,B,fixed_permutation,700,33,0.0658633152919787,seed mean across valid load-memory diagonal
3,B,fixed_permutation,700,34,0.013704959589701433,seed mean across valid load-memory diagonal
3,B,fixed_permutation,700,35,0.061137457489967344,seed mean across valid load-memory diagonal
3,B,fixed_permutation,700,36,0.04386138598662607,seed mean across valid load-memory diagonal
3,B,fixed_permutation,700,37,0.03822158341822417,seed mean across valid load-memory diagonal
3,B,fixed_permutation,700,38,0.08415737409483302,seed mean across valid load-memory diagonal
3,B,fixed_permutation,700,39,0.0573052777686999,seed mean across valid load-memory diagonal
3,B,fixed_permutation,700,40,-0.004973426880314946,seed mean across valid load-memory diagonal
3,B,fixed_permutation,700,41,0.0034133940935134888,seed mean across valid load-memory diagonal
3,B,fixed_permutation,700,42,0.05280775659614139,seed mean across valid load-memory diagonal
3,B,fixed_permutation,700,43,0.003886927576626048,seed mean across valid load-memory diagonal
3,B,fixed_permutation,700,44,-0.0017156889662146568,seed mean across valid load-memory diagonal
3,B,fixed_permutation,700,45,-0.047741870085398354,seed mean across valid load-memory diagonal
3,B,fixed_permutation,700,46,-0.028502955500568663,seed mean across valid load-memory diagonal
3,B,fixed_permutation,700,47,-0.05886316929872219,seed mean across valid load-memory diagonal
3,B,fixed_permutation,700,48,-0.03542931377887726,seed mean across valid load-memory diagonal
3,B,fixed_permutation,700,49,-0.02938843383030458,seed mean across valid load-memory diagonal
3,B,fixed_permutation,700,50,0.0011096969246864319,seed mean across valid load-memory diagonal
3,B,fixed_permutation,700,51,-0.009739023943742117,seed mean across valid load-memory diagonal
3,B,fixed_permutation,700,52,0.002719997428357601,seed mean across valid load-memory diagonal
3,B,fixed_permutation,700,53,-0.04731053752558572,seed mean across valid load-memory diagonal
3,B,fixed_permutation,700,54,-0.03506036475300789,seed mean across valid load-memory diagonal
3,B,fixed_permutation,700,55,-0.06664086431264878,seed mean across valid load-memory diagonal
3,B,fixed_permutation,700,56,0.03427226888015866,seed mean across valid load-memory diagonal
3,B,fixed_permutation,700,57,-0.03700709342956543,seed mean across valid load-memory diagonal
3,B,fixed_permutation,700,58,0.10888459905982018,seed mean across valid load-memory diagonal
3,B,fixed_permutation,700,59,-0.1111111119389534,seed mean across valid load-memory diagonal
3,C,fixed_permutation,700,60,0.0,threshold=0.77777778
3,B,fixed_permutation,701,0,-0.021565522781262794,seed mean across valid load-memory diagonal
3,B,fixed_permutation,701,1,-0.025970847235392718,seed mean across valid load-memory diagonal
3,B,fixed_permutation,701,2,-0.007854158122991693,seed mean across valid load-memory diagonal
3,B,fixed_permutation,701,3,-0.015925347020751553,seed mean across valid load-memory diagonal
3,B,fixed_permutation,701,4,-0.018314228276722133,seed mean across valid load-memory diagonal
3,B,fixed_permutation,701,5,-0.01171049809252674,seed mean across valid load-memory diagonal
3,B,fixed_permutation,701,6,-0.007680016535299795,seed mean across valid load-memory diagonal
3,B,fixed_permutation,701,7,-0.02737523788445682,seed mean across valid load-memory diagonal
3,B,fixed_permutation,701,8,-0.002976943667118366,seed mean across valid load-memory diagonal
3,B,fixed_permutation,701,9,0.021717407466734156,seed mean across valid load-memory diagonal
3,B,fixed_permutation,701,10,0.008645723909139633,seed mean across valid load-memory diagonal
3,B,fixed_permutation,701,11,-0.023861608002334833,seed mean across valid load-memory diagonal
3,B,fixed_permutation,701,12,-0.005381295263456802,seed mean across valid load-memory diagonal
3,B,fixed_permutation,701,13,0.003857600839531168,seed mean across valid load-memory diagonal
3,B,fixed_permutation,701,14,-0.0028708560959152555,seed mean across valid load-memory diagonal
3,B,fixed_permutation,701,15,-0.025930877526601157,seed mean across valid load-memory diagonal
3,B,fixed_permutation,701,16,0.004840207032182,seed mean across valid load-memory diagonal
3,B,fixed_permutation,701,17,-0.0008686508896738984,seed mean across valid load-memory diagonal
3,B,fixed_permutation,701,18,-0.007457036347616287,seed mean across valid load-memory diagonal
3,B,fixed_permutation,701,19,-0.017659083735652087,seed mean across valid load-memory diagonal
3,B,fixed_permutation,701,20,-0.0018880650401115417,seed mean across valid load-memory diagonal
3,B,fixed_permutation,701,21,0.0021281026494808686,seed mean across valid load-memory diagonal
3,B,fixed_permutation,701,22,-0.023840432055294514,seed mean across valid load-memory diagonal
3,B,fixed_permutation,701,23,-0.015206677889501726,seed mean across valid load-memory diagonal
3,B,fixed_permutation,701,24,0.014609604543592367,seed mean across valid load-memory diagonal
3,B,fixed_permutation,701,25,-0.03301251530647278,seed mean across valid load-memory diagonal
3,B,fixed_permutation,701,26,-0.04142903887173709,seed mean across valid load-memory diagonal
3,B,fixed_permutation,701,27,-0.04506988157377099,seed mean across valid load-memory diagonal
3,B,fixed_permutation,701,28,-0.03264393494464457,seed mean across valid load-memory diagonal
3,B,fixed_permutation,701,29,-0.01871556151778467,seed mean across valid load-memory diagonal
3,B,fixed_permutation,701,30,-0.034931027144193647,seed mean across valid load-memory diagonal
3,B,fixed_permutation,701,31,-0.05034580004626307,seed mean across valid load-memory diagonal
3,B,fixed_permutation,701,32,-0.037300548516213894,seed mean across valid load-memory diagonal
3,B,fixed_permutation,701,33,-0.04347691050282231,seed mean across valid load-memory diagonal
3,B,fixed_permutation,701,34,0.0011798131924409133,seed mean across valid load-memory diagonal
3,B,fixed_permutation,701,35,0.04011603385210037,seed mean across valid load-memory diagonal
3,B,fixed_permutation,701,36,-0.0004591189499478787,seed mean across valid load-memory diagonal
3,B,fixed_permutation,701,37,0.02626048611558002,seed mean across valid load-memory diagonal
3,B,fixed_permutation,701,38,0.024616314606233078,seed mean across valid load-memory diagonal
3,B,fixed_permutation,701,39,0.0380734655828703,seed mean across valid load-memory diagonal
3,B,fixed_permutation,701,40,-0.0017231489648111165,seed mean across valid load-memory diagonal
3,B,fixed_permutation,701,41,-0.004885984094519364,seed mean across valid load-memory diagonal
3,B,fixed_permutation,701,42,0.004186566919088364,seed mean across valid load-memory diagonal
3,B,fixed_permutation,701,43,-0.003911579356474035,seed mean across valid load-memory diagonal
3,B,fixed_permutation,701,44,0.052876379690133035,seed mean across valid load-memory diagonal
3,B,fixed_permutation,701,45,0.07157417510946591,seed mean across valid load-memory diagonal
3,B,fixed_permutation,701,46,0.0655563095850604,seed mean across valid load-memory diagonal
3,B,fixed_permutation,701,47,0.018979207827494696,seed mean across valid load-memory diagonal
3,B,fixed_permutation,701,48,0.07581399939954281,seed mean across valid load-memory diagonal
3,B,fixed_permutation,701,49,0.031978200782429085,seed mean across valid load-memory diagonal
3,B,fixed_permutation,701,50,0.06628787070512772,seed mean across valid load-memory diagonal
3,B,fixed_permutation,701,51,0.012343957192367978,seed mean across valid load-memory diagonal
3,B,fixed_permutation,701,52,0.14309540390968323,seed mean across valid load-memory diagonal
3,B,fixed_permutation,701,53,0.08062616948570524,seed mean across valid load-memory diagonal
3,B,fixed_permutation,701,54,0.03151962533593178,seed mean across valid load-memory diagonal
3,B,fixed_permutation,701,55,-0.021530771255493165,seed mean across valid load-memory diagonal
3,B,fixed_permutation,701,56,-0.055510640144348145,seed mean across valid load-memory diagonal
3,B,fixed_permutation,701,57,-0.0372466246287028,seed mean across valid load-memory diagonal
3,B,fixed_permutation,701,58,0.0,seed mean across valid load-memory diagonal
3,B,fixed_permutation,701,59,-0.1111111119389534,seed mean across valid load-memory diagonal
3,C,fixed_permutation,701,60,0.0,threshold=0.77777778
3,B,fixed_permutation,702,0,0.003838764938215415,seed mean across valid load-memory diagonal
3,B,fixed_permutation,702,1,0.010717484279204223,seed mean across valid load-memory diagonal
3,B,fixed_permutation,702,2,0.019752977255346447,seed mean across valid load-memory diagonal
3,B,fixed_permutation,702,3,0.006521818930642647,seed mean across valid load-memory diagonal
3,B,fixed_permutation,702,4,0.005522048233875206,seed mean across valid load-memory diagonal
3,B,fixed_permutation,702,5,0.003931215371597897,seed mean across valid load-memory diagonal
3,B,fixed_permutation,702,6,0.015412619906581111,seed mean across valid load-memory diagonal
3,B,fixed_permutation,702,7,-0.00801476620067403,seed mean across valid load-memory diagonal
3,B,fixed_permutation,702,8,-0.007309459149837494,seed mean across valid load-memory diagonal
3,B,fixed_permutation,702,9,0.009407583258899987,seed mean across valid load-memory diagonal
3,B,fixed_permutation,702,10,0.009859049469232559,seed mean across valid load-memory diagonal
3,B,fixed_permutation,702,11,0.04206592635232575,seed mean across valid load-memory diagonal
3,B,fixed_permutation,702,12,0.03550998949989056,seed mean across valid load-memory diagonal
3,B,fixed_permutation,702,13,0.00844078907307158,seed mean across valid load-memory diagonal
3,B,fixed_permutation,702,14,0.026296277894921925,seed mean across valid load-memory diagonal
3,B,fixed_permutation,702,15,0.018531906108061474,seed mean across valid load-memory diagonal
3,B,fixed_permutation,702,16,0.03339731752533804,seed mean across valid load-memory diagonal
3,B,fixed_permutation,702,17,0.02134744530316269,seed mean across valid load-memory diagonal
3,B,fixed_permutation,702,18,0.101319617636147,seed mean across valid load-memory diagonal
3,B,fixed_permutation,702,19,0.04662721422387332,seed mean across valid load-memory diagonal
3,B,fixed_permutation,702,20,0.020827416237443684,seed mean across valid load-memory diagonal
3,B,fixed_permutation,702,21,0.056286796067769714,seed mean across valid load-memory diagonal
3,B,fixed_permutation,702,22,-0.004459582857395473,seed mean across valid load-memory diagonal
3,B,fixed_permutation,702,23,0.028631358029874595,seed mean across valid load-memory diagonal
3,B,fixed_permutation,702,24,0.005467072129249573,seed mean across valid load-memory diagonal
3,B,fixed_permutation,702,25,0.005875254954610552,seed mean across valid load-memory diagonal
3,B,fixed_permutation,702,26,0.02228634190910003,seed mean across valid load-memory diagonal
3,B,fixed_permutation,702,27,0.0031897755283297915,seed mean across valid load-memory diagonal
3,B,fixed_permutation,702,28,-0.0031873295083642006,seed mean across valid load-memory diagonal
3,B,fixed_permutation,702,29,0.04980297602953449,seed mean across valid load-memory diagonal
3,B,fixed_permutation,702,30,0.015222407458350063,seed mean across valid load-memory diagonal
3,B,fixed_permutation,702,31,0.01887264282538973,seed mean across valid load-memory diagonal
3,B,fixed_permutation,702,32,-0.013216576405933924,seed mean across valid load-memory diagonal
3,B,fixed_permutation,702,33,-0.009673658620428157,seed mean across valid load-memory diagonal
3,B,fixed_permutation,702,34,0.022743090485724118,seed mean across valid load-memory diagonal
3,B,fixed_permutation,702,35,-0.016281236633658408,seed mean across valid load-memory diagonal
3,B,fixed_permutation,702,36,-0.02228871298333009,seed mean across valid load-memory diagonal
3,B,fixed_permutation,702,37,0.016279596997343975,seed mean across valid load-memory diagonal
3,B,fixed_permutation,702,38,0.024030013517899948,seed mean across valid load-memory diagonal
3,B,fixed_permutation,702,39,0.010032796079204195,seed mean across valid load-memory diagonal
3,B,fixed_permutation,702,40,0.03982235379517078,seed mean across valid load-memory diagonal
3,B,fixed_permutation,702,41,0.04554367771274165,seed mean across valid load-memory diagonal
3,B,fixed_permutation,702,42,0.06523878458473417,seed mean across valid load-memory diagonal
3,B,fixed_permutation,702,43,0.08621049036874491,seed mean across valid load-memory diagonal
3,B,fixed_permutation,702,44,0.06193301593884826,seed mean across valid load-memory diagonal
3,B,fixed_permutation,702,45,0.055442127585411075,seed mean across valid load-memory diagonal
3,B,fixed_permutation,702,46,0.01192116258399827,seed mean across valid load-memory diagonal
3,B,fixed_permutation,702,47,0.02555630184136904,seed mean across valid load-memory diagonal
3,B,fixed_permutation,702,48,0.004625098779797554,seed mean across valid load-memory diagonal
3,B,fixed_permutation,702,49,-0.0085720494389534,seed mean across valid load-memory diagonal
3,B,fixed_permutation,702,50,0.022434604912996294,seed mean across valid load-memory diagonal
3,B,fixed_permutation,702,51,0.05354628417020043,seed mean across valid load-memory diagonal
3,B,fixed_permutation,702,52,0.005319642834365368,seed mean across valid load-memory diagonal
3,B,fixed_permutation,702,53,-0.013901713703359877,seed mean across valid load-memory diagonal
3,B,fixed_permutation,702,54,-0.03746685137351354,seed mean across valid load-memory diagonal
3,B,fixed_permutation,702,55,0.02908305674791336,seed mean across valid load-memory diagonal
3,B,fixed_permutation,702,56,0.00011772476136684418,seed mean across valid load-memory diagonal
3,B,fixed_permutation,702,57,-0.11097009728352229,seed mean across valid load-memory diagonal
3,B,fixed_permutation,702,58,0.005183707922697067,seed mean across valid load-memory diagonal
3,B,fixed_permutation,702,59,0.5531390309333801,seed mean across valid load-memory diagonal
3,C,fixed_permutation,702,60,0.0,threshold=0.77777778
3,B,fixed_permutation,703,0,0.005161734918753306,seed mean across valid load-memory diagonal
3,B,fixed_permutation,703,1,0.015070455685510473,seed mean across valid load-memory diagonal
3,B,fixed_permutation,703,2,-0.005500853447050884,seed mean across valid load-memory diagonal
3,B,fixed_permutation,703,3,0.02004078314884713,seed mean across valid load-memory diagonal
3,B,fixed_permutation,703,4,-0.006369394416521702,seed mean across valid load-memory diagonal
3,B,fixed_permutation,703,5,-0.004545054449276491,seed mean across valid load-memory diagonal
3,B,fixed_permutation,703,6,-0.031387012589860847,seed mean across valid load-memory diagonal
3,B,fixed_permutation,703,7,-0.02289065511299754,seed mean across valid load-memory diagonal
3,B,fixed_permutation,703,8,-0.02069357682306033,seed mean across valid load-memory diagonal
3,B,fixed_permutation,703,9,-0.0028334541027160254,seed mean across valid load-memory diagonal
3,B,fixed_permutation,703,10,0.006287900991737843,seed mean across valid load-memory diagonal
3,B,fixed_permutation,703,11,-0.003452996134149785,seed mean across valid load-memory diagonal
3,B,fixed_permutation,703,12,0.011674683832097799,seed mean across valid load-memory diagonal
3,B,fixed_permutation,703,13,0.007172519360926557,seed mean across valid load-memory diagonal
3,B,fixed_permutation,703,14,0.023139229530225628,seed mean across valid load-memory diagonal
3,B,fixed_permutation,703,15,0.03354703320397271,seed mean across valid load-memory diagonal
3,B,fixed_permutation,703,16,-0.010964938354763117,seed mean across valid load-memory diagonal
3,B,fixed_permutation,703,17,0.015037170503028604,seed mean across valid load-memory diagonal
3,B,fixed_permutation,703,18,0.009564939708936782,seed mean across valid load-memory diagonal
3,B,fixed_permutation,703,19,0.03349892013683552,seed mean across valid load-memory diagonal
3,B,fixed_permutation,703,20,0.05809816877590492,seed mean across valid load-memory diagonal
3,B,fixed_permutation,703,21,0.056527420030668,seed mean across valid load-memory diagonal
3,B,fixed_permutation,703,22,0.023223794212466793,seed mean across valid load-memory diagonal
3,B,fixed_permutation,703,23,0.034991969530646864,seed mean across valid load-memory diagonal
3,B,fixed_permutation,703,24,0.046528965855638184,seed mean across valid load-memory diagonal
3,B,fixed_permutation,703,25,0.05257470671619688,seed mean across valid load-memory diagonal
3,B,fixed_permutation,703,26,0.06670388557455119,seed mean across valid load-memory diagonal
3,B,fixed_permutation,703,27,0.07884126179146045,seed mean across valid load-memory diagonal
3,B,fixed_permutation,703,28,0.07572141755372286,seed mean across valid load-memory diagonal
3,B,fixed_permutation,703,29,0.03572025462504356,seed mean across valid load-memory diagonal
3,B,fixed_permutation,703,30,0.015327919522921245,seed mean across valid load-memory diagonal
3,B,fixed_permutation,703,31,0.04479571653465773,seed mean across valid load-memory diagonal
3,B,fixed_permutation,703,32,0.07568521897441574,seed mean across valid load-memory diagonal
3,B,fixed_permutation,703,33,0.03206683171016199,seed mean across valid load-memory diagonal
3,B,fixed_permutation,703,34,-0.037590408490639396,seed mean across valid load-memory diagonal
3,B,fixed_permutation,703,35,0.008254610598087311,seed mean across valid load-memory diagonal
3,B,fixed_permutation,703,36,-0.007690608501434326,seed mean across valid load-memory diagonal
3,B,fixed_permutation,703,37,-0.0010986266576725504,seed mean across valid load-memory diagonal
3,B,fixed_permutation,703,38,0.02149033292450688,seed mean across valid load-memory diagonal
3,B,fixed_permutation,703,39,0.013976540948663439,seed mean across valid load-memory diagonal
3,B,fixed_permutation,703,40,-0.030360354110598564,seed mean across valid load-memory diagonal
3,B,fixed_permutation,703,41,0.008053014545064224,seed mean across valid load-memory diagonal
3,B,fixed_permutation,703,42,-0.02441241302424007,seed mean across valid load-memory diagonal
3,B,fixed_permutation,703,43,-0.04496423812473521,seed mean across valid load-memory diagonal
3,B,fixed_permutation,703,44,0.012307828990742564,seed mean across valid load-memory diagonal
3,B,fixed_permutation,703,45,0.051343518992265066,seed mean across valid load-memory diagonal
3,B,fixed_permutation,703,46,0.020302572952849523,seed mean across valid load-memory diagonal
3,B,fixed_permutation,703,47,0.021886563931520168,seed mean across valid load-memory diagonal
3,B,fixed_permutation,703,48,0.04029479809105396,seed mean across valid load-memory diagonal
3,B,fixed_permutation,703,49,0.0039174888621677055,seed mean across valid load-memory diagonal
3,B,fixed_permutation,703,50,0.023297157138586044,seed mean across valid load-memory diagonal
3,B,fixed_permutation,703,51,-0.031532950699329376,seed mean across valid load-memory diagonal
3,B,fixed_permutation,703,52,0.004521507769823074,seed mean across valid load-memory diagonal
3,B,fixed_permutation,703,53,-0.04405757571969714,seed mean across valid load-memory diagonal
3,B,fixed_permutation,703,54,0.07406685998042424,seed mean across valid load-memory diagonal
3,B,fixed_permutation,703,55,0.024024467170238494,seed mean across valid load-memory diagonal
3,B,fixed_permutation,703,56,0.10172318667173386,seed mean across valid load-memory diagonal
3,B,fixed_permutation,703,57,-0.027517929673194885,seed mean across valid load-memory diagonal
3,B,fixed_permutation,703,58,0.10906775295734406,seed mean across valid load-memory diagonal
3,B,fixed_permutation,703,59,0.1399291306734085,seed mean across valid load-memory diagonal
3,C,fixed_permutation,703,60,0.0,threshold=0.77777778
3,B,fixed_permutation,704,0,0.009565256846447786,seed mean across valid load-memory diagonal
3,B,fixed_permutation,704,1,0.028823291472459243,seed mean across valid load-memory diagonal
3,B,fixed_permutation,704,2,0.01618618286889175,seed mean across valid load-memory diagonal
3,B,fixed_permutation,704,3,0.0002256728251252258,seed mean across valid load-memory diagonal
3,B,fixed_permutation,704,4,-0.004693286892558847,seed mean across valid load-memory diagonal
3,B,fixed_permutation,704,5,0.020480506799437782,seed mean across valid load-memory diagonal
3,B,fixed_permutation,704,6,0.004188007882071866,seed mean across valid load-memory diagonal
3,B,fixed_permutation,704,7,-0.002433778709327837,seed mean across valid load-memory diagonal
3,B,fixed_permutation,704,8,0.002237944908511753,seed mean across valid load-memory diagonal
3,B,fixed_permutation,704,9,0.0009355550157088859,seed mean across valid load-memory diagonal
3,B,fixed_permutation,704,10,0.017113883942365647,seed mean across valid load-memory diagonal
3,B,fixed_permutation,704,11,-0.0009880110773504997,seed mean across valid load-memory diagonal
3,B,fixed_permutation,704,12,0.003451805610287314,seed mean across valid load-memory diagonal
3,B,fixed_permutation,704,13,-0.008473310223285188,seed mean across valid load-memory diagonal
3,B,fixed_permutation,704,14,-0.02652425007165774,seed mean across valid load-memory diagonal
3,B,fixed_permutation,704,15,0.0185725384288364,seed mean across valid load-memory diagonal
3,B,fixed_permutation,704,16,0.03436633368784731,seed mean across valid load-memory diagonal
3,B,fixed_permutation,704,17,0.013222750016423158,seed mean across valid load-memory diagonal
3,B,fixed_permutation,704,18,0.012597763112613134,seed mean across valid load-memory diagonal
3,B,fixed_permutation,704,19,0.014959130890485717,seed mean across valid load-memory diagonal
3,B,fixed_permutation,704,20,0.0556072167534694,seed mean across valid load-memory diagonal
3,B,fixed_permutation,704,21,0.008920210246474315,seed mean across valid load-memory diagonal
3,B,fixed_permutation,704,22,0.01781666117083085,seed mean across valid load-memory diagonal
3,B,fixed_permutation,704,23,-0.01940829629028166,seed mean across valid load-memory diagonal
3,B,fixed_permutation,704,24,-0.01656132781257232,seed mean across valid load-memory diagonal
3,B,fixed_permutation,704,25,0.0006624392100742885,seed mean across valid load-memory diagonal
3,B,fixed_permutation,704,26,0.023154984063961926,seed mean across valid load-memory diagonal
3,B,fixed_permutation,704,27,-0.024724267874703262,seed mean across valid load-memory diagonal
3,B,fixed_permutation,704,28,0.015558629645965993,seed mean across valid load-memory diagonal
3,B,fixed_permutation,704,29,0.005663004433435779,seed mean across valid load-memory diagonal
3,B,fixed_permutation,704,30,-0.001219923080255588,seed mean across valid load-memory diagonal
3,B,fixed_permutation,704,31,-0.04059764640084628,seed mean across valid load-memory diagonal
3,B,fixed_permutation,704,32,-0.0009774996766022273,seed mean across valid load-memory diagonal
3,B,fixed_permutation,704,33,-0.014802383120965075,seed mean across valid load-memory diagonal
3,B,fixed_permutation,704,34,-0.004442917756163157,seed mean across valid load-memory diagonal
3,B,fixed_permutation,704,35,0.026447688043117524,seed mean across valid load-memory diagonal
3,B,fixed_permutation,704,36,0.007612006428341071,seed mean across valid load-memory diagonal
3,B,fixed_permutation,704,37,0.003995386478693589,seed mean across valid load-memory diagonal
3,B,fixed_permutation,704,38,-0.006362737918441946,seed mean across valid load-memory diagonal
3,B,fixed_permutation,704,39,0.007299462244624183,seed mean across valid load-memory diagonal
3,B,fixed_permutation,704,40,-0.021159904450178145,seed mean across valid load-memory diagonal
3,B,fixed_permutation,704,41,0.008438445627689362,seed mean across valid load-memory diagonal
3,B,fixed_permutation,704,42,-0.04936864392624961,seed mean across valid load-memory diagonal
3,B,fixed_permutation,704,43,0.009643458268221687,seed mean across valid load-memory diagonal
3,B,fixed_permutation,704,44,0.05058368109166622,seed mean across valid load-memory diagonal
3,B,fixed_permutation,704,45,-0.03074522310247024,seed mean across valid load-memory diagonal
3,B,fixed_permutation,704,46,0.0036545241517680033,seed mean across valid load-memory diagonal
3,B,fixed_permutation,704,47,-0.0714719811311135,seed mean across valid load-memory diagonal
3,B,fixed_permutation,704,48,-0.020580193027853966,seed mean across valid load-memory diagonal
3,B,fixed_permutation,704,49,-0.05018741705200889,seed mean across valid load-memory diagonal
3,B,fixed_permutation,704,50,0.003997207432985306,seed mean across valid load-memory diagonal
3,B,fixed_permutation,704,51,0.0632053158349461,seed mean across valid load-memory diagonal
3,B,fixed_permutation,704,52,0.030605214647948742,seed mean across valid load-memory diagonal
3,B,fixed_permutation,704,53,-0.04759769354547773,seed mean across valid load-memory diagonal
3,B,fixed_permutation,704,54,-0.03300949186086655,seed mean across valid load-memory diagonal
3,B,fixed_permutation,704,55,-0.06500716209411621,seed mean across valid load-memory diagonal
3,B,fixed_permutation,704,56,0.005235685035586357,seed mean across valid load-memory diagonal
3,B,fixed_permutation,704,57,-0.07301523621814947,seed mean across valid load-memory diagonal
3,B,fixed_permutation,704,58,-0.1111111119389534,seed mean across valid load-memory diagonal
3,B,fixed_permutation,704,59,-0.1111111119389534,seed mean across valid load-memory diagonal
3,C,fixed_permutation,704,60,0.0,threshold=0.77777778
3,B,fixed_permutation,705,0,-0.04977642658632249,seed mean across valid load-memory diagonal
3,B,fixed_permutation,705,1,-0.04597365439443265,seed mean across valid load-memory diagonal
3,B,fixed_permutation,705,2,-0.04562804732343246,seed mean across valid load-memory diagonal
3,B,fixed_permutation,705,3,-0.04654272567284735,seed mean across valid load-memory diagonal
3,B,fixed_permutation,705,4,-0.03338816382789186,seed mean across valid load-memory diagonal
3,B,fixed_permutation,705,5,-0.02536986158652739,seed mean across valid load-memory diagonal
3,B,fixed_permutation,705,6,-0.015142188269507003,seed mean across valid load-memory diagonal
3,B,fixed_permutation,705,7,-0.04065701351413187,seed mean across valid load-memory diagonal
3,B,fixed_permutation,705,8,-0.043356863351968616,seed mean across valid load-memory diagonal
3,B,fixed_permutation,705,9,-0.05538323441264676,seed mean across valid load-memory diagonal
3,B,fixed_permutation,705,10,-0.04926110200583935,seed mean across valid load-memory diagonal
3,B,fixed_permutation,705,11,-0.01870375225434498,seed mean across valid load-memory diagonal
3,B,fixed_permutation,705,12,-0.013922463015963634,seed mean across valid load-memory diagonal
3,B,fixed_permutation,705,13,-0.0012517533403761842,seed mean across valid load-memory diagonal
3,B,fixed_permutation,705,14,-0.032425675379193344,seed mean across valid load-memory diagonal
3,B,fixed_permutation,705,15,-0.024742818623781204,seed mean across valid load-memory diagonal
3,B,fixed_permutation,705,16,-0.011867795928000387,seed mean across valid load-memory diagonal
3,B,fixed_permutation,705,17,-0.0069484542622122655,seed mean across valid load-memory diagonal
3,B,fixed_permutation,705,18,0.041898670606315136,seed mean across valid load-memory diagonal
3,B,fixed_permutation,705,19,0.029015871173724894,seed mean across valid load-memory diagonal
3,B,fixed_permutation,705,20,0.0018415446393191814,seed mean across valid load-memory diagonal
3,B,fixed_permutation,705,21,-0.018093626802930467,seed mean across valid load-memory diagonal
3,B,fixed_permutation,705,22,-0.018233934172282095,seed mean across valid load-memory diagonal
3,B,fixed_permutation,705,23,-0.022841832115994515,seed mean across valid load-memory diagonal
3,B,fixed_permutation,705,24,0.014014385433660613,seed mean across valid load-memory diagonal
3,B,fixed_permutation,705,25,0.008832525295604552,seed mean across valid load-memory diagonal
3,B,fixed_permutation,705,26,0.009536768556298578,seed mean across valid load-memory diagonal
3,B,fixed_permutation,705,27,0.011286282559123003,seed mean across valid load-memory diagonal
3,B,fixed_permutation,705,28,-0.006951977884455118,seed mean across valid load-memory diagonal
3,B,fixed_permutation,705,29,0.017333158802601598,seed mean across valid load-memory diagonal
3,B,fixed_permutation,705,30,-0.005271092057228088,seed mean across valid load-memory diagonal
3,B,fixed_permutation,705,31,-0.0033256497619480923,seed mean across valid load-memory diagonal
3,B,fixed_permutation,705,32,0.03971679162766252,seed mean across valid load-memory diagonal
3,B,fixed_permutation,705,33,0.033367930739014236,seed mean across valid load-memory diagonal
3,B,fixed_permutation,705,34,0.045492843653147035,seed mean across valid load-memory diagonal
3,B,fixed_permutation,705,35,-0.012942802757024766,seed mean across valid load-memory diagonal
3,B,fixed_permutation,705,36,-0.0020469563702742257,seed mean across valid load-memory diagonal
3,B,fixed_permutation,705,37,0.032179509168085846,seed mean across valid load-memory diagonal
3,B,fixed_permutation,705,38,0.002824194052002647,seed mean across valid load-memory diagonal
3,B,fixed_permutation,705,39,0.04401893696437279,seed mean across valid load-memory diagonal
3,B,fixed_permutation,705,40,0.016853306908160448,seed mean across valid load-memory diagonal
3,B,fixed_permutation,705,41,0.06347935842840295,seed mean across valid load-memory diagonal
3,B,fixed_permutation,705,42,0.00991499713725514,seed mean across valid load-memory diagonal
3,B,fixed_permutation,705,43,0.03464904208393658,seed mean across valid load-memory diagonal
3,B,fixed_permutation,705,44,-0.021527823293581605,seed mean across valid load-memory diagonal
3,B,fixed_permutation,705,45,-0.05180069655179977,seed mean across valid load-memory diagonal
3,B,fixed_permutation,705,46,0.03386855125427246,seed mean across valid load-memory diagonal
3,B,fixed_permutation,705,47,0.025693120291599862,seed mean across valid load-memory diagonal
3,B,fixed_permutation,705,48,0.08825201044480006,seed mean across valid load-memory diagonal
3,B,fixed_permutation,705,49,0.07388903268358925,seed mean across valid load-memory diagonal
3,B,fixed_permutation,705,50,0.06948052123188972,seed mean across valid load-memory diagonal
3,B,fixed_permutation,705,51,0.03804910100168652,seed mean across valid load-memory diagonal
3,B,fixed_permutation,705,52,0.03038240782916546,seed mean across valid load-memory diagonal
3,B,fixed_permutation,705,53,0.020017985786710466,seed mean across valid load-memory diagonal
3,B,fixed_permutation,705,54,0.038054175674915314,seed mean across valid load-memory diagonal
3,B,fixed_permutation,705,55,0.02227551192045212,seed mean across valid load-memory diagonal
3,B,fixed_permutation,705,56,0.1695325616747141,seed mean across valid load-memory diagonal
3,B,fixed_permutation,705,57,0.1866372898221016,seed mean across valid load-memory diagonal
3,B,fixed_permutation,705,58,1.2934207916259766e-05,seed mean across valid load-memory diagonal
3,B,fixed_permutation,705,59,0.3333421051502228,seed mean across valid load-memory diagonal
3,C,fixed_permutation,705,60,0.0,threshold=0.77777778
3,B,fixed_permutation,706,0,-0.021904571269017955,seed mean across valid load-memory diagonal
3,B,fixed_permutation,706,1,-0.010385793057601836,seed mean across valid load-memory diagonal
3,B,fixed_permutation,706,2,-0.0036607573916814453,seed mean across valid load-memory diagonal
3,B,fixed_permutation,706,3,-0.006579095007557618,seed mean across valid load-memory diagonal
3,B,fixed_permutation,706,4,0.013115179059760911,seed mean across valid load-memory diagonal
3,B,fixed_permutation,706,5,-0.02678513882512396,seed mean across valid load-memory diagonal
3,B,fixed_permutation,706,6,-0.01791594322356913,seed mean across valid load-memory diagonal
3,B,fixed_permutation,706,7,0.0005586117787181207,seed mean across valid load-memory diagonal
3,B,fixed_permutation,706,8,-0.0029277255615362753,seed mean across valid load-memory diagonal
3,B,fixed_permutation,706,9,0.011877378923635856,seed mean across valid load-memory diagonal
3,B,fixed_permutation,706,10,0.0074810940772294995,seed mean across valid load-memory diagonal
3,B,fixed_permutation,706,11,0.014641799792951467,seed mean across valid load-memory diagonal
3,B,fixed_permutation,706,12,0.013242272437006855,seed mean across valid load-memory diagonal
3,B,fixed_permutation,706,13,0.042891318553147165,seed mean across valid load-memory diagonal
3,B,fixed_permutation,706,14,0.030453243009422138,seed mean across valid load-memory diagonal
3,B,fixed_permutation,706,15,0.0024178611321581736,seed mean across valid load-memory diagonal
3,B,fixed_permutation,706,16,0.03407092595642263,seed mean across valid load-memory diagonal
3,B,fixed_permutation,706,17,-0.003866157472826714,seed mean across valid load-memory diagonal
3,B,fixed_permutation,706,18,-0.00525555635492007,seed mean across valid load-memory diagonal
3,B,fixed_permutation,706,19,0.0013731681719058898,seed mean across valid load-memory diagonal
3,B,fixed_permutation,706,20,-0.003883034735918045,seed mean across valid load-memory diagonal
3,B,fixed_permutation,706,21,-0.022920000151945993,seed mean across valid load-memory diagonal
3,B,fixed_permutation,706,22,-0.01455993355117052,seed mean across valid load-memory diagonal
3,B,fixed_permutation,706,23,-0.011415306629764067,seed mean across valid load-memory diagonal
3,B,fixed_permutation,706,24,0.026033541808525722,seed mean across valid load-memory diagonal
3,B,fixed_permutation,706,25,-0.0013740386281694684,seed mean across valid load-memory diagonal
3,B,fixed_permutation,706,26,-0.03292965795844793,seed mean across valid load-memory diagonal
3,B,fixed_permutation,706,27,-0.0034017693533590345,seed mean across valid load-memory diagonal
3,B,fixed_permutation,706,28,0.03285582619719207,seed mean across valid load-memory diagonal
3,B,fixed_permutation,706,29,0.019464348337703174,seed mean across valid load-memory diagonal
3,B,fixed_permutation,706,30,-0.006836805492639542,seed mean across valid load-memory diagonal
3,B,fixed_permutation,706,31,0.028209424995142836,seed mean across valid load-memory diagonal
3,B,fixed_permutation,706,32,0.02878915784614427,seed mean across valid load-memory diagonal
3,B,fixed_permutation,706,33,-0.0024455883712680253,seed mean across valid load-memory diagonal
3,B,fixed_permutation,706,34,0.0027087563648819923,seed mean across valid load-memory diagonal
3,B,fixed_permutation,706,35,0.06623656451702117,seed mean across valid load-memory diagonal
3,B,fixed_permutation,706,36,0.01096892294784387,seed mean across valid load-memory diagonal
3,B,fixed_permutation,706,37,0.03222857998765033,seed mean across valid load-memory diagonal
3,B,fixed_permutation,706,38,0.02393316723067652,seed mean across valid load-memory diagonal
3,B,fixed_permutation,706,39,0.0057672370846072836,seed mean across valid load-memory diagonal
3,B,fixed_permutation,706,40,0.010705528035759925,seed mean across valid load-memory diagonal
3,B,fixed_permutation,706,41,0.09638149173636186,seed mean across valid load-memory diagonal
3,B,fixed_permutation,706,42,0.02167976762737251,seed mean across valid load-memory diagonal
3,B,fixed_permutation,706,43,-0.030108957167933968,seed mean across valid load-memory diagonal
3,B,fixed_permutation,706,44,0.003708828706294298,seed mean across valid load-memory diagonal
3,B,fixed_permutation,706,45,-0.016768680761257808,seed mean across valid load-memory diagonal
3,B,fixed_permutation,706,46,-0.01592200994491577,seed mean across valid load-memory diagonal
3,B,fixed_permutation,706,47,-0.006673393341211172,seed mean across valid load-memory diagonal
3,B,fixed_permutation,706,48,-0.0013264203444123268,seed mean across valid load-memory diagonal
3,B,fixed_permutation,706,49,-0.007588031617077914,seed mean across valid load-memory diagonal
3,B,fixed_permutation,706,50,-0.03992678076028824,seed mean across valid load-memory diagonal
3,B,fixed_permutation,706,51,-0.02498561702668667,seed mean across valid load-memory diagonal
3,B,fixed_permutation,706,52,-0.0052130070980638266,seed mean across valid load-memory diagonal
3,B,fixed_permutation,706,53,0.10833102171974522,seed mean across valid load-memory diagonal
3,B,fixed_permutation,706,54,0.0017570617298285167,seed mean across valid load-memory diagonal
3,B,fixed_permutation,706,55,0.022367863357067107,seed mean across valid load-memory diagonal
3,B,fixed_permutation,706,56,-3.2354146242141724e-06,seed mean across valid load-memory diagonal
3,B,fixed_permutation,706,57,-0.021831229329109192,seed mean across valid load-memory diagonal
3,B,fixed_permutation,706,58,0.22143420577049255,seed mean across valid load-memory diagonal
3,B,fixed_permutation,706,59,-0.1111111119389534,seed mean across valid load-memory diagonal
3,C,fixed_permutation,706,60,0.0,threshold=0.77777778
3,B,fixed_permutation,707,0,0.017201411196341117,seed mean across valid load-memory diagonal
3,B,fixed_permutation,707,1,0.008215159809185286,seed mean across valid load-memory diagonal
3,B,fixed_permutation,707,2,0.0065617497392191455,seed mean across valid load-memory diagonal
3,B,fixed_permutation,707,3,0.032138269459992125,seed mean across valid load-memory diagonal
3,B,fixed_permutation,707,4,0.009130544561360563,seed mean across valid load-memory diagonal
3,B,fixed_permutation,707,5,0.01983238851482218,seed mean across valid load-memory diagonal
3,B,fixed_permutation,707,6,0.016290855421512214,seed mean across valid load-memory diagonal
3,B,fixed_permutation,707,7,0.02367987371278259,seed mean across valid load-memory diagonal
3,B,fixed_permutation,707,8,-0.00690949192413917,seed mean across valid load-memory diagonal
3,B,fixed_permutation,707,9,-0.0069739702431594625,seed mean across valid load-memory diagonal
3,B,fixed_permutation,707,10,-0.016533971354365348,seed mean across valid load-memory diagonal
3,B,fixed_permutation,707,11,0.010445298969137425,seed mean across valid load-memory diagonal
3,B,fixed_permutation,707,12,0.0037082111618171134,seed mean across valid load-memory diagonal
3,B,fixed_permutation,707,13,-0.005695266252819528,seed mean across valid load-memory diagonal
3,B,fixed_permutation,707,14,-0.029420792327626892,seed mean across valid load-memory diagonal
3,B,fixed_permutation,707,15,-0.01143725315729777,seed mean across valid load-memory diagonal
3,B,fixed_permutation,707,16,0.0172975966706872,seed mean across valid load-memory diagonal
3,B,fixed_permutation,707,17,0.016023262512198714,seed mean across valid load-memory diagonal
3,B,fixed_permutation,707,18,0.029699467299949555,seed mean across valid load-memory diagonal
3,B,fixed_permutation,707,19,0.010927902307452225,seed mean across valid load-memory diagonal
3,B,fixed_permutation,707,20,0.01764154974371195,seed mean across valid load-memory diagonal
3,B,fixed_permutation,707,21,0.032386586929743104,seed mean across valid load-memory diagonal
3,B,fixed_permutation,707,22,0.017173301036420622,seed mean across valid load-memory diagonal
3,B,fixed_permutation,707,23,-0.003836943377816194,seed mean across valid load-memory diagonal
3,B,fixed_permutation,707,24,-0.029975517756409116,seed mean across valid load-memory diagonal
3,B,fixed_permutation,707,25,-0.018233721809727804,seed mean across valid load-memory diagonal
3,B,fixed_permutation,707,26,0.02694245449760381,seed mean across valid load-memory diagonal
3,B,fixed_permutation,707,27,-0.009438356045972218,seed mean across valid load-memory diagonal
3,B,fixed_permutation,707,28,0.010338247055187821,seed mean across valid load-memory diagonal
3,B,fixed_permutation,707,29,-0.017384510126806075,seed mean across valid load-memory diagonal
3,B,fixed_permutation,707,30,-0.01743872252603372,seed mean across valid load-memory diagonal
3,B,fixed_permutation,707,31,-0.040493778370577715,seed mean across valid load-memory diagonal
3,B,fixed_permutation,707,32,-0.054664481697337966,seed mean across valid load-memory diagonal
3,B,fixed_permutation,707,33,-0.04262118565815466,seed mean across valid load-memory diagonal
3,B,fixed_permutation,707,34,-0.03290391226227467,seed mean across valid load-memory diagonal
3,B,fixed_permutation,707,35,-0.028213355541229248,seed mean across valid load-memory diagonal
3,B,fixed_permutation,707,36,-0.042036328498700946,seed mean across valid load-memory diagonal
3,B,fixed_permutation,707,37,-0.014847585364528324,seed mean across valid load-memory diagonal
3,B,fixed_permutation,707,38,0.010508209805596958,seed mean across valid load-memory diagonal
3,B,fixed_permutation,707,39,0.00653930576074691,seed mean across valid load-memory diagonal
3,B,fixed_permutation,707,40,-0.009000239148736,seed mean across valid load-memory diagonal
3,B,fixed_permutation,707,41,-0.0056860650840558505,seed mean across valid load-memory diagonal
3,B,fixed_permutation,707,42,0.025962229404184554,seed mean across valid load-memory diagonal
3,B,fixed_permutation,707,43,-0.019460857352789712,seed mean across valid load-memory diagonal
3,B,fixed_permutation,707,44,0.004131056601181626,seed mean across valid load-memory diagonal
3,B,fixed_permutation,707,45,0.008066749076048534,seed mean across valid load-memory diagonal
3,B,fixed_permutation,707,46,-0.0301100526537214,seed mean across valid load-memory diagonal
3,B,fixed_permutation,707,47,-0.023365111305163458,seed mean across valid load-memory diagonal
3,B,fixed_permutation,707,48,0.030202321087320644,seed mean across valid load-memory diagonal
3,B,fixed_permutation,707,49,-0.049917335537346924,seed mean across valid load-memory diagonal
3,B,fixed_permutation,707,50,-0.006467209756374359,seed mean across valid load-memory diagonal
3,B,fixed_permutation,707,51,0.014491725299093459,seed mean across valid load-memory diagonal
3,B,fixed_permutation,707,52,0.052382802590727806,seed mean across valid load-memory diagonal
3,B,fixed_permutation,707,53,-0.04698816899742399,seed mean across valid load-memory diagonal
3,B,fixed_permutation,707,54,-0.01486132542292277,seed mean across valid load-memory diagonal
3,B,fixed_permutation,707,55,-0.02117021232843399,seed mean across valid load-memory diagonal
3,B,fixed_permutation,707,56,0.058139603585004807,seed mean across valid load-memory diagonal
3,B,fixed_permutation,707,57,0.11271823694308598,seed mean across valid load-memory diagonal
3,B,fixed_permutation,707,58,-0.09165631234645844,seed mean across valid load-memory diagonal
3,B,fixed_permutation,707,59,-0.1111111119389534,seed mean across valid load-memory diagonal
3,C,fixed_permutation,707,60,0.0,threshold=0.77777778
3,B,fixed_permutation,708,0,0.006562776211649179,seed mean across valid load-memory diagonal
3,B,fixed_permutation,708,1,0.02304496994968188,seed mean across valid load-memory diagonal
3,B,fixed_permutation,708,2,0.019999170611644614,seed mean across valid load-memory diagonal
3,B,fixed_permutation,708,3,0.02647130125970171,seed mean across valid load-memory diagonal
3,B,fixed_permutation,708,4,0.027915172411927154,seed mean across valid load-memory diagonal
3,B,fixed_permutation,708,5,0.008467389152131298,seed mean across valid load-memory diagonal
3,B,fixed_permutation,708,6,0.02643540384316886,seed mean across valid load-memory diagonal
3,B,fixed_permutation,708,7,-0.0060902639942349126,seed mean across valid load-memory diagonal
3,B,fixed_permutation,708,8,0.0005921457106104264,seed mean across valid load-memory diagonal
3,B,fixed_permutation,708,9,0.004371167763191111,seed mean across valid load-memory diagonal
3,B,fixed_permutation,708,10,-0.024302460551261902,seed mean across valid load-memory diagonal
3,B,fixed_permutation,708,11,-0.015644083901935696,seed mean across valid load-memory diagonal
3,B,fixed_permutation,708,12,-0.002230064089720448,seed mean across valid load-memory diagonal
3,B,fixed_permutation,708,13,0.0022329658745451177,seed mean across valid load-memory diagonal
3,B,fixed_permutation,708,14,-0.02772611614478671,seed mean across valid load-memory diagonal
3,B,fixed_permutation,708,15,0.006944339805179172,seed mean across valid load-memory diagonal
3,B,fixed_permutation,708,16,0.006953448919706385,seed mean across valid load-memory diagonal
3,B,fixed_permutation,708,17,-0.008125485332552777,seed mean across valid load-memory diagonal
3,B,fixed_permutation,708,18,-0.008594837657819014,seed mean across valid load-memory diagonal
3,B,fixed_permutation,708,19,0.0013231329801605969,seed mean across valid load-memory diagonal
3,B,fixed_permutation,708,20,0.0025087285554036497,seed mean across valid load-memory diagonal
3,B,fixed_permutation,708,21,0.009525852994276928,seed mean across valid load-memory diagonal
3,B,fixed_permutation,708,22,0.001028556866865409,seed mean across valid load-memory diagonal
3,B,fixed_permutation,708,23,0.014824513648007367,seed mean across valid load-memory diagonal
3,B,fixed_permutation,708,24,0.04728967034154468,seed mean across valid load-memory diagonal
3,B,fixed_permutation,708,25,0.03283466611589704,seed mean across valid load-memory diagonal
3,B,fixed_permutation,708,26,-0.008938448832315557,seed mean across valid load-memory diagonal
3,B,fixed_permutation,708,27,0.023160325532609768,seed mean across valid load-memory diagonal
3,B,fixed_permutation,708,28,0.0008692811243236065,seed mean across valid load-memory diagonal
3,B,fixed_permutation,708,29,0.0075287893414497375,seed mean across valid load-memory diagonal
3,B,fixed_permutation,708,30,0.0013748312989870707,seed mean across valid load-memory diagonal
3,B,fixed_permutation,708,31,0.016578189065230304,seed mean across valid load-memory diagonal
3,B,fixed_permutation,708,32,-0.031108151323028972,seed mean across valid load-memory diagonal
3,B,fixed_permutation,708,33,0.0036269751963792026,seed mean across valid load-memory diagonal
3,B,fixed_permutation,708,34,-0.0018372425379661413,seed mean across valid load-memory diagonal
3,B,fixed_permutation,708,35,-0.01534622699022293,seed mean across valid load-memory diagonal
3,B,fixed_permutation,708,36,-0.05638763215392828,seed mean across valid load-memory diagonal
3,B,fixed_permutation,708,37,0.026280088917068813,seed mean across valid load-memory diagonal
3,B,fixed_permutation,708,38,-0.01749599962071939,seed mean across valid load-memory diagonal
3,B,fixed_permutation,708,39,-0.004035284299226035,seed mean across valid load-memory diagonal
3,B,fixed_permutation,708,40,-0.008305399864912032,seed mean across valid load-memory diagonal
3,B,fixed_permutation,708,41,-0.019388544324197267,seed mean across valid load-memory diagonal
3,B,fixed_permutation,708,42,0.008983535485135185,seed mean across valid load-memory diagonal
3,B,fixed_permutation,708,43,0.029877713059677798,seed mean across valid load-memory diagonal
3,B,fixed_permutation,708,44,0.027873814571648836,seed mean across valid load-memory diagonal
3,B,fixed_permutation,708,45,-0.005114116271336873,seed mean across valid load-memory diagonal
3,B,fixed_permutation,708,46,-0.0305245609155723,seed mean across valid load-memory diagonal
3,B,fixed_permutation,708,47,-0.023777373135089874,seed mean across valid load-memory diagonal
3,B,fixed_permutation,708,48,-0.05186261609196663,seed mean across valid load-memory diagonal
3,B,fixed_permutation,708,49,-0.02866162427447059,seed mean across valid load-memory diagonal
3,B,fixed_permutation,708,50,-0.028896921873092653,seed mean across valid load-memory diagonal
3,B,fixed_permutation,708,51,-0.035217299229568906,seed mean across valid load-memory diagonal
3,B,fixed_permutation,708,52,-0.006688653491437435,seed mean across valid load-memory diagonal
3,B,fixed_permutation,708,53,0.03841780338968549,seed mean across valid load-memory diagonal
3,B,fixed_permutation,708,54,0.08779874940713246,seed mean across valid load-memory diagonal
3,B,fixed_permutation,708,55,0.026578783988952637,seed mean across valid load-memory diagonal
3,B,fixed_permutation,708,56,0.0580748300999403,seed mean across valid load-memory diagonal
3,B,fixed_permutation,708,57,0.1149170994758606,seed mean across valid load-memory diagonal
3,B,fixed_permutation,708,58,0.22224778309464455,seed mean across valid load-memory diagonal
3,B,fixed_permutation,708,59,0.13247865438461304,seed mean across valid load-memory diagonal
3,C,fixed_permutation,708,60,0.0,threshold=0.77777778
3,B,fixed_permutation,709,0,-0.02245500498296072,seed mean across valid load-memory diagonal
3,B,fixed_permutation,709,1,-0.0191477000881312,seed mean across valid load-memory diagonal
3,B,fixed_permutation,709,2,-0.00814680070558599,seed mean across valid load-memory diagonal
3,B,fixed_permutation,709,3,-0.0035383620283059906,seed mean across valid load-memory diagonal
3,B,fixed_permutation,709,4,0.010518193860272211,seed mean across valid load-memory diagonal
3,B,fixed_permutation,709,5,0.01360563412308693,seed mean across valid load-memory diagonal
3,B,fixed_permutation,709,6,0.02063022295220031,seed mean across valid load-memory diagonal
3,B,fixed_permutation,709,7,0.009098228980910103,seed mean across valid load-memory diagonal
3,B,fixed_permutation,709,8,9.233146332777463e-05,seed mean across valid load-memory diagonal
3,B,fixed_permutation,709,9,-0.012736334520227769,seed mean across valid load-memory diagonal
3,B,fixed_permutation,709,10,-0.009785588085651397,seed mean across valid load-memory diagonal
3,B,fixed_permutation,709,11,-0.007719002131904874,seed mean across valid load-memory diagonal
3,B,fixed_permutation,709,12,0.020466312300413847,seed mean across valid load-memory diagonal
3,B,fixed_permutation,709,13,0.03799882673836769,seed mean across valid load-memory diagonal
3,B,fixed_permutation,709,14,0.053815181974483574,seed mean across valid load-memory diagonal
3,B,fixed_permutation,709,15,0.052210598273409736,seed mean across valid load-memory diagonal
3,B,fixed_permutation,709,16,0.03844922577792948,seed mean across valid load-memory diagonal
3,B,fixed_permutation,709,17,0.03125297143882097,seed mean across valid load-memory diagonal
3,B,fixed_permutation,709,18,0.021402143119346528,seed mean across valid load-memory diagonal
3,B,fixed_permutation,709,19,0.016052865218825457,seed mean across valid load-memory diagonal
3,B,fixed_permutation,709,20,0.03535783477127552,seed mean across valid load-memory diagonal
3,B,fixed_permutation,709,21,0.0503596149576016,seed mean across valid load-memory diagonal
3,B,fixed_permutation,709,22,0.058537301264311135,seed mean across valid load-memory diagonal
3,B,fixed_permutation,709,23,0.04480967388765232,seed mean across valid load-memory diagonal
3,B,fixed_permutation,709,24,0.012166847164432207,seed mean across valid load-memory diagonal
3,B,fixed_permutation,709,25,-0.01169110153402601,seed mean across valid load-memory diagonal
3,B,fixed_permutation,709,26,-0.02432470374247607,seed mean across valid load-memory diagonal
3,B,fixed_permutation,709,27,0.016737023029815067,seed mean across valid load-memory diagonal
3,B,fixed_permutation,709,28,-0.010205313505139202,seed mean across valid load-memory diagonal
3,B,fixed_permutation,709,29,0.03050871385682014,seed mean across valid load-memory diagonal
3,B,fixed_permutation,709,30,0.015434163932998976,seed mean across valid load-memory diagonal
3,B,fixed_permutation,709,31,-0.017408976780957187,seed mean across valid load-memory diagonal
3,B,fixed_permutation,709,32,-0.014042254271251815,seed mean across valid load-memory diagonal
3,B,fixed_permutation,709,33,0.0037163872685697344,seed mean across valid load-memory diagonal
3,B,fixed_permutation,709,34,0.015799627567713078,seed mean across valid load-memory diagonal
3,B,fixed_permutation,709,35,-0.03879636585712433,seed mean across valid load-memory diagonal
3,B,fixed_permutation,709,36,0.010514098530014357,seed mean across valid load-memory diagonal
3,B,fixed_permutation,709,37,0.07887409303499304,seed mean across valid load-memory diagonal
3,B,fixed_permutation,709,38,0.03770743186627938,seed mean across valid load-memory diagonal
3,B,fixed_permutation,709,39,0.0008131081149691628,seed mean across valid load-memory diagonal
3,B,fixed_permutation,709,40,-0.0035749997943639754,seed mean across valid load-memory diagonal
3,B,fixed_permutation,709,41,0.007760279272731982,seed mean across valid load-memory diagonal
3,B,fixed_permutation,709,42,-0.030082473220924538,seed mean across valid load-memory diagonal
3,B,fixed_permutation,709,43,-0.026459263528094572,seed mean across valid load-memory diagonal
3,B,fixed_permutation,709,44,-0.014835856389254332,seed mean across valid load-memory diagonal
3,B,fixed_permutation,709,45,-0.019830607374509177,seed mean across valid load-memory diagonal
3,B,fixed_permutation,709,46,-0.03579933462398393,seed mean across valid load-memory diagonal
3,B,fixed_permutation,709,47,-0.04855799818268189,seed mean across valid load-memory diagonal
3,B,fixed_permutation,709,48,0.020713311309615772,seed mean across valid load-memory diagonal
3,B,fixed_permutation,709,49,0.011637021872130308,seed mean across valid load-memory diagonal
3,B,fixed_permutation,709,50,-0.04320471435785293,seed mean across valid load-memory diagonal
3,B,fixed_permutation,709,51,-0.03636038634512159,seed mean across valid load-memory diagonal
3,B,fixed_permutation,709,52,-0.023575319908559322,seed mean across valid load-memory diagonal
3,B,fixed_permutation,709,53,-0.04595220514706203,seed mean across valid load-memory diagonal
3,B,fixed_permutation,709,54,0.038427560279766716,seed mean across valid load-memory diagonal
3,B,fixed_permutation,709,55,0.0265849307179451,seed mean across valid load-memory diagonal
3,B,fixed_permutation,709,56,0.0026185419410467148,seed mean across valid load-memory diagonal
3,B,fixed_permutation,709,57,-0.1111111119389534,seed mean across valid load-memory diagonal
3,B,fixed_permutation,709,58,0.00041956827044487,seed mean across valid load-memory diagonal
3,B,fixed_permutation,709,59,0.08260204643011093,seed mean across valid load-memory diagonal
3,C,fixed_permutation,709,60,0.0,threshold=0.77777778
3,B,fixed_permutation,710,0,0.008906294032931328,seed mean across valid load-memory diagonal
3,B,fixed_permutation,710,1,0.020563047189833754,seed mean across valid load-memory diagonal
3,B,fixed_permutation,710,2,-0.002470562732296771,seed mean across valid load-memory diagonal
3,B,fixed_permutation,710,3,0.007662384329657806,seed mean across valid load-memory diagonal
3,B,fixed_permutation,710,4,0.018357266805001667,seed mean across valid load-memory diagonal
3,B,fixed_permutation,710,5,-0.0013993433930657127,seed mean across valid load-memory diagonal
3,B,fixed_permutation,710,6,-0.0028700403938138924,seed mean across valid load-memory diagonal
3,B,fixed_permutation,710,7,0.00936116654214994,seed mean across valid load-memory diagonal
3,B,fixed_permutation,710,8,0.029167338489339903,seed mean across valid load-memory diagonal
3,B,fixed_permutation,710,9,0.010105466191638626,seed mean across valid load-memory diagonal
3,B,fixed_permutation,710,10,0.01658004322089255,seed mean across valid load-memory diagonal
3,B,fixed_permutation,710,11,0.02033725477831096,seed mean across valid load-memory diagonal
3,B,fixed_permutation,710,12,-0.006726335578908523,seed mean across valid load-memory diagonal
3,B,fixed_permutation,710,13,-0.022149185550973772,seed mean across valid load-memory diagonal
3,B,fixed_permutation,710,14,-0.019089157207180626,seed mean across valid load-memory diagonal
3,B,fixed_permutation,710,15,-0.009217454741398493,seed mean across valid load-memory diagonal
3,B,fixed_permutation,710,16,-0.017125660384243183,seed mean across valid load-memory diagonal
3,B,fixed_permutation,710,17,-0.04429333691680154,seed mean across valid load-memory diagonal
3,B,fixed_permutation,710,18,-0.05093836518270629,seed mean across valid load-memory diagonal
3,B,fixed_permutation,710,19,-0.015297673824356824,seed mean across valid load-memory diagonal
3,B,fixed_permutation,710,20,-0.01779668517410755,seed mean across valid load-memory diagonal
3,B,fixed_permutation,710,21,-0.04739153884255733,seed mean across valid load-memory diagonal
3,B,fixed_permutation,710,22,-0.03386207022949269,seed mean across valid load-memory diagonal
3,B,fixed_permutation,710,23,0.005992951173637365,seed mean across valid load-memory diagonal
3,B,fixed_permutation,710,24,-0.009191590723478131,seed mean across valid load-memory diagonal
3,B,fixed_permutation,710,25,-0.032601889009986604,seed mean across valid load-memory diagonal
3,B,fixed_permutation,710,26,-0.011909949648029664,seed mean across valid load-memory diagonal
3,B,fixed_permutation,710,27,0.014437250115654686,seed mean across valid load-memory diagonal
3,B,fixed_permutation,710,28,-0.022278976102825254,seed mean across valid load-memory diagonal
3,B,fixed_permutation,710,29,-0.01002748070224639,seed mean across valid load-memory diagonal
3,B,fixed_permutation,710,30,-0.02232868398229281,seed mean across valid load-memory diagonal
3,B,fixed_permutation,710,31,0.0021680010289981447,seed mean across valid load-memory diagonal
3,B,fixed_permutation,710,32,-0.0001235633556331907,seed mean across valid load-memory diagonal
3,B,fixed_permutation,710,33,0.006120385533129728,seed mean across valid load-memory diagonal
3,B,fixed_permutation,710,34,-0.008030054087822255,seed mean across valid load-memory diagonal
3,B,fixed_permutation,710,35,-0.020174774527549743,seed mean across valid load-memory diagonal
3,B,fixed_permutation,710,36,-0.023090852696138125,seed mean across valid load-memory diagonal
3,B,fixed_permutation,710,37,-0.005007680343545001,seed mean across valid load-memory diagonal
3,B,fixed_permutation,710,38,0.018174585801633922,seed mean across valid load-memory diagonal
3,B,fixed_permutation,710,39,0.019979458390956835,seed mean across valid load-memory diagonal
3,B,fixed_permutation,710,40,-0.032604292035102844,seed mean across valid load-memory diagonal
3,B,fixed_permutation,710,41,0.005667587448107569,seed mean across valid load-memory diagonal
3,B,fixed_permutation,710,42,0.012529259340630637,seed mean across valid load-memory diagonal
3,B,fixed_permutation,710,43,-0.01807182150728562,seed mean across valid load-memory diagonal
3,B,fixed_permutation,710,44,0.019991290755569935,seed mean across valid load-memory diagonal
3,B,fixed_permutation,710,45,-0.005969027181466421,seed mean across valid load-memory diagonal
3,B,fixed_permutation,710,46,0.016843719141823903,seed mean across valid load-memory diagonal
3,B,fixed_permutation,710,47,0.010089444569670238,seed mean across valid load-memory diagonal
3,B,fixed_permutation,710,48,0.020264658456047375,seed mean across valid load-memory diagonal
3,B,fixed_permutation,710,49,0.07475916431708769,seed mean across valid load-memory diagonal
3,B,fixed_permutation,710,50,0.06918682381510735,seed mean across valid load-memory diagonal
3,B,fixed_permutation,710,51,0.06437384254402584,seed mean across valid load-memory diagonal
3,B,fixed_permutation,710,52,0.03896528808400035,seed mean across valid load-memory diagonal
3,B,fixed_permutation,710,53,-0.028047892298283323,seed mean across valid load-memory diagonal
3,B,fixed_permutation,710,54,1.5848626693089802e-05,seed mean across valid load-memory diagonal
3,B,fixed_permutation,710,55,-0.019835631549358367,seed mean across valid load-memory diagonal
3,B,fixed_permutation,710,56,0.11542282626032829,seed mean across valid load-memory diagonal
3,B,fixed_permutation,710,57,0.0343228355050087,seed mean across valid load-memory diagonal
3,B,fixed_permutation,710,58,0.19760706275701523,seed mean across valid load-memory diagonal
3,B,fixed_permutation,710,59,0.3333492577075958,seed mean across valid load-memory diagonal
3,C,fixed_permutation,710,60,0.0,threshold=0.77777778
3,B,fixed_permutation,711,0,-0.013792000276347001,seed mean across valid load-memory diagonal
3,B,fixed_permutation,711,1,-0.013034733612153489,seed mean across valid load-memory diagonal
3,B,fixed_permutation,711,2,-0.015714446853460937,seed mean across valid load-memory diagonal
3,B,fixed_permutation,711,3,-0.013794302744300742,seed mean across valid load-memory diagonal
3,B,fixed_permutation,711,4,0.008810903211789472,seed mean across valid load-memory diagonal
3,B,fixed_permutation,711,5,0.008794709565964611,seed mean across valid load-memory diagonal
3,B,fixed_permutation,711,6,0.03670436078337608,seed mean across valid load-memory diagonal
3,B,fixed_permutation,711,7,0.008316149864837809,seed mean across valid load-memory diagonal
3,B,fixed_permutation,711,8,-0.0013008052841402017,seed mean across valid load-memory diagonal
3,B,fixed_permutation,711,9,-0.013264671844594619,seed mean across valid load-memory diagonal
3,B,fixed_permutation,711,10,0.008663837611675263,seed mean across valid load-memory diagonal
3,B,fixed_permutation,711,11,-0.0016544745588789181,seed mean across valid load-memory diagonal
3,B,fixed_permutation,711,12,-0.003526868298649788,seed mean across valid load-memory diagonal
3,B,fixed_permutation,711,13,-0.013571949834202198,seed mean across valid load-memory diagonal
3,B,fixed_permutation,711,14,-0.020540933894074482,seed mean across valid load-memory diagonal
3,B,fixed_permutation,711,15,-0.02128531593415472,seed mean across valid load-memory diagonal
3,B,fixed_permutation,711,16,0.003415191630748185,seed mean across valid load-memory diagonal
3,B,fixed_permutation,711,17,-0.000270926155323206,seed mean across valid load-memory diagonal
3,B,fixed_permutation,711,18,-0.035206515419607363,seed mean across valid load-memory diagonal
3,B,fixed_permutation,711,19,0.007949757866743134,seed mean across valid load-memory diagonal
3,B,fixed_permutation,711,20,-0.0264429735194426,seed mean across valid load-memory diagonal
3,B,fixed_permutation,711,21,-0.03879898017606674,seed mean across valid load-memory diagonal
3,B,fixed_permutation,711,22,-0.029579491599609976,seed mean across valid load-memory diagonal
3,B,fixed_permutation,711,23,-0.02017074158868274,seed mean across valid load-memory diagonal
3,B,fixed_permutation,711,24,-0.005935416298194064,seed mean across valid load-memory diagonal
3,B,fixed_permutation,711,25,-0.0070432349507297785,seed mean across valid load-memory diagonal
3,B,fixed_permutation,711,26,-0.030274873325491652,seed mean across valid load-memory diagonal
3,B,fixed_permutation,711,27,-0.007025294683196328,seed mean across valid load-memory diagonal
3,B,fixed_permutation,711,28,-0.010606432100757957,seed mean across valid load-memory diagonal
3,B,fixed_permutation,711,29,-0.020480570653753895,seed mean across valid load-memory diagonal
3,B,fixed_permutation,711,30,0.027287974208593368,seed mean across valid load-memory diagonal
3,B,fixed_permutation,711,31,0.0010370055920091168,seed mean across valid load-memory diagonal
3,B,fixed_permutation,711,32,-0.004502049381179469,seed mean across valid load-memory diagonal
3,B,fixed_permutation,711,33,-0.005834729031280235,seed mean across valid load-memory diagonal
3,B,fixed_permutation,711,34,-0.03255301728271521,seed mean across valid load-memory diagonal
3,B,fixed_permutation,711,35,-0.05645162492990494,seed mean across valid load-memory diagonal
3,B,fixed_permutation,711,36,-0.044564447831362486,seed mean across valid load-memory diagonal
3,B,fixed_permutation,711,37,-0.05105592844926793,seed mean across valid load-memory diagonal
3,B,fixed_permutation,711,38,-0.017979427918114445,seed mean across valid load-memory diagonal
3,B,fixed_permutation,711,39,-0.021464689579304485,seed mean across valid load-memory diagonal
3,B,fixed_permutation,711,40,-0.0021659232676029204,seed mean across valid load-memory diagonal
3,B,fixed_permutation,711,41,0.011483010884962584,seed mean across valid load-memory diagonal
3,B,fixed_permutation,711,42,-0.01873714994225237,seed mean across valid load-memory diagonal
3,B,fixed_permutation,711,43,-0.01752637151409598,seed mean across valid load-memory diagonal
3,B,fixed_permutation,711,44,-0.017056986107490957,seed mean across valid load-memory diagonal
3,B,fixed_permutation,711,45,-0.050649789969126384,seed mean across valid load-memory diagonal
3,B,fixed_permutation,711,46,-0.061558684068066735,seed mean across valid load-memory diagonal
3,B,fixed_permutation,711,47,-0.006390328017564921,seed mean across valid load-memory diagonal
3,B,fixed_permutation,711,48,-0.002490973100066185,seed mean across valid load-memory diagonal
3,B,fixed_permutation,711,49,-0.019895815798504787,seed mean across valid load-memory diagonal
3,B,fixed_permutation,711,50,-0.011871647089719772,seed mean across valid load-memory diagonal
3,B,fixed_permutation,711,51,-0.04976691595382161,seed mean across valid load-memory diagonal
3,B,fixed_permutation,711,52,0.10163864120841026,seed mean across valid load-memory diagonal
3,B,fixed_permutation,711,53,0.049342338527951925,seed mean across valid load-memory diagonal
3,B,fixed_permutation,711,54,0.029684286564588547,seed mean across valid load-memory diagonal
3,B,fixed_permutation,711,55,0.012480609863996506,seed mean across valid load-memory diagonal
3,B,fixed_permutation,711,56,0.034940514247864485,seed mean across valid load-memory diagonal
3,B,fixed_permutation,711,57,0.11112009485562642,seed mean across valid load-memory diagonal
3,B,fixed_permutation,711,58,0.2286798395216465,seed mean across valid load-memory diagonal
3,B,fixed_permutation,711,59,0.3449528217315674,seed mean across valid load-memory diagonal
3,C,fixed_permutation,711,60,0.0,threshold=0.77777778
3,B,fixed_permutation,712,0,-0.025303416419774294,seed mean across valid load-memory diagonal
3,B,fixed_permutation,712,1,-0.036596992353008964,seed mean across valid load-memory diagonal
3,B,fixed_permutation,712,2,-0.019100363269962114,seed mean across valid load-memory diagonal
3,B,fixed_permutation,712,3,-0.03258889675009669,seed mean across valid load-memory diagonal
3,B,fixed_permutation,712,4,-0.04392433414302234,seed mean across valid load-memory diagonal
3,B,fixed_permutation,712,5,-0.043798231265761635,seed mean across valid load-memory diagonal
3,B,fixed_permutation,712,6,-0.047290474038433145,seed mean across valid load-memory diagonal
3,B,fixed_permutation,712,7,-0.06213849125746286,seed mean across valid load-memory diagonal
3,B,fixed_permutation,712,8,-0.032731721320977576,seed mean across valid load-memory diagonal
3,B,fixed_permutation,712,9,-0.054572858938983844,seed mean across valid load-memory diagonal
3,B,fixed_permutation,712,10,-0.05400958895683289,seed mean across valid load-memory diagonal
3,B,fixed_permutation,712,11,-0.015015979886663203,seed mean across valid load-memory diagonal
3,B,fixed_permutation,712,12,-0.01414093755496045,seed mean across valid load-memory diagonal
3,B,fixed_permutation,712,13,0.007072133111192825,seed mean across valid load-memory diagonal
3,B,fixed_permutation,712,14,-0.03853604404012794,seed mean across valid load-memory diagonal
3,B,fixed_permutation,712,15,-0.031305781565606594,seed mean across valid load-memory diagonal
3,B,fixed_permutation,712,16,-0.03224036137742752,seed mean across valid load-memory diagonal
3,B,fixed_permutation,712,17,-0.022279507718807042,seed mean across valid load-memory diagonal
3,B,fixed_permutation,712,18,-0.020241201422842487,seed mean across valid load-memory diagonal
3,B,fixed_permutation,712,19,-0.013280658096801944,seed mean across valid load-memory diagonal
3,B,fixed_permutation,712,20,0.009453489817678929,seed mean across valid load-memory diagonal
3,B,fixed_permutation,712,21,-0.0005912967981436314,seed mean across valid load-memory diagonal
3,B,fixed_permutation,712,22,-0.012129030852137427,seed mean across valid load-memory diagonal
3,B,fixed_permutation,712,23,0.00460491087791082,seed mean across valid load-memory diagonal
3,B,fixed_permutation,712,24,0.020559574994775984,seed mean across valid load-memory diagonal
3,B,fixed_permutation,712,25,0.022595755330153875,seed mean across valid load-memory diagonal
3,B,fixed_permutation,712,26,0.02611056068802581,seed mean across valid load-memory diagonal
3,B,fixed_permutation,712,27,0.004602022017493393,seed mean across valid load-memory diagonal
3,B,fixed_permutation,712,28,-0.011576604068977758,seed mean across valid load-memory diagonal
3,B,fixed_permutation,712,29,-0.012901366079947161,seed mean across valid load-memory diagonal
3,B,fixed_permutation,712,30,-0.003982121994098028,seed mean across valid load-memory diagonal
3,B,fixed_permutation,712,31,0.013671086314294872,seed mean across valid load-memory diagonal
3,B,fixed_permutation,712,32,0.007405457885137626,seed mean across valid load-memory diagonal
3,B,fixed_permutation,712,33,-0.0364109476407369,seed mean across valid load-memory diagonal
3,B,fixed_permutation,712,34,-0.020267453617774524,seed mean across valid load-memory diagonal
3,B,fixed_permutation,712,35,-0.033548667430877685,seed mean across valid load-memory diagonal
3,B,fixed_permutation,712,36,0.013978237907091776,seed mean across valid load-memory diagonal
3,B,fixed_permutation,712,37,-0.005840839899104574,seed mean across valid load-memory diagonal
3,B,fixed_permutation,712,38,-0.01579242165793072,seed mean across valid load-memory diagonal
3,B,fixed_permutation,712,39,0.005309710545199258,seed mean across valid load-memory diagonal
3,B,fixed_permutation,712,40,0.0028331160545349123,seed mean across valid load-memory diagonal
3,B,fixed_permutation,712,41,-0.01568557753374702,seed mean across valid load-memory diagonal
3,B,fixed_permutation,712,42,-0.046434701730807625,seed mean across valid load-memory diagonal
3,B,fixed_permutation,712,43,0.004503215937053456,seed mean across valid load-memory diagonal
3,B,fixed_permutation,712,44,-0.0314599322155118,seed mean across valid load-memory diagonal
3,B,fixed_permutation,712,45,-0.06825269709030787,seed mean across valid load-memory diagonal
3,B,fixed_permutation,712,46,-0.03253481962851116,seed mean across valid load-memory diagonal
3,B,fixed_permutation,712,47,-0.04099726562316601,seed mean across valid load-memory diagonal
3,B,fixed_permutation,712,48,0.0025977914532025657,seed mean across valid load-memory diagonal
3,B,fixed_permutation,712,49,0.030326831069859592,seed mean across valid load-memory diagonal
3,B,fixed_permutation,712,50,-0.005381295830011368,seed mean across valid load-memory diagonal
3,B,fixed_permutation,712,51,-0.06171385943889618,seed mean across valid load-memory diagonal
3,B,fixed_permutation,712,52,-0.05379374325275421,seed mean across valid load-memory diagonal
3,B,fixed_permutation,712,53,-0.07936350469078336,seed mean across valid load-memory diagonal
3,B,fixed_permutation,712,54,0.0027048115928967795,seed mean across valid load-memory diagonal
3,B,fixed_permutation,712,55,-0.028517813980579378,seed mean across valid load-memory diagonal
3,B,fixed_permutation,712,56,5.7015568017959595e-06,seed mean across valid load-memory diagonal
3,B,fixed_permutation,712,57,0.038959537943204246,seed mean across valid load-memory diagonal
3,B,fixed_permutation,712,58,9.648501873016357e-06,seed mean across valid load-memory diagonal
3,B,fixed_permutation,712,59,-0.1111111119389534,seed mean across valid load-memory diagonal
3,C,fixed_permutation,712,60,0.0,threshold=0.77777778
3,B,fixed_permutation,713,0,-0.006241186708211899,seed mean across valid load-memory diagonal
3,B,fixed_permutation,713,1,0.0047492156736552715,seed mean across valid load-memory diagonal
3,B,fixed_permutation,713,2,0.00045023518132752385,seed mean across valid load-memory diagonal
3,B,fixed_permutation,713,3,-0.003302871527379019,seed mean across valid load-memory diagonal
3,B,fixed_permutation,713,4,-0.006134875185255494,seed mean across valid load-memory diagonal
3,B,fixed_permutation,713,5,-0.0044558772817254065,seed mean across valid load-memory diagonal
3,B,fixed_permutation,713,6,-0.010422690267053744,seed mean across valid load-memory diagonal
3,B,fixed_permutation,713,7,0.021371666697855545,seed mean across valid load-memory diagonal
3,B,fixed_permutation,713,8,-0.020910334388295617,seed mean across valid load-memory diagonal
3,B,fixed_permutation,713,9,-0.024424973583104564,seed mean across valid load-memory diagonal
3,B,fixed_permutation,713,10,-0.0018231971375644207,seed mean across valid load-memory diagonal
3,B,fixed_permutation,713,11,0.004613601127449347,seed mean across valid load-memory diagonal
3,B,fixed_permutation,713,12,0.0012339313980191946,seed mean across valid load-memory diagonal
3,B,fixed_permutation,713,13,0.01653433472235152,seed mean across valid load-memory diagonal
3,B,fixed_permutation,713,14,0.016861535770737606,seed mean across valid load-memory diagonal
3,B,fixed_permutation,713,15,0.03085837521486812,seed mean across valid load-memory diagonal
3,B,fixed_permutation,713,16,0.018548821289600295,seed mean across valid load-memory diagonal
3,B,fixed_permutation,713,17,-0.03181177796795964,seed mean across valid load-memory diagonal
3,B,fixed_permutation,713,18,-0.04048984289346706,seed mean across valid load-memory diagonal
3,B,fixed_permutation,713,19,-0.03791255104105647,seed mean across valid load-memory diagonal
3,B,fixed_permutation,713,20,-0.0023142946884036064,seed mean across valid load-memory diagonal
3,B,fixed_permutation,713,21,-0.006965044121711682,seed mean across valid load-memory diagonal
3,B,fixed_permutation,713,22,0.004146461754939274,seed mean across valid load-memory diagonal
3,B,fixed_permutation,713,23,-0.009955675215334506,seed mean across valid load-memory diagonal
3,B,fixed_permutation,713,24,-0.0211104280832741,seed mean across valid load-memory diagonal
3,B,fixed_permutation,713,25,-0.04698975485350405,seed mean across valid load-memory diagonal
3,B,fixed_permutation,713,26,-0.024239498683634925,seed mean across valid load-memory diagonal
3,B,fixed_permutation,713,27,-0.02142272438063766,seed mean across valid load-memory diagonal
3,B,fixed_permutation,713,28,-0.02063909941352904,seed mean across valid load-memory diagonal
3,B,fixed_permutation,713,29,0.03918182297099021,seed mean across valid load-memory diagonal
3,B,fixed_permutation,713,30,0.01887553818523884,seed mean across valid load-memory diagonal
3,B,fixed_permutation,713,31,0.021360570500636923,seed mean across valid load-memory diagonal
3,B,fixed_permutation,713,32,-0.03775696908789022,seed mean across valid load-memory diagonal
3,B,fixed_permutation,713,33,-0.050541529776873415,seed mean across valid load-memory diagonal
3,B,fixed_permutation,713,34,-0.0248318795974438,seed mean across valid load-memory diagonal
3,B,fixed_permutation,713,35,0.00825272399932146,seed mean across valid load-memory diagonal
3,B,fixed_permutation,713,36,-0.004374982905574143,seed mean across valid load-memory diagonal
3,B,fixed_permutation,713,37,0.004584362973337588,seed mean across valid load-memory diagonal
3,B,fixed_permutation,713,38,0.04545463486151262,seed mean across valid load-memory diagonal
3,B,fixed_permutation,713,39,0.0540630112269095,seed mean across valid load-memory diagonal
3,B,fixed_permutation,713,40,0.04449284784495831,seed mean across valid load-memory diagonal
3,B,fixed_permutation,713,41,0.05554313418504439,seed mean across valid load-memory diagonal
3,B,fixed_permutation,713,42,-0.004720865334901545,seed mean across valid load-memory diagonal
3,B,fixed_permutation,713,43,0.012289224959471646,seed mean across valid load-memory diagonal
3,B,fixed_permutation,713,44,-0.013234296813607216,seed mean across valid load-memory diagonal
3,B,fixed_permutation,713,45,-0.05180926372607549,seed mean across valid load-memory diagonal
3,B,fixed_permutation,713,46,-0.04802452453545162,seed mean across valid load-memory diagonal
3,B,fixed_permutation,713,47,-0.048431384592102125,seed mean across valid load-memory diagonal
3,B,fixed_permutation,713,48,-0.07507578966518243,seed mean across valid load-memory diagonal
3,B,fixed_permutation,713,49,-0.09053298356858167,seed mean across valid load-memory diagonal
3,B,fixed_permutation,713,50,-0.027125368639826775,seed mean across valid load-memory diagonal
3,B,fixed_permutation,713,51,-0.1080886506372028,seed mean across valid load-memory diagonal
3,B,fixed_permutation,713,52,-0.027495662681758404,seed mean across valid load-memory diagonal
3,B,fixed_permutation,713,53,-0.047348465238298686,seed mean across valid load-memory diagonal
3,B,fixed_permutation,713,54,-0.06325339463849862,seed mean across valid load-memory diagonal
3,B,fixed_permutation,713,55,-0.06666666716337204,seed mean across valid load-memory diagonal
3,B,fixed_permutation,713,56,-0.05207874998450279,seed mean across valid load-memory diagonal
3,B,fixed_permutation,713,57,0.010064229369163513,seed mean across valid load-memory diagonal
3,B,fixed_permutation,713,58,0.004225257784128189,seed mean across valid load-memory diagonal
3,B,fixed_permutation,713,59,0.11956162750720978,seed mean across valid load-memory diagonal
3,C,fixed_permutation,713,60,0.0,threshold=0.77777778
3,B,fixed_permutation,714,0,-0.01329980871329705,seed mean across valid load-memory diagonal
3,B,fixed_permutation,714,1,-0.014825981441822093,seed mean across valid load-memory diagonal
3,B,fixed_permutation,714,2,-0.007821881051721245,seed mean across valid load-memory diagonal
3,B,fixed_permutation,714,3,-0.014778087961307744,seed mean across valid load-memory diagonal
3,B,fixed_permutation,714,4,-0.01672560801463468,seed mean across valid load-memory diagonal
3,B,fixed_permutation,714,5,-0.02937660420482809,seed mean across valid load-memory diagonal
3,B,fixed_permutation,714,6,-0.03904416853630984,seed mean across valid load-memory diagonal
3,B,fixed_permutation,714,7,-0.025324250307847868,seed mean across valid load-memory diagonal
3,B,fixed_permutation,714,8,-0.010756046153031863,seed mean across valid load-memory diagonal
3,B,fixed_permutation,714,9,-0.013423753938838547,seed mean across valid load-memory diagonal
3,B,fixed_permutation,714,10,-0.024894397854804993,seed mean across valid load-memory diagonal
3,B,fixed_permutation,714,11,-0.017468754468219622,seed mean across valid load-memory diagonal
3,B,fixed_permutation,714,12,0.010826707817614079,seed mean across valid load-memory diagonal
3,B,fixed_permutation,714,13,-0.015869240970053572,seed mean across valid load-memory diagonal
3,B,fixed_permutation,714,14,-0.009965544809465822,seed mean across valid load-memory diagonal
3,B,fixed_permutation,714,15,0.004839223995804787,seed mean across valid load-memory diagonal
3,B,fixed_permutation,714,16,0.004335020287809047,seed mean across valid load-memory diagonal
3,B,fixed_permutation,714,17,0.005960464087683101,seed mean across valid load-memory diagonal
3,B,fixed_permutation,714,18,-0.025529546751862482,seed mean across valid load-memory diagonal
3,B,fixed_permutation,714,19,-0.0004196853445070546,seed mean across valid load-memory diagonal
3,B,fixed_permutation,714,20,-0.0007929995656013489,seed mean across valid load-memory diagonal
3,B,fixed_permutation,714,21,-0.028340371192779202,seed mean across valid load-memory diagonal
3,B,fixed_permutation,714,22,-0.04057841944067102,seed mean across valid load-memory diagonal
3,B,fixed_permutation,714,23,0.01903208752943052,seed mean across valid load-memory diagonal
3,B,fixed_permutation,714,24,0.007156703828109635,seed mean across valid load-memory diagonal
3,B,fixed_permutation,714,25,-0.004694963672331401,seed mean across valid load-memory diagonal
3,B,fixed_permutation,714,26,-0.008661671158145456,seed mean across valid load-memory diagonal
3,B,fixed_permutation,714,27,0.011521979489109734,seed mean across valid load-memory diagonal
3,B,fixed_permutation,714,28,-0.004077743273228407,seed mean across valid load-memory diagonal
3,B,fixed_permutation,714,29,0.03789262257276043,seed mean across valid load-memory diagonal
3,B,fixed_permutation,714,30,0.0261769101023674,seed mean across valid load-memory diagonal
3,B,fixed_permutation,714,31,-0.019100907290803975,seed mean across valid load-memory diagonal
3,B,fixed_permutation,714,32,-0.009492110860134875,seed mean across valid load-memory diagonal
3,B,fixed_permutation,714,33,-0.03241015777543739,seed mean across valid load-memory diagonal
3,B,fixed_permutation,714,34,-0.02569550505051246,seed mean across valid load-memory diagonal
3,B,fixed_permutation,714,35,-0.048535662293434145,seed mean across valid load-memory diagonal
3,B,fixed_permutation,714,36,-0.0793048688210547,seed mean across valid load-memory diagonal
3,B,fixed_permutation,714,37,-0.012926033981468367,seed mean across valid load-memory diagonal
3,B,fixed_permutation,714,38,-0.037743191150101746,seed mean across valid load-memory diagonal
3,B,fixed_permutation,714,39,-0.0291651805774087,seed mean across valid load-memory diagonal
3,B,fixed_permutation,714,40,-0.027824944257736205,seed mean across valid load-memory diagonal
3,B,fixed_permutation,714,41,0.0003829370988042731,seed mean across valid load-memory diagonal
3,B,fixed_permutation,714,42,0.014323748234245513,seed mean across valid load-memory diagonal
3,B,fixed_permutation,714,43,-0.05021209951818866,seed mean across valid load-memory diagonal
3,B,fixed_permutation,714,44,0.0394592578522861,seed mean across valid load-memory diagonal
3,B,fixed_permutation,714,45,-0.018896701435248058,seed mean across valid load-memory diagonal
3,B,fixed_permutation,714,46,-0.06200650813324111,seed mean across valid load-memory diagonal
3,B,fixed_permutation,714,47,0.03136915369675709,seed mean across valid load-memory diagonal
3,B,fixed_permutation,714,48,0.00026025498906771344,seed mean across valid load-memory diagonal
3,B,fixed_permutation,714,49,0.03414784304120324,seed mean across valid load-memory diagonal
3,B,fixed_permutation,714,50,0.08337545581161976,seed mean across valid load-memory diagonal
3,B,fixed_permutation,714,51,-0.025373691796428628,seed mean across valid load-memory diagonal
3,B,fixed_permutation,714,52,-0.024770637974143028,seed mean across valid load-memory diagonal
3,B,fixed_permutation,714,53,0.019085541367530823,seed mean across valid load-memory diagonal
3,B,fixed_permutation,714,54,-0.03691386803984642,seed mean across valid load-memory diagonal
3,B,fixed_permutation,714,55,-0.02373589426279068,seed mean across valid load-memory diagonal
3,B,fixed_permutation,714,56,-0.05508529581129551,seed mean across valid load-memory diagonal
3,B,fixed_permutation,714,57,0.1131357451279958,seed mean across valid load-memory diagonal
3,B,fixed_permutation,714,58,0.00033352896571159363,seed mean across valid load-memory diagonal
3,B,fixed_permutation,714,59,-0.1111111119389534,seed mean across valid load-memory diagonal
3,C,fixed_permutation,714,60,0.0,threshold=0.77777778
3,B,fixed_permutation,715,0,-0.01899832097503046,seed mean across valid load-memory diagonal
3,B,fixed_permutation,715,1,-0.021440544055174975,seed mean across valid load-memory diagonal
3,B,fixed_permutation,715,2,-0.01333408963320584,seed mean across valid load-memory diagonal
3,B,fixed_permutation,715,3,-0.024736061136712107,seed mean across valid load-memory diagonal
3,B,fixed_permutation,715,4,-0.03855853802191892,seed mean across valid load-memory diagonal
3,B,fixed_permutation,715,5,-0.036922002346678216,seed mean across valid load-memory diagonal
3,B,fixed_permutation,715,6,-0.02025512947390477,seed mean across valid load-memory diagonal
3,B,fixed_permutation,715,7,-0.036106804210060045,seed mean across valid load-memory diagonal
3,B,fixed_permutation,715,8,-0.02214664020217382,seed mean across valid load-memory diagonal
3,B,fixed_permutation,715,9,-0.009966888848473044,seed mean across valid load-memory diagonal
3,B,fixed_permutation,715,10,0.01985640812665224,seed mean across valid load-memory diagonal
3,B,fixed_permutation,715,11,0.0040442811667310945,seed mean across valid load-memory diagonal
3,B,fixed_permutation,715,12,0.01376040987088345,seed mean across valid load-memory diagonal
3,B,fixed_permutation,715,13,0.013070792673116035,seed mean across valid load-memory diagonal
3,B,fixed_permutation,715,14,0.03219318909206144,seed mean across valid load-memory diagonal
3,B,fixed_permutation,715,15,0.04484485122892592,seed mean across valid load-memory diagonal
3,B,fixed_permutation,715,16,0.029950983674180778,seed mean across valid load-memory diagonal
3,B,fixed_permutation,715,17,0.004579604473398175,seed mean across valid load-memory diagonal
3,B,fixed_permutation,715,18,0.016213334032467434,seed mean across valid load-memory diagonal
3,B,fixed_permutation,715,19,0.0033684663429129416,seed mean across valid load-memory diagonal
3,B,fixed_permutation,715,20,0.012615046618157067,seed mean across valid load-memory diagonal
3,B,fixed_permutation,715,21,0.0093240251000493,seed mean across valid load-memory diagonal
3,B,fixed_permutation,715,22,0.01747478721173186,seed mean across valid load-memory diagonal
3,B,fixed_permutation,715,23,0.027302665963164857,seed mean across valid load-memory diagonal
3,B,fixed_permutation,715,24,0.013912777519888349,seed mean across valid load-memory diagonal
3,B,fixed_permutation,715,25,0.01443298224891935,seed mean across valid load-memory diagonal
3,B,fixed_permutation,715,26,-0.004369597115060862,seed mean across valid load-memory diagonal
3,B,fixed_permutation,715,27,0.009201160660295776,seed mean across valid load-memory diagonal
3,B,fixed_permutation,715,28,0.008423245046287775,seed mean across valid load-memory diagonal
3,B,fixed_permutation,715,29,0.019250912531729666,seed mean across valid load-memory diagonal
3,B,fixed_permutation,715,30,0.010314784944057465,seed mean across valid load-memory diagonal
3,B,fixed_permutation,715,31,0.027423010047139793,seed mean across valid load-memory diagonal
3,B,fixed_permutation,715,32,0.02629056093948228,seed mean across valid load-memory diagonal
3,B,fixed_permutation,715,33,0.039323743846681386,seed mean across valid load-memory diagonal
3,B,fixed_permutation,715,34,0.05675653053017763,seed mean across valid load-memory diagonal
3,B,fixed_permutation,715,35,0.007272847592830658,seed mean across valid load-memory diagonal
3,B,fixed_permutation,715,36,0.020479254114131134,seed mean across valid load-memory diagonal
3,B,fixed_permutation,715,37,-0.019457000753153927,seed mean across valid load-memory diagonal
3,B,fixed_permutation,715,38,0.022951879623261364,seed mean across valid load-memory diagonal
3,B,fixed_permutation,715,39,0.008495601160185677,seed mean across valid load-memory diagonal
3,B,fixed_permutation,715,40,0.03065481698140502,seed mean across valid load-memory diagonal
3,B,fixed_permutation,715,41,0.01571958570888168,seed mean across valid load-memory diagonal
3,B,fixed_permutation,715,42,0.04801642894744873,seed mean across valid load-memory diagonal
3,B,fixed_permutation,715,43,0.025095937006613788,seed mean across valid load-memory diagonal
3,B,fixed_permutation,715,44,0.03386559337377548,seed mean across valid load-memory diagonal
3,B,fixed_permutation,715,45,0.0271106352408727,seed mean across valid load-memory diagonal
3,B,fixed_permutation,715,46,-0.006466414114194257,seed mean across valid load-memory diagonal
3,B,fixed_permutation,715,47,0.07192458169391522,seed mean across valid load-memory diagonal
3,B,fixed_permutation,715,48,0.054336837182442345,seed mean across valid load-memory diagonal
3,B,fixed_permutation,715,49,0.07364036210558632,seed mean across valid load-memory diagonal
3,B,fixed_permutation,715,50,0.06826427131891251,seed mean across valid load-memory diagonal
3,B,fixed_permutation,715,51,0.06434888309902614,seed mean across valid load-memory diagonal
3,B,fixed_permutation,715,52,0.0026357173919677734,seed mean across valid load-memory diagonal
3,B,fixed_permutation,715,53,0.08329572635037559,seed mean across valid load-memory diagonal
3,B,fixed_permutation,715,54,0.11193472271164258,seed mean across valid load-memory diagonal
3,B,fixed_permutation,715,55,0.06831494718790054,seed mean across valid load-memory diagonal
3,B,fixed_permutation,715,56,0.05773952789604664,seed mean across valid load-memory diagonal
3,B,fixed_permutation,715,57,0.06578847082952659,seed mean across valid load-memory diagonal
3,B,fixed_permutation,715,58,0.11151790246367455,seed mean across valid load-memory diagonal
3,B,fixed_permutation,715,59,0.11111323535442352,seed mean across valid load-memory diagonal
3,C,fixed_permutation,715,60,0.0,threshold=0.77777778
3,B,fixed_permutation,716,0,-0.002971636860941847,seed mean across valid load-memory diagonal
3,B,fixed_permutation,716,1,-0.0044260089427737865,seed mean across valid load-memory diagonal
3,B,fixed_permutation,716,2,0.02020127673087449,seed mean across valid load-memory diagonal
3,B,fixed_permutation,716,3,0.007506913783257468,seed mean across valid load-memory diagonal
3,B,fixed_permutation,716,4,-0.007177310929234538,seed mean across valid load-memory diagonal
3,B,fixed_permutation,716,5,-0.013138993033631282,seed mean across valid load-memory diagonal
3,B,fixed_permutation,716,6,-0.019855261512997525,seed mean across valid load-memory diagonal
3,B,fixed_permutation,716,7,0.0029722283119862935,seed mean across valid load-memory diagonal
3,B,fixed_permutation,716,8,0.044825027052026525,seed mean across valid load-memory diagonal
3,B,fixed_permutation,716,9,0.03974688067740085,seed mean across valid load-memory diagonal
3,B,fixed_permutation,716,10,0.002495105341076851,seed mean across valid load-memory diagonal
3,B,fixed_permutation,716,11,-0.004549614838039388,seed mean across valid load-memory diagonal
3,B,fixed_permutation,716,12,-0.022260708714990567,seed mean across valid load-memory diagonal
3,B,fixed_permutation,716,13,-0.01051430420038548,seed mean across valid load-memory diagonal
3,B,fixed_permutation,716,14,-0.01906675063883481,seed mean across valid load-memory diagonal
3,B,fixed_permutation,716,15,-0.008073361838857334,seed mean across valid load-memory diagonal
3,B,fixed_permutation,716,16,0.01998424247457561,seed mean across valid load-memory diagonal
3,B,fixed_permutation,716,17,0.02451650276346955,seed mean across valid load-memory diagonal
3,B,fixed_permutation,716,18,0.017117047238917577,seed mean across valid load-memory diagonal
3,B,fixed_permutation,716,19,-0.017171836480861756,seed mean across valid load-memory diagonal
3,B,fixed_permutation,716,20,-0.010941650462336838,seed mean across valid load-memory diagonal
3,B,fixed_permutation,716,21,0.00432217789766116,seed mean across valid load-memory diagonal
3,B,fixed_permutation,716,22,0.04449269105680287,seed mean across valid load-memory diagonal
3,B,fixed_permutation,716,23,0.006684638887039713,seed mean across valid load-memory diagonal
3,B,fixed_permutation,716,24,-0.01550341873533196,seed mean across valid load-memory diagonal
3,B,fixed_permutation,716,25,-0.0014290064573287964,seed mean across valid load-memory diagonal
3,B,fixed_permutation,716,26,-0.0037907145040876724,seed mean across valid load-memory diagonal
3,B,fixed_permutation,716,27,-0.024835589144266014,seed mean across valid load-memory diagonal
3,B,fixed_permutation,716,28,-0.02999057585839182,seed mean across valid load-memory diagonal
3,B,fixed_permutation,716,29,0.011963160047608038,seed mean across valid load-memory diagonal
3,B,fixed_permutation,716,30,-0.045413115372260414,seed mean across valid load-memory diagonal
3,B,fixed_permutation,716,31,0.005442275569356721,seed mean across valid load-memory diagonal
3,B,fixed_permutation,716,32,-0.013311067196939672,seed mean across valid load-memory diagonal
3,B,fixed_permutation,716,33,-0.04370023889674081,seed mean across valid load-memory diagonal
3,B,fixed_permutation,716,34,-0.0010634497381173647,seed mean across valid load-memory diagonal
3,B,fixed_permutation,716,35,-0.003890972137451172,seed mean across valid load-memory diagonal
3,B,fixed_permutation,716,36,0.014285480021499097,seed mean across valid load-memory diagonal
3,B,fixed_permutation,716,37,0.0004163220291957259,seed mean across valid load-memory diagonal
3,B,fixed_permutation,716,38,0.00011105767705223776,seed mean across valid load-memory diagonal
3,B,fixed_permutation,716,39,-0.04757609446754768,seed mean across valid load-memory diagonal
3,B,fixed_permutation,716,40,-0.005024496628902852,seed mean across valid load-memory diagonal
3,B,fixed_permutation,716,41,0.008023357312930258,seed mean across valid load-memory diagonal
3,B,fixed_permutation,716,42,-0.024211882303158443,seed mean across valid load-memory diagonal
3,B,fixed_permutation,716,43,-0.015217969961026135,seed mean across valid load-memory diagonal
3,B,fixed_permutation,716,44,0.011916615534573793,seed mean across valid load-memory diagonal
3,B,fixed_permutation,716,45,0.008616613348325093,seed mean across valid load-memory diagonal
3,B,fixed_permutation,716,46,0.03358437360397407,seed mean across valid load-memory diagonal
3,B,fixed_permutation,716,47,-0.0015780185170185107,seed mean across valid load-memory diagonal
3,B,fixed_permutation,716,48,-0.019345340008536976,seed mean across valid load-memory diagonal
3,B,fixed_permutation,716,49,-0.0502551407976584,seed mean across valid load-memory diagonal
3,B,fixed_permutation,716,50,-0.022172047197818755,seed mean across valid load-memory diagonal
3,B,fixed_permutation,716,51,-0.08146021432346767,seed mean across valid load-memory diagonal
3,B,fixed_permutation,716,52,-0.0777538362890482,seed mean across valid load-memory diagonal
3,B,fixed_permutation,716,53,-0.012171500495501928,seed mean across valid load-memory diagonal
3,B,fixed_permutation,716,54,-0.03941103940208753,seed mean across valid load-memory diagonal
3,B,fixed_permutation,716,55,-0.06663789451122284,seed mean across valid load-memory diagonal
3,B,fixed_permutation,716,56,-0.05261005461215973,seed mean across valid load-memory diagonal
3,B,fixed_permutation,716,57,-0.08938701450824738,seed mean across valid load-memory diagonal
3,B,fixed_permutation,716,58,-0.1111111119389534,seed mean across valid load-memory diagonal
3,B,fixed_permutation,716,59,-0.1111111119389534,seed mean across valid load-memory diagonal
3,C,fixed_permutation,716,60,0.0,threshold=0.77777778
3,B,fixed_permutation,717,0,0.031707737338729204,seed mean across valid load-memory diagonal
3,B,fixed_permutation,717,1,0.04307074256841156,seed mean across valid load-memory diagonal
3,B,fixed_permutation,717,2,0.054043561404827856,seed mean across valid load-memory diagonal
3,B,fixed_permutation,717,3,0.03358331720524451,seed mean across valid load-memory diagonal
3,B,fixed_permutation,717,4,0.015993175687201853,seed mean across valid load-memory diagonal
3,B,fixed_permutation,717,5,0.022352674705061047,seed mean across valid load-memory diagonal
3,B,fixed_permutation,717,6,0.020413341000676155,seed mean across valid load-memory diagonal
3,B,fixed_permutation,717,7,0.017724177887979545,seed mean across valid load-memory diagonal
3,B,fixed_permutation,717,8,0.01378477386270578,seed mean across valid load-memory diagonal
3,B,fixed_permutation,717,9,0.018746942345637316,seed mean across valid load-memory diagonal
3,B,fixed_permutation,717,10,0.02030122023075819,seed mean across valid load-memory diagonal
3,B,fixed_permutation,717,11,0.020238086505203833,seed mean across valid load-memory diagonal
3,B,fixed_permutation,717,12,0.014971666193256775,seed mean across valid load-memory diagonal
3,B,fixed_permutation,717,13,0.02710567113566906,seed mean across valid load-memory diagonal
3,B,fixed_permutation,717,14,0.018261345366582922,seed mean across valid load-memory diagonal
3,B,fixed_permutation,717,15,0.016067726247840457,seed mean across valid load-memory diagonal
3,B,fixed_permutation,717,16,0.035928608680313286,seed mean across valid load-memory diagonal
3,B,fixed_permutation,717,17,0.00961729639404735,seed mean across valid load-memory diagonal
3,B,fixed_permutation,717,18,0.025100306563434146,seed mean across valid load-memory diagonal
3,B,fixed_permutation,717,19,0.014044392581393079,seed mean across valid load-memory diagonal
3,B,fixed_permutation,717,20,-0.007159815775230527,seed mean across valid load-memory diagonal
3,B,fixed_permutation,717,21,0.005414117939579181,seed mean across valid load-memory diagonal
3,B,fixed_permutation,717,22,0.005624209873770413,seed mean across valid load-memory diagonal
3,B,fixed_permutation,717,23,0.0015117234072169743,seed mean across valid load-memory diagonal
3,B,fixed_permutation,717,24,0.05652819522139099,seed mean across valid load-memory diagonal
3,B,fixed_permutation,717,25,0.027648779596035768,seed mean across valid load-memory diagonal
3,B,fixed_permutation,717,26,0.03509436367569245,seed mean across valid load-memory diagonal
3,B,fixed_permutation,717,27,0.049676187336444855,seed mean across valid load-memory diagonal
3,B,fixed_permutation,717,28,0.063960294239223,seed mean across valid load-memory diagonal
3,B,fixed_permutation,717,29,0.08981676492840052,seed mean across valid load-memory diagonal
3,B,fixed_permutation,717,30,0.06131437048316002,seed mean across valid load-memory diagonal
3,B,fixed_permutation,717,31,0.06342610768203077,seed mean across valid load-memory diagonal
3,B,fixed_permutation,717,32,0.06160825668900673,seed mean across valid load-memory diagonal
3,B,fixed_permutation,717,33,0.036693274698875566,seed mean across valid load-memory diagonal
3,B,fixed_permutation,717,34,-0.0060546725558546875,seed mean across valid load-memory diagonal
3,B,fixed_permutation,717,35,-0.009324460551142692,seed mean across valid load-memory diagonal
3,B,fixed_permutation,717,36,0.016796323625991743,seed mean across valid load-memory diagonal
3,B,fixed_permutation,717,37,0.01766278627126113,seed mean across valid load-memory diagonal
3,B,fixed_permutation,717,38,-0.01117471961135214,seed mean across valid load-memory diagonal
3,B,fixed_permutation,717,39,-0.012516296779115995,seed mean across valid load-memory diagonal
3,B,fixed_permutation,717,40,0.033687299489974974,seed mean across valid load-memory diagonal
3,B,fixed_permutation,717,41,0.10341045927060277,seed mean across valid load-memory diagonal
3,B,fixed_permutation,717,42,0.04322716179821226,seed mean across valid load-memory diagonal
3,B,fixed_permutation,717,43,0.02424595263950965,seed mean across valid load-memory diagonal
3,B,fixed_permutation,717,44,0.07227486744523048,seed mean across valid load-memory diagonal
3,B,fixed_permutation,717,45,0.06048058023055394,seed mean across valid load-memory diagonal
3,B,fixed_permutation,717,46,0.0597196596541575,seed mean across valid load-memory diagonal
3,B,fixed_permutation,717,47,0.09309835273485917,seed mean across valid load-memory diagonal
3,B,fixed_permutation,717,48,-0.03584175743162632,seed mean across valid load-memory diagonal
3,B,fixed_permutation,717,49,-0.0005601007830012928,seed mean across valid load-memory diagonal
3,B,fixed_permutation,717,50,0.008080972731113434,seed mean across valid load-memory diagonal
3,B,fixed_permutation,717,51,0.0659984333647622,seed mean across valid load-memory diagonal
3,B,fixed_permutation,717,52,-0.07154393708333373,seed mean across valid load-memory diagonal
3,B,fixed_permutation,717,53,0.07829549589327403,seed mean across valid load-memory diagonal
3,B,fixed_permutation,717,54,0.053096303095420204,seed mean across valid load-memory diagonal
3,B,fixed_permutation,717,55,-0.024483983963727952,seed mean across valid load-memory diagonal
3,B,fixed_permutation,717,56,0.0004560723900794983,seed mean across valid load-memory diagonal
3,B,fixed_permutation,717,57,-0.03370098521312078,seed mean across valid load-memory diagonal
3,B,fixed_permutation,717,58,-0.041734255850315094,seed mean across valid load-memory diagonal
3,B,fixed_permutation,717,59,0.12076371908187866,seed mean across valid load-memory diagonal
3,C,fixed_permutation,717,60,0.0,threshold=0.77777778
3,B,fixed_permutation,718,0,0.009347527908782164,seed mean across valid load-memory diagonal
3,B,fixed_permutation,718,1,-0.015914249028694833,seed mean across valid load-memory diagonal
3,B,fixed_permutation,718,2,-0.022134727637829452,seed mean across valid load-memory diagonal
3,B,fixed_permutation,718,3,-0.0037299367484816335,seed mean across valid load-memory diagonal
3,B,fixed_permutation,718,4,-0.0026321432420185636,seed mean across valid load-memory diagonal
3,B,fixed_permutation,718,5,-0.0017711959440599788,seed mean across valid load-memory diagonal
3,B,fixed_permutation,718,6,0.002579597566552736,seed mean across valid load-memory diagonal
3,B,fixed_permutation,718,7,0.0062769105974233375,seed mean across valid load-memory diagonal
3,B,fixed_permutation,718,8,-0.009115647381314864,seed mean across valid load-memory diagonal
3,B,fixed_permutation,718,9,0.008790090716644829,seed mean across valid load-memory diagonal
3,B,fixed_permutation,718,10,0.010873923250474036,seed mean across valid load-memory diagonal
3,B,fixed_permutation,718,11,-0.012676620494802388,seed mean across valid load-memory diagonal
3,B,fixed_permutation,718,12,5.0142096976439156e-05,seed mean across valid load-memory diagonal
3,B,fixed_permutation,718,13,0.004866761413026363,seed mean across valid load-memory diagonal
3,B,fixed_permutation,718,14,0.006500195539758905,seed mean across valid load-memory diagonal
3,B,fixed_permutation,718,15,-0.001755132195022371,seed mean across valid load-memory diagonal
3,B,fixed_permutation,718,16,-0.010306553407148882,seed mean across valid load-memory diagonal
3,B,fixed_permutation,718,17,-0.03740291470705077,seed mean across valid load-memory diagonal
3,B,fixed_permutation,718,18,-0.05086776645233234,seed mean across valid load-memory diagonal
3,B,fixed_permutation,718,19,-0.006511659883871311,seed mean across valid load-memory diagonal
3,B,fixed_permutation,718,20,0.015062259882688523,seed mean across valid load-memory diagonal
3,B,fixed_permutation,718,21,-0.018039829169328395,seed mean across valid load-memory diagonal
3,B,fixed_permutation,718,22,-0.025374149070366434,seed mean across valid load-memory diagonal
3,B,fixed_permutation,718,23,-0.03749450316300263,seed mean across valid load-memory diagonal
3,B,fixed_permutation,718,24,-0.029098915970987745,seed mean across valid load-memory diagonal
3,B,fixed_permutation,718,25,-0.04182779969913619,seed mean across valid load-memory diagonal
3,B,fixed_permutation,718,26,0.009283823892474174,seed mean across valid load-memory diagonal
3,B,fixed_permutation,718,27,-0.006871120270454522,seed mean across valid load-memory diagonal
3,B,fixed_permutation,718,28,-0.01041605626232922,seed mean across valid load-memory diagonal
3,B,fixed_permutation,718,29,0.011849796820071435,seed mean across valid load-memory diagonal
3,B,fixed_permutation,718,30,-0.026093717540303867,seed mean across valid load-memory diagonal
3,B,fixed_permutation,718,31,-0.03008166649218263,seed mean across valid load-memory diagonal
3,B,fixed_permutation,718,32,-0.03699917146669967,seed mean across valid load-memory diagonal
3,B,fixed_permutation,718,33,-0.01107110607403296,seed mean across valid load-memory diagonal
3,B,fixed_permutation,718,34,-0.022006015078379557,seed mean across valid load-memory diagonal
3,B,fixed_permutation,718,35,-0.008851980343461036,seed mean across valid load-memory diagonal
3,B,fixed_permutation,718,36,-0.007139313966035843,seed mean across valid load-memory diagonal
3,B,fixed_permutation,718,37,-0.023705422554327095,seed mean across valid load-memory diagonal
3,B,fixed_permutation,718,38,-0.04936302017251199,seed mean across valid load-memory diagonal
3,B,fixed_permutation,718,39,0.011472666192622412,seed mean across valid load-memory diagonal
3,B,fixed_permutation,718,40,0.0350626353174448,seed mean across valid load-memory diagonal
3,B,fixed_permutation,718,41,-0.00017133786490089014,seed mean across valid load-memory diagonal
3,B,fixed_permutation,718,42,0.0325859317349063,seed mean across valid load-memory diagonal
3,B,fixed_permutation,718,43,0.02769436687231064,seed mean across valid load-memory diagonal
3,B,fixed_permutation,718,44,0.002976821007905528,seed mean across valid load-memory diagonal
3,B,fixed_permutation,718,45,-0.016820183644692104,seed mean across valid load-memory diagonal
3,B,fixed_permutation,718,46,-0.012782788702419825,seed mean across valid load-memory diagonal
3,B,fixed_permutation,718,47,-0.025851864654284257,seed mean across valid load-memory diagonal
3,B,fixed_permutation,718,48,-0.01820864404241244,seed mean across valid load-memory diagonal
3,B,fixed_permutation,718,49,-0.029388013888489117,seed mean across valid load-memory diagonal
3,B,fixed_permutation,718,50,-0.0502042081207037,seed mean across valid load-memory diagonal
3,B,fixed_permutation,718,51,-0.10229697657956018,seed mean across valid load-memory diagonal
3,B,fixed_permutation,718,52,-0.11111110914498568,seed mean across valid load-memory diagonal
3,B,fixed_permutation,718,53,-0.04588925093412399,seed mean across valid load-memory diagonal
3,B,fixed_permutation,718,54,-0.11111050099134445,seed mean across valid load-memory diagonal
3,B,fixed_permutation,718,55,-0.0666051372885704,seed mean across valid load-memory diagonal
3,B,fixed_permutation,718,56,-0.10710250213742256,seed mean across valid load-memory diagonal
3,B,fixed_permutation,718,57,-0.11111110945542653,seed mean across valid load-memory diagonal
3,B,fixed_permutation,718,58,-0.1111111007630825,seed mean across valid load-memory diagonal
3,B,fixed_permutation,718,59,-0.1111111119389534,seed mean across valid load-memory diagonal
3,C,fixed_permutation,718,60,0.0,threshold=0.77777778
3,B,fixed_permutation,719,0,0.0010805429269870122,seed mean across valid load-memory diagonal
3,B,fixed_permutation,719,1,-0.005000373443304482,seed mean across valid load-memory diagonal
3,B,fixed_permutation,719,2,-0.008288587989478275,seed mean across valid load-memory diagonal
3,B,fixed_permutation,719,3,0.008692660417995955,seed mean across valid load-memory diagonal
3,B,fixed_permutation,719,4,0.007568940919424806,seed mean across valid load-memory diagonal
3,B,fixed_permutation,719,5,0.005418813499537381,seed mean across valid load-memory diagonal
3,B,fixed_permutation,719,6,-0.025874041736608854,seed mean across valid load-memory diagonal
3,B,fixed_permutation,719,7,-0.005670645748669247,seed mean across valid load-memory diagonal
3,B,fixed_permutation,719,8,-0.023650662830242745,seed mean across valid load-memory diagonal
3,B,fixed_permutation,719,9,0.013232062990758933,seed mean across valid load-memory diagonal
3,B,fixed_permutation,719,10,0.03143042251467705,seed mean across valid load-memory diagonal
3,B,fixed_permutation,719,11,0.009686179763200332,seed mean across valid load-memory diagonal
3,B,fixed_permutation,719,12,0.009776370755086342,seed mean across valid load-memory diagonal
3,B,fixed_permutation,719,13,0.018063207711786666,seed mean across valid load-memory diagonal
3,B,fixed_permutation,719,14,0.013909169837184574,seed mean across valid load-memory diagonal
3,B,fixed_permutation,719,15,-0.015704701799485417,seed mean across valid load-memory diagonal
3,B,fixed_permutation,719,16,0.03021002205258066,seed mean across valid load-memory diagonal
3,B,fixed_permutation,719,17,-0.020564826075420824,seed mean across valid load-memory diagonal
3,B,fixed_permutation,719,18,-0.002106828260279837,seed mean across valid load-memory diagonal
3,B,fixed_permutation,719,19,0.0014436205213026302,seed mean across valid load-memory diagonal
3,B,fixed_permutation,719,20,0.01731916591525078,seed mean across valid load-memory diagonal
3,B,fixed_permutation,719,21,0.02184663598354046,seed mean across valid load-memory diagonal
3,B,fixed_permutation,719,22,0.004104036837816238,seed mean across valid load-memory diagonal
3,B,fixed_permutation,719,23,-0.014577492266087918,seed mean across valid load-memory diagonal
3,B,fixed_permutation,719,24,0.004155248817470338,seed mean across valid load-memory diagonal
3,B,fixed_permutation,719,25,-0.004373082545186792,seed mean across valid load-memory diagonal
3,B,fixed_permutation,719,26,0.013547774842556785,seed mean across valid load-memory diagonal
3,B,fixed_permutation,719,27,-0.009968919735966307,seed mean across valid load-memory diagonal
3,B,fixed_permutation,719,28,-0.00713458243990317,seed mean across valid load-memory diagonal
3,B,fixed_permutation,719,29,0.03129626450038726,seed mean across valid load-memory diagonal
3,B,fixed_permutation,719,30,-0.03038839971025785,seed mean across valid load-memory diagonal
3,B,fixed_permutation,719,31,0.00651087004948279,seed mean across valid load-memory diagonal
3,B,fixed_permutation,719,32,0.0029487855000687496,seed mean across valid load-memory diagonal
3,B,fixed_permutation,719,33,0.01366737981637319,seed mean across valid load-memory diagonal
3,B,fixed_permutation,719,34,0.0035473065307507147,seed mean across valid load-memory diagonal
3,B,fixed_permutation,719,35,-0.010894908010959626,seed mean across valid load-memory diagonal
3,B,fixed_permutation,719,36,0.017631096454958122,seed mean across valid load-memory diagonal
3,B,fixed_permutation,719,37,0.011473167057493296,seed mean across valid load-memory diagonal
3,B,fixed_permutation,719,38,0.015185881932583552,seed mean across valid load-memory diagonal
3,B,fixed_permutation,719,39,-0.03586186716953913,seed mean across valid load-memory diagonal
3,B,fixed_permutation,719,40,0.01368562988936901,seed mean across valid load-memory diagonal
3,B,fixed_permutation,719,41,0.006853793404604259,seed mean across valid load-memory diagonal
3,B,fixed_permutation,719,42,-0.06198891542024083,seed mean across valid load-memory diagonal
3,B,fixed_permutation,719,43,-0.01595272868871689,seed mean across valid load-memory diagonal
3,B,fixed_permutation,719,44,-0.03355444758199155,seed mean across valid load-memory diagonal
3,B,fixed_permutation,719,45,-0.031569436689217883,seed mean across valid load-memory diagonal
3,B,fixed_permutation,719,46,-0.015980030809129988,seed mean across valid load-memory diagonal
3,B,fixed_permutation,719,47,-0.06378627224610402,seed mean across valid load-memory diagonal
3,B,fixed_permutation,719,48,-0.019784037644664448,seed mean across valid load-memory diagonal
3,B,fixed_permutation,719,49,-0.0492346469651569,seed mean across valid load-memory diagonal
3,B,fixed_permutation,719,50,-0.01904211416840553,seed mean across valid load-memory diagonal
3,B,fixed_permutation,719,51,-0.02724964502784941,seed mean across valid load-memory diagonal
3,B,fixed_permutation,719,52,-0.030942088924348354,seed mean across valid load-memory diagonal
3,B,fixed_permutation,719,53,-0.07936435299260276,seed mean across valid load-memory diagonal
3,B,fixed_permutation,719,54,-0.07407201826572418,seed mean across valid load-memory diagonal
3,B,fixed_permutation,719,55,-0.1110430747270584,seed mean across valid load-memory diagonal
3,B,fixed_permutation,719,56,-0.055127596482634544,seed mean across valid load-memory diagonal
3,B,fixed_permutation,719,57,-0.10978243003288905,seed mean across valid load-memory diagonal
3,B,fixed_permutation,719,58,-0.1111111119389534,seed mean across valid load-memory diagonal
3,B,fixed_permutation,719,59,-0.1111111119389534,seed mean across valid load-memory diagonal
3,C,fixed_permutation,719,60,0.0,threshold=0.77777778
3,B,decoder_rescue,700,0,0.9418056905269623,seed mean across valid load-memory diagonal
3,B,decoder_rescue,700,1,0.949118164636321,seed mean across valid load-memory diagonal
3,B,decoder_rescue,700,2,0.914932526391128,seed mean across valid load-memory diagonal
3,B,decoder_rescue,700,3,0.902714052744079,seed mean across valid load-memory diagonal
3,B,decoder_rescue,700,4,0.8577663557870048,seed mean across valid load-memory diagonal
3,B,decoder_rescue,700,5,0.84159968549555,seed mean across valid load-memory diagonal
3,B,decoder_rescue,700,6,0.8304307648429164,seed mean across valid load-memory diagonal
3,B,decoder_rescue,700,7,0.7371953236606886,seed mean across valid load-memory diagonal
3,B,decoder_rescue,700,8,0.7137976197096018,seed mean across valid load-memory diagonal
3,B,decoder_rescue,700,9,0.6631098009792029,seed mean across valid load-memory diagonal
3,B,decoder_rescue,700,10,0.5555015096068382,seed mean across valid load-memory diagonal
3,B,decoder_rescue,700,11,0.5586221298697044,seed mean across valid load-memory diagonal
3,B,decoder_rescue,700,12,0.5068163513205945,seed mean across valid load-memory diagonal
3,B,decoder_rescue,700,13,0.4377995165104562,seed mean across valid load-memory diagonal
3,B,decoder_rescue,700,14,0.4204852710599485,seed mean across valid load-memory diagonal
3,B,decoder_rescue,700,15,0.37681615518199074,seed mean across valid load-memory diagonal
3,B,decoder_rescue,700,16,0.3509157394397665,seed mean across valid load-memory diagonal
3,B,decoder_rescue,700,17,0.3249868651375521,seed mean across valid load-memory diagonal
3,B,decoder_rescue,700,18,0.27243491559333743,seed mean across valid load-memory diagonal
3,B,decoder_rescue,700,19,0.26536197015425056,seed mean across valid load-memory diagonal
3,B,decoder_rescue,700,20,0.2559673126786947,seed mean across valid load-memory diagonal
3,B,decoder_rescue,700,21,0.24410287386331803,seed mean across valid load-memory diagonal
3,B,decoder_rescue,700,22,0.20285126748249718,seed mean across valid load-memory diagonal
3,B,decoder_rescue,700,23,0.24017682802435514,seed mean across valid load-memory diagonal
3,B,decoder_rescue,700,24,0.1944803623094534,seed mean across valid load-memory diagonal
3,B,decoder_rescue,700,25,0.21912606911999838,seed mean across valid load-memory diagonal
3,B,decoder_rescue,700,26,0.17673273581792326,seed mean across valid load-memory diagonal
3,B,decoder_rescue,700,27,0.2153194465420463,seed mean across valid load-memory diagonal
3,B,decoder_rescue,700,28,0.23499811047804542,seed mean across valid load-memory diagonal
3,B,decoder_rescue,700,29,0.17132416583838,seed mean across valid load-memory diagonal
3,B,decoder_rescue,700,30,0.16509637956817944,seed mean across valid load-memory diagonal
3,B,decoder_rescue,700,31,0.20277900659832462,seed mean across valid load-memory diagonal
3,B,decoder_rescue,700,32,0.13745233350034272,seed mean across valid load-memory diagonal
3,B,decoder_rescue,700,33,0.16667720620278959,seed mean across valid load-memory diagonal
3,B,decoder_rescue,700,34,0.1804760883633907,seed mean across valid load-memory diagonal
3,B,decoder_rescue,700,35,0.18797205954790117,seed mean across valid load-memory diagonal
3,B,decoder_rescue,700,36,0.18292119656689465,seed mean across valid load-memory diagonal
3,B,decoder_rescue,700,37,0.13605661819810452,seed mean across valid load-memory diagonal
3,B,decoder_rescue,700,38,0.16872128370133313,seed mean across valid load-memory diagonal
3,B,decoder_rescue,700,39,0.13802770950964519,seed mean across valid load-memory diagonal
3,B,decoder_rescue,700,40,0.2534741180948913,seed mean across valid load-memory diagonal
3,B,decoder_rescue,700,41,0.20569836897285362,seed mean across valid load-memory diagonal
3,B,decoder_rescue,700,42,0.16063659058676827,seed mean across valid load-memory diagonal
3,B,decoder_rescue,700,43,0.1506014685420429,seed mean across valid load-memory diagonal
3,B,decoder_rescue,700,44,0.16923197032883763,seed mean across valid load-memory diagonal
3,B,decoder_rescue,700,45,0.15582965003947416,seed mean across valid load-memory diagonal
3,B,decoder_rescue,700,46,0.1755136206213917,seed mean across valid load-memory diagonal
3,B,decoder_rescue,700,47,0.18250150692004424,seed mean across valid load-memory diagonal
3,B,decoder_rescue,700,48,0.18567575762669244,seed mean across valid load-memory diagonal
3,B,decoder_rescue,700,49,0.16425762545656075,seed mean across valid load-memory diagonal
3,B,decoder_rescue,700,50,0.14045783299952747,seed mean across valid load-memory diagonal
3,B,decoder_rescue,700,51,0.09243496507406235,seed mean across valid load-memory diagonal
3,B,decoder_rescue,700,52,0.1426676083356142,seed mean across valid load-memory diagonal
3,B,decoder_rescue,700,53,0.1771260808621134,seed mean across valid load-memory diagonal
3,B,decoder_rescue,700,54,0.26368796949585277,seed mean across valid load-memory diagonal
3,B,decoder_rescue,700,55,0.28984375298023224,seed mean across valid load-memory diagonal
3,B,decoder_rescue,700,56,0.2821630109101534,seed mean across valid load-memory diagonal
3,B,decoder_rescue,700,57,0.30320453892151517,seed mean across valid load-memory diagonal
3,B,decoder_rescue,700,58,0.11111893877387047,seed mean across valid load-memory diagonal
3,B,decoder_rescue,700,59,0.11472007632255554,seed mean across valid load-memory diagonal
3,C,decoder_rescue,700,60,11.0,threshold=0.77777778
3,B,decoder_rescue,701,0,0.9399834672609965,seed mean across valid load-memory diagonal
3,B,decoder_rescue,701,1,0.9311918414245217,seed mean across valid load-memory diagonal
3,B,decoder_rescue,701,2,0.9181099780674639,seed mean across valid load-memory diagonal
3,B,decoder_rescue,701,3,0.9130079160656845,seed mean across valid load-memory diagonal
3,B,decoder_rescue,701,4,0.8960394731589726,seed mean across valid load-memory diagonal
3,B,decoder_rescue,701,5,0.853457076441158,seed mean across valid load-memory diagonal
3,B,decoder_rescue,701,6,0.8174701272337525,seed mean across valid load-memory diagonal
3,B,decoder_rescue,701,7,0.7944932535009565,seed mean across valid load-memory diagonal
3,B,decoder_rescue,701,8,0.7543524732956519,seed mean across valid load-memory diagonal
3,B,decoder_rescue,701,9,0.7169349386411554,seed mean across valid load-memory diagonal
3,B,decoder_rescue,701,10,0.643257769793272,seed mean across valid load-memory diagonal
3,B,decoder_rescue,701,11,0.5359291925418134,seed mean across valid load-memory diagonal
3,B,decoder_rescue,701,12,0.512486633223792,seed mean across valid load-memory diagonal
3,B,decoder_rescue,701,13,0.4811586230359179,seed mean across valid load-memory diagonal
3,B,decoder_rescue,701,14,0.4504237832582515,seed mean across valid load-memory diagonal
3,B,decoder_rescue,701,15,0.43026947958601847,seed mean across valid load-memory diagonal
3,B,decoder_rescue,701,16,0.37784051222049375,seed mean across valid load-memory diagonal
3,B,decoder_rescue,701,17,0.38829965895951485,seed mean across valid load-memory diagonal
3,B,decoder_rescue,701,18,0.34920388743990943,seed mean across valid load-memory diagonal
3,B,decoder_rescue,701,19,0.2955565716071827,seed mean across valid load-memory diagonal
3,B,decoder_rescue,701,20,0.27665102314203976,seed mean across valid load-memory diagonal
3,B,decoder_rescue,701,21,0.23790796330341926,seed mean across valid load-memory diagonal
3,B,decoder_rescue,701,22,0.23277394316698374,seed mean across valid load-memory diagonal
3,B,decoder_rescue,701,23,0.22313709496646314,seed mean across valid load-memory diagonal
3,B,decoder_rescue,701,24,0.1849726480949256,seed mean across valid load-memory diagonal
3,B,decoder_rescue,701,25,0.17732255198061467,seed mean across valid load-memory diagonal
3,B,decoder_rescue,701,26,0.17400720485431306,seed mean across valid load-memory diagonal
3,B,decoder_rescue,701,27,0.18944260003891858,seed mean across valid load-memory diagonal
3,B,decoder_rescue,701,28,0.17822932673152536,seed mean across valid load-memory diagonal
3,B,decoder_rescue,701,29,0.20646350229940108,seed mean across valid load-memory diagonal
3,B,decoder_rescue,701,30,0.1862935483455658,seed mean across valid load-memory diagonal
3,B,decoder_rescue,701,31,0.2230754124707189,seed mean across valid load-memory diagonal
3,B,decoder_rescue,701,32,0.2401858451110976,seed mean across valid load-memory diagonal
3,B,decoder_rescue,701,33,0.24418486682353197,seed mean across valid load-memory diagonal
3,B,decoder_rescue,701,34,0.29432127366845423,seed mean across valid load-memory diagonal
3,B,decoder_rescue,701,35,0.22992723315954208,seed mean across valid load-memory diagonal
3,B,decoder_rescue,701,36,0.20785613264888525,seed mean across valid load-memory diagonal
3,B,decoder_rescue,701,37,0.17404575419166815,seed mean across valid load-memory diagonal
3,B,decoder_rescue,701,38,0.21012965047901327,seed mean across valid load-memory diagonal
3,B,decoder_rescue,701,39,0.17524913308166323,seed mean across valid load-memory diagonal
3,B,decoder_rescue,701,40,0.17234801948070527,seed mean across valid load-memory diagonal
3,B,decoder_rescue,701,41,0.14216339784233192,seed mean across valid load-memory diagonal
3,B,decoder_rescue,701,42,0.16681088879704475,seed mean across valid load-memory diagonal
3,B,decoder_rescue,701,43,0.1939776723875719,seed mean across valid load-memory diagonal
3,B,decoder_rescue,701,44,0.1689995350316167,seed mean across valid load-memory diagonal
3,B,decoder_rescue,701,45,0.12685615519682567,seed mean across valid load-memory diagonal
3,B,decoder_rescue,701,46,0.14228019011872156,seed mean across valid load-memory diagonal
3,B,decoder_rescue,701,47,0.12710441992833063,seed mean across valid load-memory diagonal
3,B,decoder_rescue,701,48,0.09661222373445828,seed mean across valid load-memory diagonal
3,B,decoder_rescue,701,49,0.06457673826000908,seed mean across valid load-memory diagonal
3,B,decoder_rescue,701,50,0.14346679225564002,seed mean across valid load-memory diagonal
3,B,decoder_rescue,701,51,0.204433999541733,seed mean across valid load-memory diagonal
3,B,decoder_rescue,701,52,0.23150800541043282,seed mean across valid load-memory diagonal
3,B,decoder_rescue,701,53,0.11566010756152016,seed mean across valid load-memory diagonal
3,B,decoder_rescue,701,54,0.07580638428529103,seed mean across valid load-memory diagonal
3,B,decoder_rescue,701,55,0.11593786776065826,seed mean across valid load-memory diagonal
3,B,decoder_rescue,701,56,0.11115488037467003,seed mean across valid load-memory diagonal
3,B,decoder_rescue,701,57,0.11111404746770859,seed mean across valid load-memory diagonal
3,B,decoder_rescue,701,58,4.652887582778931e-06,seed mean across valid load-memory diagonal
3,B,decoder_rescue,701,59,0.3337213397026062,seed mean across valid load-memory diagonal
3,C,decoder_rescue,701,60,9.0,threshold=0.77777778
3,B,decoder_rescue,702,0,0.9344846606254578,seed mean across valid load-memory diagonal
3,B,decoder_rescue,702,1,0.9629471615209417,seed mean across valid load-memory diagonal
3,B,decoder_rescue,702,2,0.905530689091518,seed mean across valid load-memory diagonal
3,B,decoder_rescue,702,3,0.8590978530415317,seed mean across valid load-memory diagonal
3,B,decoder_rescue,702,4,0.8476086950727871,seed mean across valid load-memory diagonal
3,B,decoder_rescue,702,5,0.8402829657901417,seed mean across valid load-memory diagonal
3,B,decoder_rescue,702,6,0.7985728725239083,seed mean across valid load-memory diagonal
3,B,decoder_rescue,702,7,0.7609616208751246,seed mean across valid load-memory diagonal
3,B,decoder_rescue,702,8,0.7067644816751664,seed mean across valid load-memory diagonal
3,B,decoder_rescue,702,9,0.6795215063235339,seed mean across valid load-memory diagonal
3,B,decoder_rescue,702,10,0.598381580710411,seed mean across valid load-memory diagonal
3,B,decoder_rescue,702,11,0.5767801051237145,seed mean across valid load-memory diagonal
3,B,decoder_rescue,702,12,0.533538750683268,seed mean across valid load-memory diagonal
3,B,decoder_rescue,702,13,0.42041075388167765,seed mean across valid load-memory diagonal
3,B,decoder_rescue,702,14,0.40575090083091153,seed mean across valid load-memory diagonal
3,B,decoder_rescue,702,15,0.3947511659314235,seed mean across valid load-memory diagonal
3,B,decoder_rescue,702,16,0.360347337343476,seed mean across valid load-memory diagonal
3,B,decoder_rescue,702,17,0.32319306201019954,seed mean across valid load-memory diagonal
3,B,decoder_rescue,702,18,0.27427385552298456,seed mean across valid load-memory diagonal
3,B,decoder_rescue,702,19,0.2584724057602083,seed mean across valid load-memory diagonal
3,B,decoder_rescue,702,20,0.24594540912657975,seed mean across valid load-memory diagonal
3,B,decoder_rescue,702,21,0.19844102057126853,seed mean across valid load-memory diagonal
3,B,decoder_rescue,702,22,0.22815939784049988,seed mean across valid load-memory diagonal
3,B,decoder_rescue,702,23,0.2133652523562715,seed mean across valid load-memory diagonal
3,B,decoder_rescue,702,24,0.23171943777965176,seed mean across valid load-memory diagonal
3,B,decoder_rescue,702,25,0.23887951139892852,seed mean across valid load-memory diagonal
3,B,decoder_rescue,702,26,0.1920926835771431,seed mean across valid load-memory diagonal
3,B,decoder_rescue,702,27,0.17807959245912958,seed mean across valid load-memory diagonal
3,B,decoder_rescue,702,28,0.18902833736501634,seed mean across valid load-memory diagonal
3,B,decoder_rescue,702,29,0.15656298170647315,seed mean across valid load-memory diagonal
3,B,decoder_rescue,702,30,0.18418263172109922,seed mean across valid load-memory diagonal
3,B,decoder_rescue,702,31,0.14139367061956176,seed mean across valid load-memory diagonal
3,B,decoder_rescue,702,32,0.13127921801060438,seed mean across valid load-memory diagonal
3,B,decoder_rescue,702,33,0.1257659265840495,seed mean across valid load-memory diagonal
3,B,decoder_rescue,702,34,0.20851443263773733,seed mean across valid load-memory diagonal
3,B,decoder_rescue,702,35,0.11006118610501289,seed mean across valid load-memory diagonal
3,B,decoder_rescue,702,36,0.11739830595130722,seed mean across valid load-memory diagonal
3,B,decoder_rescue,702,37,0.17768620003176772,seed mean across valid load-memory diagonal
3,B,decoder_rescue,702,38,0.18907571922649036,seed mean across valid load-memory diagonal
3,B,decoder_rescue,702,39,0.13608518810499282,seed mean across valid load-memory diagonal
3,B,decoder_rescue,702,40,0.12367523647844791,seed mean across valid load-memory diagonal
3,B,decoder_rescue,702,41,0.1650680574147325,seed mean across valid load-memory diagonal
3,B,decoder_rescue,702,42,0.21277064747280544,seed mean across valid load-memory diagonal
3,B,decoder_rescue,702,43,0.2022442423245486,seed mean across valid load-memory diagonal
3,B,decoder_rescue,702,44,0.1835275450721383,seed mean across valid load-memory diagonal
3,B,decoder_rescue,702,45,0.21903666853904724,seed mean across valid load-memory diagonal
3,B,decoder_rescue,702,46,0.22802344549979484,seed mean across valid load-memory diagonal
3,B,decoder_rescue,702,47,0.20322942504516014,seed mean across valid load-memory diagonal
3,B,decoder_rescue,702,48,0.20145294877390066,seed mean across valid load-memory diagonal
3,B,decoder_rescue,702,49,0.16312929107384247,seed mean across valid load-memory diagonal
3,B,decoder_rescue,702,50,0.16206453815102578,seed mean across valid load-memory diagonal
3,B,decoder_rescue,702,51,0.14565340015623304,seed mean across valid load-memory diagonal
3,B,decoder_rescue,702,52,0.1634258246049285,seed mean across valid load-memory diagonal
3,B,decoder_rescue,702,53,0.16518528440168925,seed mean across valid load-memory diagonal
3,B,decoder_rescue,702,54,0.18480922281742096,seed mean across valid load-memory diagonal
3,B,decoder_rescue,702,55,0.11124276518821716,seed mean across valid load-memory diagonal
3,B,decoder_rescue,702,56,0.1714915931224823,seed mean across valid load-memory diagonal
3,B,decoder_rescue,702,57,0.18520539005597433,seed mean across valid load-memory diagonal
3,B,decoder_rescue,702,58,0.11707878857851028,seed mean across valid load-memory diagonal
3,B,decoder_rescue,702,59,0.33333995938301086,seed mean across valid load-memory diagonal
3,C,decoder_rescue,702,60,14.0,threshold=0.77777778
3,B,decoder_rescue,703,0,0.9449562281370163,seed mean across valid load-memory diagonal
3,B,decoder_rescue,703,1,0.9090079958156004,seed mean across valid load-memory diagonal
3,B,decoder_rescue,703,2,0.9232158886975256,seed mean across valid load-memory diagonal
3,B,decoder_rescue,703,3,0.8773896725554216,seed mean across valid load-memory diagonal
3,B,decoder_rescue,703,4,0.8582066015473434,seed mean across valid load-memory diagonal
3,B,decoder_rescue,703,5,0.836630619655956,seed mean across valid load-memory diagonal
3,B,decoder_rescue,703,6,0.8260045515166389,seed mean across valid load-memory diagonal
3,B,decoder_rescue,703,7,0.7975610685798357,seed mean across valid load-memory diagonal
3,B,decoder_rescue,703,8,0.6929703283195312,seed mean across valid load-memory diagonal
3,B,decoder_rescue,703,9,0.637616747296324,seed mean across valid load-memory diagonal
3,B,decoder_rescue,703,10,0.5431085586547851,seed mean across valid load-memory diagonal
3,B,decoder_rescue,703,11,0.5205667871905832,seed mean across valid load-memory diagonal
3,B,decoder_rescue,703,12,0.4451223559056719,seed mean across valid load-memory diagonal
3,B,decoder_rescue,703,13,0.4465781883039373,seed mean across valid load-memory diagonal
3,B,decoder_rescue,703,14,0.36339950027025264,seed mean across valid load-memory diagonal
3,B,decoder_rescue,703,15,0.351279426448875,seed mean across valid load-memory diagonal
3,B,decoder_rescue,703,16,0.31491544554856693,seed mean across valid load-memory diagonal
3,B,decoder_rescue,703,17,0.30641311840262525,seed mean across valid load-memory diagonal
3,B,decoder_rescue,703,18,0.30213373846241404,seed mean across valid load-memory diagonal
3,B,decoder_rescue,703,19,0.30555446664007696,seed mean across valid load-memory diagonal
3,B,decoder_rescue,703,20,0.23786431835033,seed mean across valid load-memory diagonal
3,B,decoder_rescue,703,21,0.21610812556285125,seed mean across valid load-memory diagonal
3,B,decoder_rescue,703,22,0.21237792143304096,seed mean across valid load-memory diagonal
3,B,decoder_rescue,703,23,0.22966301929507707,seed mean across valid load-memory diagonal
3,B,decoder_rescue,703,24,0.18049820574621359,seed mean across valid load-memory diagonal
3,B,decoder_rescue,703,25,0.24680672569998674,seed mean across valid load-memory diagonal
3,B,decoder_rescue,703,26,0.20006994114202611,seed mean across valid load-memory diagonal
3,B,decoder_rescue,703,27,0.17240013554692268,seed mean across valid load-memory diagonal
3,B,decoder_rescue,703,28,0.16411988553591073,seed mean across valid load-memory diagonal
3,B,decoder_rescue,703,29,0.16449657058523548,seed mean across valid load-memory diagonal
3,B,decoder_rescue,703,30,0.1823725827038288,seed mean across valid load-memory diagonal
3,B,decoder_rescue,703,31,0.1665024235844612,seed mean across valid load-memory diagonal
3,B,decoder_rescue,703,32,0.14242067374289036,seed mean across valid load-memory diagonal
3,B,decoder_rescue,703,33,0.15582571923732758,seed mean across valid load-memory diagonal
3,B,decoder_rescue,703,34,0.15744544049868217,seed mean across valid load-memory diagonal
3,B,decoder_rescue,703,35,0.13284778952598572,seed mean across valid load-memory diagonal
3,B,decoder_rescue,703,36,0.1872684642051657,seed mean across valid load-memory diagonal
3,B,decoder_rescue,703,37,0.15192859295917593,seed mean across valid load-memory diagonal
3,B,decoder_rescue,703,38,0.16070694171569563,seed mean across valid load-memory diagonal
3,B,decoder_rescue,703,39,0.17011737025209836,seed mean across valid load-memory diagonal
3,B,decoder_rescue,703,40,0.09934831280261278,seed mean across valid load-memory diagonal
3,B,decoder_rescue,703,41,0.06398121836154085,seed mean across valid load-memory diagonal
3,B,decoder_rescue,703,42,0.16062458521789974,seed mean across valid load-memory diagonal
3,B,decoder_rescue,703,43,0.18628200581845114,seed mean across valid load-memory diagonal
3,B,decoder_rescue,703,44,0.20964177465066314,seed mean across valid load-memory diagonal
3,B,decoder_rescue,703,45,0.1621252621213595,seed mean across valid load-memory diagonal
3,B,decoder_rescue,703,46,0.21112575701304845,seed mean across valid load-memory diagonal
3,B,decoder_rescue,703,47,0.1889425476010029,seed mean across valid load-memory diagonal
3,B,decoder_rescue,703,48,0.18673289629320303,seed mean across valid load-memory diagonal
3,B,decoder_rescue,703,49,0.21433590217070145,seed mean across valid load-memory diagonal
3,B,decoder_rescue,703,50,0.058520814031362535,seed mean across valid load-memory diagonal
3,B,decoder_rescue,703,51,0.1838564227024714,seed mean across valid load-memory diagonal
3,B,decoder_rescue,703,52,0.24330008472315967,seed mean across valid load-memory diagonal
3,B,decoder_rescue,703,53,0.24581381572144373,seed mean across valid load-memory diagonal
3,B,decoder_rescue,703,54,0.1422984047482411,seed mean across valid load-memory diagonal
3,B,decoder_rescue,703,55,0.16050592064857483,seed mean across valid load-memory diagonal
3,B,decoder_rescue,703,56,0.1141399759799242,seed mean across valid load-memory diagonal
3,B,decoder_rescue,703,57,0.39971521496772766,seed mean across valid load-memory diagonal
3,B,decoder_rescue,703,58,0.21685758233070374,seed mean across valid load-memory diagonal
3,B,decoder_rescue,703,59,0.11193376034498215,seed mean across valid load-memory diagonal
3,C,decoder_rescue,703,60,8.0,threshold=0.77777778
3,B,decoder_rescue,704,0,0.9480705668528875,seed mean across valid load-memory diagonal
3,B,decoder_rescue,704,1,0.9526901497679242,seed mean across valid load-memory diagonal
3,B,decoder_rescue,704,2,0.9187266343626482,seed mean across valid load-memory diagonal
3,B,decoder_rescue,704,3,0.8947060442807382,seed mean across valid load-memory diagonal
3,B,decoder_rescue,704,4,0.8784504277365548,seed mean across valid load-memory diagonal
3,B,decoder_rescue,704,5,0.8312390359965238,seed mean across valid load-memory diagonal
3,B,decoder_rescue,704,6,0.7734406495259868,seed mean across valid load-memory diagonal
3,B,decoder_rescue,704,7,0.7245040867688521,seed mean across valid load-memory diagonal
3,B,decoder_rescue,704,8,0.6910559951972503,seed mean across valid load-memory diagonal
3,B,decoder_rescue,704,9,0.6271717051664988,seed mean across valid load-memory diagonal
3,B,decoder_rescue,704,10,0.5804097381234169,seed mean across valid load-memory diagonal
3,B,decoder_rescue,704,11,0.529691260688159,seed mean across valid load-memory diagonal
3,B,decoder_rescue,704,12,0.5015401754838725,seed mean across valid load-memory diagonal
3,B,decoder_rescue,704,13,0.45094012144081136,seed mean across valid load-memory diagonal
3,B,decoder_rescue,704,14,0.3989179464785949,seed mean across valid load-memory diagonal
3,B,decoder_rescue,704,15,0.33896045568916533,seed mean across valid load-memory diagonal
3,B,decoder_rescue,704,16,0.34032768044959416,seed mean across valid load-memory diagonal
3,B,decoder_rescue,704,17,0.3031539284559183,seed mean across valid load-memory diagonal
3,B,decoder_rescue,704,18,0.22950478589960507,seed mean across valid load-memory diagonal
3,B,decoder_rescue,704,19,0.23986616339988825,seed mean across valid load-memory diagonal
3,B,decoder_rescue,704,20,0.23243216816335915,seed mean across valid load-memory diagonal
3,B,decoder_rescue,704,21,0.2525644972920418,seed mean across valid load-memory diagonal
3,B,decoder_rescue,704,22,0.2149412116329921,seed mean across valid load-memory diagonal
3,B,decoder_rescue,704,23,0.17610908078180776,seed mean across valid load-memory diagonal
3,B,decoder_rescue,704,24,0.1942397825833824,seed mean across valid load-memory diagonal
3,B,decoder_rescue,704,25,0.2065053301198142,seed mean across valid load-memory diagonal
3,B,decoder_rescue,704,26,0.2062246236292755,seed mean across valid load-memory diagonal
3,B,decoder_rescue,704,27,0.20429545866720605,seed mean across valid load-memory diagonal
3,B,decoder_rescue,704,28,0.17997054592706263,seed mean across valid load-memory diagonal
3,B,decoder_rescue,704,29,0.17768995247540936,seed mean across valid load-memory diagonal
3,B,decoder_rescue,704,30,0.15902193586031596,seed mean across valid load-memory diagonal
3,B,decoder_rescue,704,31,0.12353712843795275,seed mean across valid load-memory diagonal
3,B,decoder_rescue,704,32,0.11413217681859221,seed mean across valid load-memory diagonal
3,B,decoder_rescue,704,33,0.1546220208207766,seed mean across valid load-memory diagonal
3,B,decoder_rescue,704,34,0.1405637590931012,seed mean across valid load-memory diagonal
3,B,decoder_rescue,704,35,0.11511857758043334,seed mean across valid load-memory diagonal
3,B,decoder_rescue,704,36,0.11372906900942326,seed mean across valid load-memory diagonal
3,B,decoder_rescue,704,37,0.16245478828964027,seed mean across valid load-memory diagonal
3,B,decoder_rescue,704,38,0.17134698666632175,seed mean across valid load-memory diagonal
3,B,decoder_rescue,704,39,0.21721511511575609,seed mean across valid load-memory diagonal
3,B,decoder_rescue,704,40,0.18132737874984742,seed mean across valid load-memory diagonal
3,B,decoder_rescue,704,41,0.20773877046610179,seed mean across valid load-memory diagonal
3,B,decoder_rescue,704,42,0.13107437686994672,seed mean across valid load-memory diagonal
3,B,decoder_rescue,704,43,0.16345974715316997,seed mean across valid load-memory diagonal
3,B,decoder_rescue,704,44,0.206748953089118,seed mean across valid load-memory diagonal
3,B,decoder_rescue,704,45,0.11008182590206464,seed mean across valid load-memory diagonal
3,B,decoder_rescue,704,46,0.07871149267469134,seed mean across valid load-memory diagonal
3,B,decoder_rescue,704,47,0.13200306347929514,seed mean across valid load-memory diagonal
3,B,decoder_rescue,704,48,0.12317935361837347,seed mean across valid load-memory diagonal
3,B,decoder_rescue,704,49,0.14063873059454968,seed mean across valid load-memory diagonal
3,B,decoder_rescue,704,50,0.10300868209451437,seed mean across valid load-memory diagonal
3,B,decoder_rescue,704,51,0.1531555023458269,seed mean across valid load-memory diagonal
3,B,decoder_rescue,704,52,0.06377888284623623,seed mean across valid load-memory diagonal
3,B,decoder_rescue,704,53,0.0708823608500617,seed mean across valid load-memory diagonal
3,B,decoder_rescue,704,54,0.18770364175240198,seed mean across valid load-memory diagonal
3,B,decoder_rescue,704,55,0.0230380117893219,seed mean across valid load-memory diagonal
3,B,decoder_rescue,704,56,0.09601007401943207,seed mean across valid load-memory diagonal
3,B,decoder_rescue,704,57,0.26062365621328354,seed mean across valid load-memory diagonal
3,B,decoder_rescue,704,58,0.11345923319458961,seed mean across valid load-memory diagonal
3,B,decoder_rescue,704,59,0.1111111119389534,seed mean across valid load-memory diagonal
3,C,decoder_rescue,704,60,11.0,threshold=0.77777778
3,B,decoder_rescue,705,0,0.9518230587244034,seed mean across valid load-memory diagonal
3,B,decoder_rescue,705,1,0.9288179419808469,seed mean across valid load-memory diagonal
3,B,decoder_rescue,705,2,0.8936420453005823,seed mean across valid load-memory diagonal
3,B,decoder_rescue,705,3,0.8630535173834416,seed mean across valid load-memory diagonal
3,B,decoder_rescue,705,4,0.8471000748021262,seed mean across valid load-memory diagonal
3,B,decoder_rescue,705,5,0.8244927915659818,seed mean across valid load-memory diagonal
3,B,decoder_rescue,705,6,0.7618546966049407,seed mean across valid load-memory diagonal
3,B,decoder_rescue,705,7,0.7539896532049719,seed mean across valid load-memory diagonal
3,B,decoder_rescue,705,8,0.6852091734225934,seed mean across valid load-memory diagonal
3,B,decoder_rescue,705,9,0.6738872817334007,seed mean across valid load-memory diagonal
3,B,decoder_rescue,705,10,0.6264803431928158,seed mean across valid load-memory diagonal
3,B,decoder_rescue,705,11,0.5982135934185009,seed mean across valid load-memory diagonal
3,B,decoder_rescue,705,12,0.46518574887886643,seed mean across valid load-memory diagonal
3,B,decoder_rescue,705,13,0.43142017848948216,seed mean across valid load-memory diagonal
3,B,decoder_rescue,705,14,0.37908691929086397,seed mean across valid load-memory diagonal
3,B,decoder_rescue,705,15,0.3436638300617536,seed mean across valid load-memory diagonal
3,B,decoder_rescue,705,16,0.3032398135824637,seed mean across valid load-memory diagonal
3,B,decoder_rescue,705,17,0.30885847510640013,seed mean across valid load-memory diagonal
3,B,decoder_rescue,705,18,0.298357906263499,seed mean across valid load-memory diagonal
3,B,decoder_rescue,705,19,0.2608580173152249,seed mean across valid load-memory diagonal
3,B,decoder_rescue,705,20,0.2709402535110712,seed mean across valid load-memory diagonal
3,B,decoder_rescue,705,21,0.22469555338223776,seed mean across valid load-memory diagonal
3,B,decoder_rescue,705,22,0.25115242678868144,seed mean across valid load-memory diagonal
3,B,decoder_rescue,705,23,0.21194297598825917,seed mean across valid load-memory diagonal
3,B,decoder_rescue,705,24,0.20018378479613197,seed mean across valid load-memory diagonal
3,B,decoder_rescue,705,25,0.22945607602596282,seed mean across valid load-memory diagonal
3,B,decoder_rescue,705,26,0.1877453559461762,seed mean across valid load-memory diagonal
3,B,decoder_rescue,705,27,0.16236977843624173,seed mean across valid load-memory diagonal
3,B,decoder_rescue,705,28,0.1438264175085351,seed mean across valid load-memory diagonal
3,B,decoder_rescue,705,29,0.16275973257518583,seed mean across valid load-memory diagonal
3,B,decoder_rescue,705,30,0.20942500109473863,seed mean across valid load-memory diagonal
3,B,decoder_rescue,705,31,0.179339203855087,seed mean across valid load-memory diagonal
3,B,decoder_rescue,705,32,0.20193518538560187,seed mean across valid load-memory diagonal
3,B,decoder_rescue,705,33,0.17140912926859325,seed mean across valid load-memory diagonal
3,B,decoder_rescue,705,34,0.18415877509575623,seed mean across valid load-memory diagonal
3,B,decoder_rescue,705,35,0.16473489493131638,seed mean across valid load-memory diagonal
3,B,decoder_rescue,705,36,0.16990986187011003,seed mean across valid load-memory diagonal
3,B,decoder_rescue,705,37,0.1588959110819775,seed mean across valid load-memory diagonal
3,B,decoder_rescue,705,38,0.1635875068604946,seed mean across valid load-memory diagonal
3,B,decoder_rescue,705,39,0.20538865703912007,seed mean across valid load-memory diagonal
3,B,decoder_rescue,705,40,0.22793893804773688,seed mean across valid load-memory diagonal
3,B,decoder_rescue,705,41,0.1613816403244671,seed mean across valid load-memory diagonal
3,B,decoder_rescue,705,42,0.17218898236751556,seed mean across valid load-memory diagonal
3,B,decoder_rescue,705,43,0.11990474515101489,seed mean across valid load-memory diagonal
3,B,decoder_rescue,705,44,0.0879558501765132,seed mean across valid load-memory diagonal
3,B,decoder_rescue,705,45,0.1307556912302971,seed mean across valid load-memory diagonal
3,B,decoder_rescue,705,46,0.1054721303018076,seed mean across valid load-memory diagonal
3,B,decoder_rescue,705,47,0.09534877767929664,seed mean across valid load-memory diagonal
3,B,decoder_rescue,705,48,0.14370344517131647,seed mean across valid load-memory diagonal
3,B,decoder_rescue,705,49,0.09074529023333029,seed mean across valid load-memory diagonal
3,B,decoder_rescue,705,50,0.13631377406418324,seed mean across valid load-memory diagonal
3,B,decoder_rescue,705,51,0.18853924257887733,seed mean across valid load-memory diagonal
3,B,decoder_rescue,705,52,0.25636032689362764,seed mean across valid load-memory diagonal
3,B,decoder_rescue,705,53,0.24271635924066817,seed mean across valid load-memory diagonal
3,B,decoder_rescue,705,54,0.14992483208576837,seed mean across valid load-memory diagonal
3,B,decoder_rescue,705,55,0.19467345476150513,seed mean across valid load-memory diagonal
3,B,decoder_rescue,705,56,0.22849393635988235,seed mean across valid load-memory diagonal
3,B,decoder_rescue,705,57,0.18543403844038645,seed mean across valid load-memory diagonal
3,B,decoder_rescue,705,58,0.11961104348301888,seed mean across valid load-memory diagonal
3,B,decoder_rescue,705,59,0.333564817905426,seed mean across valid load-memory diagonal
3,C,decoder_rescue,705,60,12.0,threshold=0.77777778
3,B,decoder_rescue,706,0,0.9541922966639201,seed mean across valid load-memory diagonal
3,B,decoder_rescue,706,1,0.9373408414549746,seed mean across valid load-memory diagonal
3,B,decoder_rescue,706,2,0.9364784401038597,seed mean across valid load-memory diagonal
3,B,decoder_rescue,706,3,0.9051664994474042,seed mean across valid load-memory diagonal
3,B,decoder_rescue,706,4,0.8466407986623901,seed mean across valid load-memory diagonal
3,B,decoder_rescue,706,5,0.7915806651115418,seed mean across valid load-memory diagonal
3,B,decoder_rescue,706,6,0.8092791349799545,seed mean across valid load-memory diagonal
3,B,decoder_rescue,706,7,0.7697477858021574,seed mean across valid load-memory diagonal
3,B,decoder_rescue,706,8,0.7220801069186285,seed mean across valid load-memory diagonal
3,B,decoder_rescue,706,9,0.646826957078541,seed mean across valid load-memory diagonal
3,B,decoder_rescue,706,10,0.5958231766521931,seed mean across valid load-memory diagonal
3,B,decoder_rescue,706,11,0.5672151592313027,seed mean across valid load-memory diagonal
3,B,decoder_rescue,706,12,0.4718174752779305,seed mean across valid load-memory diagonal
3,B,decoder_rescue,706,13,0.4610761167838218,seed mean across valid load-memory diagonal
3,B,decoder_rescue,706,14,0.42497598039715184,seed mean across valid load-memory diagonal
3,B,decoder_rescue,706,15,0.42182216230365965,seed mean across valid load-memory diagonal
3,B,decoder_rescue,706,16,0.3926767520606518,seed mean across valid load-memory diagonal
3,B,decoder_rescue,706,17,0.3230413227926853,seed mean across valid load-memory diagonal
3,B,decoder_rescue,706,18,0.30564573203169165,seed mean across valid load-memory diagonal
3,B,decoder_rescue,706,19,0.3307694343895447,seed mean across valid load-memory diagonal
3,B,decoder_rescue,706,20,0.2498503878712654,seed mean across valid load-memory diagonal
3,B,decoder_rescue,706,21,0.24427550591719457,seed mean across valid load-memory diagonal
3,B,decoder_rescue,706,22,0.2780451488338019,seed mean across valid load-memory diagonal
3,B,decoder_rescue,706,23,0.23403429642722412,seed mean across valid load-memory diagonal
3,B,decoder_rescue,706,24,0.241167939785454,seed mean across valid load-memory diagonal
3,B,decoder_rescue,706,25,0.22247294868741715,seed mean across valid load-memory diagonal
3,B,decoder_rescue,706,26,0.18084373566157677,seed mean across valid load-memory diagonal
3,B,decoder_rescue,706,27,0.11709087138826196,seed mean across valid load-memory diagonal
3,B,decoder_rescue,706,28,0.19339712464716285,seed mean across valid load-memory diagonal
3,B,decoder_rescue,706,29,0.22282380983233452,seed mean across valid load-memory diagonal
3,B,decoder_rescue,706,30,0.1892290458083153,seed mean across valid load-memory diagonal
3,B,decoder_rescue,706,31,0.1914101512781505,seed mean across valid load-memory diagonal
3,B,decoder_rescue,706,32,0.19769303713526046,seed mean across valid load-memory diagonal
3,B,decoder_rescue,706,33,0.2003949389413551,seed mean across valid load-memory diagonal
3,B,decoder_rescue,706,34,0.172748357630693,seed mean across valid load-memory diagonal
3,B,decoder_rescue,706,35,0.1485883942246437,seed mean across valid load-memory diagonal
3,B,decoder_rescue,706,36,0.12475601055969794,seed mean across valid load-memory diagonal
3,B,decoder_rescue,706,37,0.1547153595349063,seed mean across valid load-memory diagonal
3,B,decoder_rescue,706,38,0.13898895333775066,seed mean across valid load-memory diagonal
3,B,decoder_rescue,706,39,0.17804766375394093,seed mean across valid load-memory diagonal
3,B,decoder_rescue,706,40,0.20748590156435967,seed mean across valid load-memory diagonal
3,B,decoder_rescue,706,41,0.21435191599946274,seed mean across valid load-memory diagonal
3,B,decoder_rescue,706,42,0.19985787943005562,seed mean across valid load-memory diagonal
3,B,decoder_rescue,706,43,0.1657524457310929,seed mean across valid load-memory diagonal
3,B,decoder_rescue,706,44,0.1596962851472199,seed mean across valid load-memory diagonal
3,B,decoder_rescue,706,45,0.11260934273401896,seed mean across valid load-memory diagonal
3,B,decoder_rescue,706,46,0.1776824045394148,seed mean across valid load-memory diagonal
3,B,decoder_rescue,706,47,0.22210837614077789,seed mean across valid load-memory diagonal
3,B,decoder_rescue,706,48,0.15347828281422457,seed mean across valid load-memory diagonal
3,B,decoder_rescue,706,49,0.14477617022666064,seed mean across valid load-memory diagonal
3,B,decoder_rescue,706,50,0.2719197325408459,seed mean across valid load-memory diagonal
3,B,decoder_rescue,706,51,0.18862729022900263,seed mean across valid load-memory diagonal
3,B,decoder_rescue,706,52,0.14936117082834244,seed mean across valid load-memory diagonal
3,B,decoder_rescue,706,53,0.10331230929919652,seed mean across valid load-memory diagonal
3,B,decoder_rescue,706,54,0.147882721076409,seed mean across valid load-memory diagonal
3,B,decoder_rescue,706,55,0.19397279769182205,seed mean across valid load-memory diagonal
3,B,decoder_rescue,706,56,0.10151835950091481,seed mean across valid load-memory diagonal
3,B,decoder_rescue,706,57,0.04082111517588297,seed mean across valid load-memory diagonal
3,B,decoder_rescue,706,58,0.2295113243162632,seed mean across valid load-memory diagonal
3,B,decoder_rescue,706,59,0.11176103353500366,seed mean across valid load-memory diagonal
3,C,decoder_rescue,706,60,10.0,threshold=0.77777778
3,B,decoder_rescue,707,0,0.9547209252913793,seed mean across valid load-memory diagonal
3,B,decoder_rescue,707,1,0.9283633393756414,seed mean across valid load-memory diagonal
3,B,decoder_rescue,707,2,0.9056809195156755,seed mean across valid load-memory diagonal
3,B,decoder_rescue,707,3,0.8996658178797939,seed mean across valid load-memory diagonal
3,B,decoder_rescue,707,4,0.8787749984434673,seed mean across valid load-memory diagonal
3,B,decoder_rescue,707,5,0.8661579923196272,seed mean across valid load-memory diagonal
3,B,decoder_rescue,707,6,0.7940652094505452,seed mean across valid load-memory diagonal
3,B,decoder_rescue,707,7,0.7440411774617322,seed mean across valid load-memory diagonal
3,B,decoder_rescue,707,8,0.6838856894397535,seed mean across valid load-memory diagonal
3,B,decoder_rescue,707,9,0.6448639762021747,seed mean across valid load-memory diagonal
3,B,decoder_rescue,707,10,0.5775437489151954,seed mean across valid load-memory diagonal
3,B,decoder_rescue,707,11,0.5046580490105006,seed mean across valid load-memory diagonal
3,B,decoder_rescue,707,12,0.5007200475471715,seed mean across valid load-memory diagonal
3,B,decoder_rescue,707,13,0.4202115190155963,seed mean across valid load-memory diagonal
3,B,decoder_rescue,707,14,0.3731184070524962,seed mean across valid load-memory diagonal
3,B,decoder_rescue,707,15,0.30723818375004663,seed mean across valid load-memory diagonal
3,B,decoder_rescue,707,16,0.30406080846759403,seed mean across valid load-memory diagonal
3,B,decoder_rescue,707,17,0.2697496337946071,seed mean across valid load-memory diagonal
3,B,decoder_rescue,707,18,0.3139238139348371,seed mean across valid load-memory diagonal
3,B,decoder_rescue,707,19,0.22704319728583824,seed mean across valid load-memory diagonal
3,B,decoder_rescue,707,20,0.2131886714254506,seed mean across valid load-memory diagonal
3,B,decoder_rescue,707,21,0.20694588019679755,seed mean across valid load-memory diagonal
3,B,decoder_rescue,707,22,0.17372898012399673,seed mean across valid load-memory diagonal
3,B,decoder_rescue,707,23,0.2308790998382343,seed mean across valid load-memory diagonal
3,B,decoder_rescue,707,24,0.20721029768497423,seed mean across valid load-memory diagonal
3,B,decoder_rescue,707,25,0.23692596022571835,seed mean across valid load-memory diagonal
3,B,decoder_rescue,707,26,0.18890095874667168,seed mean across valid load-memory diagonal
3,B,decoder_rescue,707,27,0.17761251386819463,seed mean across valid load-memory diagonal
3,B,decoder_rescue,707,28,0.190424534259364,seed mean across valid load-memory diagonal
3,B,decoder_rescue,707,29,0.15964346324964876,seed mean across valid load-memory diagonal
3,B,decoder_rescue,707,30,0.1773991232117017,seed mean across valid load-memory diagonal
3,B,decoder_rescue,707,31,0.15073079692906347,seed mean across valid load-memory diagonal
3,B,decoder_rescue,707,32,0.15135234328252928,seed mean across valid load-memory diagonal
3,B,decoder_rescue,707,33,0.13257785886526108,seed mean across valid load-memory diagonal
3,B,decoder_rescue,707,34,0.1733950340690521,seed mean across valid load-memory diagonal
3,B,decoder_rescue,707,35,0.12830343961715698,seed mean across valid load-memory diagonal
3,B,decoder_rescue,707,36,0.1124180971334378,seed mean across valid load-memory diagonal
3,B,decoder_rescue,707,37,0.14051023384799127,seed mean across valid load-memory diagonal
3,B,decoder_rescue,707,38,0.16511897573416884,seed mean across valid load-memory diagonal
3,B,decoder_rescue,707,39,0.15491269599823726,seed mean across valid load-memory diagonal
3,B,decoder_rescue,707,40,0.17581396251916886,seed mean across valid load-memory diagonal
3,B,decoder_rescue,707,41,0.12050063937510315,seed mean across valid load-memory diagonal
3,B,decoder_rescue,707,42,0.14842784570323098,seed mean across valid load-memory diagonal
3,B,decoder_rescue,707,43,0.12165078564601786,seed mean across valid load-memory diagonal
3,B,decoder_rescue,707,44,0.10512352036312222,seed mean across valid load-memory diagonal
3,B,decoder_rescue,707,45,0.12152424206336339,seed mean across valid load-memory diagonal
3,B,decoder_rescue,707,46,0.07298417901620269,seed mean across valid load-memory diagonal
3,B,decoder_rescue,707,47,0.1601295952613537,seed mean across valid load-memory diagonal
3,B,decoder_rescue,707,48,0.2615736611187458,seed mean across valid load-memory diagonal
3,B,decoder_rescue,707,49,0.21162846007130362,seed mean across valid load-memory diagonal
3,B,decoder_rescue,707,50,0.1770473025739193,seed mean across valid load-memory diagonal
3,B,decoder_rescue,707,51,0.11490153935220507,seed mean across valid load-memory diagonal
3,B,decoder_rescue,707,52,0.1422302182763815,seed mean across valid load-memory diagonal
3,B,decoder_rescue,707,53,0.15050098725727626,seed mean across valid load-memory diagonal
3,B,decoder_rescue,707,54,0.11711004500587781,seed mean across valid load-memory diagonal
3,B,decoder_rescue,707,55,0.1605200543999672,seed mean across valid load-memory diagonal
3,B,decoder_rescue,707,56,0.1164338942617178,seed mean across valid load-memory diagonal
3,B,decoder_rescue,707,57,0.03948508451382319,seed mean across valid load-memory diagonal
3,B,decoder_rescue,707,58,0.00010715052485466003,seed mean across valid load-memory diagonal
3,B,decoder_rescue,707,59,0.11307109892368317,seed mean across valid load-memory diagonal
3,C,decoder_rescue,707,60,11.0,threshold=0.77777778
3,B,decoder_rescue,708,0,0.9399088948965073,seed mean across valid load-memory diagonal
3,B,decoder_rescue,708,1,0.9135808187015986,seed mean across valid load-memory diagonal
3,B,decoder_rescue,708,2,0.8930343225084502,seed mean across valid load-memory diagonal
3,B,decoder_rescue,708,3,0.8877554556779694,seed mean across valid load-memory diagonal
3,B,decoder_rescue,708,4,0.8544949873217514,seed mean across valid load-memory diagonal
3,B,decoder_rescue,708,5,0.8477112542499196,seed mean across valid load-memory diagonal
3,B,decoder_rescue,708,6,0.8141627841525607,seed mean across valid load-memory diagonal
3,B,decoder_rescue,708,7,0.7581993375184402,seed mean across valid load-memory diagonal
3,B,decoder_rescue,708,8,0.7161874811236675,seed mean across valid load-memory diagonal
3,B,decoder_rescue,708,9,0.6554101810735815,seed mean across valid load-memory diagonal
3,B,decoder_rescue,708,10,0.6287858583033085,seed mean across valid load-memory diagonal
3,B,decoder_rescue,708,11,0.5282270690920402,seed mean across valid load-memory diagonal
3,B,decoder_rescue,708,12,0.4875600050824384,seed mean across valid load-memory diagonal
3,B,decoder_rescue,708,13,0.45631912160427013,seed mean across valid load-memory diagonal
3,B,decoder_rescue,708,14,0.3923879084582238,seed mean across valid load-memory diagonal
3,B,decoder_rescue,708,15,0.37271449383762145,seed mean across valid load-memory diagonal
3,B,decoder_rescue,708,16,0.33728502148931677,seed mean across valid load-memory diagonal
3,B,decoder_rescue,708,17,0.31364142184340676,seed mean across valid load-memory diagonal
3,B,decoder_rescue,708,18,0.2714064062706062,seed mean across valid load-memory diagonal
3,B,decoder_rescue,708,19,0.2656020563913555,seed mean across valid load-memory diagonal
3,B,decoder_rescue,708,20,0.2704763965681195,seed mean across valid load-memory diagonal
3,B,decoder_rescue,708,21,0.26785702009995777,seed mean across valid load-memory diagonal
3,B,decoder_rescue,708,22,0.23655396288162783,seed mean across valid load-memory diagonal
3,B,decoder_rescue,708,23,0.24716090390811096,seed mean across valid load-memory diagonal
3,B,decoder_rescue,708,24,0.17969691815475622,seed mean across valid load-memory diagonal
3,B,decoder_rescue,708,25,0.1820769876241684,seed mean across valid load-memory diagonal
3,B,decoder_rescue,708,26,0.18230935251888106,seed mean across valid load-memory diagonal
3,B,decoder_rescue,708,27,0.13094150907162463,seed mean across valid load-memory diagonal
3,B,decoder_rescue,708,28,0.16469655954279006,seed mean across valid load-memory diagonal
3,B,decoder_rescue,708,29,0.1939670092636539,seed mean across valid load-memory diagonal
3,B,decoder_rescue,708,30,0.1644579006979863,seed mean across valid load-memory diagonal
3,B,decoder_rescue,708,31,0.14562122343943038,seed mean across valid load-memory diagonal
3,B,decoder_rescue,708,32,0.17031355095761164,seed mean across valid load-memory diagonal
3,B,decoder_rescue,708,33,0.17789350394849424,seed mean across valid load-memory diagonal
3,B,decoder_rescue,708,34,0.1541036802988786,seed mean across valid load-memory diagonal
3,B,decoder_rescue,708,35,0.21956820629537105,seed mean across valid load-memory diagonal
3,B,decoder_rescue,708,36,0.1899368374918898,seed mean across valid load-memory diagonal
3,B,decoder_rescue,708,37,0.21049829280894736,seed mean across valid load-memory diagonal
3,B,decoder_rescue,708,38,0.1711763348430395,seed mean across valid load-memory diagonal
3,B,decoder_rescue,708,39,0.12172670201176689,seed mean across valid load-memory diagonal
3,B,decoder_rescue,708,40,0.10222667045891284,seed mean across valid load-memory diagonal
3,B,decoder_rescue,708,41,0.12784947102007113,seed mean across valid load-memory diagonal
3,B,decoder_rescue,708,42,0.0924298105140527,seed mean across valid load-memory diagonal
3,B,decoder_rescue,708,43,0.15240652103196173,seed mean across valid load-memory diagonal
3,B,decoder_rescue,708,44,0.15069075068458915,seed mean across valid load-memory diagonal
3,B,decoder_rescue,708,45,0.10104320496320725,seed mean across valid load-memory diagonal
3,B,decoder_rescue,708,46,0.17780545353889465,seed mean across valid load-memory diagonal
3,B,decoder_rescue,708,47,0.047753676772117615,seed mean across valid load-memory diagonal
3,B,decoder_rescue,708,48,0.07589407141009967,seed mean across valid load-memory diagonal
3,B,decoder_rescue,708,49,0.12575030123645609,seed mean across valid load-memory diagonal
3,B,decoder_rescue,708,50,0.08508967235684395,seed mean across valid load-memory diagonal
3,B,decoder_rescue,708,51,0.08757905827628241,seed mean across valid load-memory diagonal
3,B,decoder_rescue,708,52,0.17214199621230364,seed mean across valid load-memory diagonal
3,B,decoder_rescue,708,53,0.1749606111219951,seed mean across valid load-memory diagonal
3,B,decoder_rescue,708,54,0.11342275391022365,seed mean across valid load-memory diagonal
3,B,decoder_rescue,708,55,0.1553097054362297,seed mean across valid load-memory diagonal
3,B,decoder_rescue,708,56,0.1701459288597107,seed mean across valid load-memory diagonal
3,B,decoder_rescue,708,57,0.12008542567491531,seed mean across valid load-memory diagonal
3,B,decoder_rescue,708,58,0.3244312256574631,seed mean across valid load-memory diagonal
3,B,decoder_rescue,708,59,0.33317458629608154,seed mean across valid load-memory diagonal
3,C,decoder_rescue,708,60,3.0,threshold=0.77777778
3,B,decoder_rescue,709,0,0.9564701229333877,seed mean across valid load-memory diagonal
3,B,decoder_rescue,709,1,0.9375873753579996,seed mean across valid load-memory diagonal
3,B,decoder_rescue,709,2,0.9350569895629225,seed mean across valid load-memory diagonal
3,B,decoder_rescue,709,3,0.9007452642708494,seed mean across valid load-memory diagonal
3,B,decoder_rescue,709,4,0.8689407567892756,seed mean across valid load-memory diagonal
3,B,decoder_rescue,709,5,0.8554676836187189,seed mean across valid load-memory diagonal
3,B,decoder_rescue,709,6,0.8079087011240147,seed mean across valid load-memory diagonal
3,B,decoder_rescue,709,7,0.7645369841242736,seed mean across valid load-memory diagonal
3,B,decoder_rescue,709,8,0.6962367395082345,seed mean across valid load-memory diagonal
3,B,decoder_rescue,709,9,0.6100044617173719,seed mean across valid load-memory diagonal
3,B,decoder_rescue,709,10,0.5511167886853218,seed mean across valid load-memory diagonal
3,B,decoder_rescue,709,11,0.5523153321475399,seed mean across valid load-memory diagonal
3,B,decoder_rescue,709,12,0.4676551101729274,seed mean across valid load-memory diagonal
3,B,decoder_rescue,709,13,0.37650857310979924,seed mean across valid load-memory diagonal
3,B,decoder_rescue,709,14,0.41867456309821294,seed mean across valid load-memory diagonal
3,B,decoder_rescue,709,15,0.3752862375643518,seed mean across valid load-memory diagonal
3,B,decoder_rescue,709,16,0.3543388530273329,seed mean across valid load-memory diagonal
3,B,decoder_rescue,709,17,0.3035618590061055,seed mean across valid load-memory diagonal
3,B,decoder_rescue,709,18,0.31697059369512964,seed mean across valid load-memory diagonal
3,B,decoder_rescue,709,19,0.3175199063631093,seed mean across valid load-memory diagonal
3,B,decoder_rescue,709,20,0.2870733689516783,seed mean across valid load-memory diagonal
3,B,decoder_rescue,709,21,0.2554032475902484,seed mean across valid load-memory diagonal
3,B,decoder_rescue,709,22,0.20981444052334777,seed mean across valid load-memory diagonal
3,B,decoder_rescue,709,23,0.21119606736544017,seed mean across valid load-memory diagonal
3,B,decoder_rescue,709,24,0.1819958525399367,seed mean across valid load-memory diagonal
3,B,decoder_rescue,709,25,0.17733876002686363,seed mean across valid load-memory diagonal
3,B,decoder_rescue,709,26,0.16435415670275688,seed mean across valid load-memory diagonal
3,B,decoder_rescue,709,27,0.1544491991852269,seed mean across valid load-memory diagonal
3,B,decoder_rescue,709,28,0.14140101126395166,seed mean across valid load-memory diagonal
3,B,decoder_rescue,709,29,0.14819969981908798,seed mean across valid load-memory diagonal
3,B,decoder_rescue,709,30,0.19524147311846415,seed mean across valid load-memory diagonal
3,B,decoder_rescue,709,31,0.15982360482729716,seed mean across valid load-memory diagonal
3,B,decoder_rescue,709,32,0.1407283910417131,seed mean across valid load-memory diagonal
3,B,decoder_rescue,709,33,0.13080113353552641,seed mean across valid load-memory diagonal
3,B,decoder_rescue,709,34,0.15933293849229813,seed mean across valid load-memory diagonal
3,B,decoder_rescue,709,35,0.21217837899923325,seed mean across valid load-memory diagonal
3,B,decoder_rescue,709,36,0.159067975046734,seed mean across valid load-memory diagonal
3,B,decoder_rescue,709,37,0.1239212450125943,seed mean across valid load-memory diagonal
3,B,decoder_rescue,709,38,0.18193755163387818,seed mean across valid load-memory diagonal
3,B,decoder_rescue,709,39,0.1663446504445303,seed mean across valid load-memory diagonal
3,B,decoder_rescue,709,40,0.14618025980889798,seed mean across valid load-memory diagonal
3,B,decoder_rescue,709,41,0.20594406676919838,seed mean across valid load-memory diagonal
3,B,decoder_rescue,709,42,0.17610681905514664,seed mean across valid load-memory diagonal
3,B,decoder_rescue,709,43,0.1688704573932816,seed mean across valid load-memory diagonal
3,B,decoder_rescue,709,44,0.15078567853197455,seed mean across valid load-memory diagonal
3,B,decoder_rescue,709,45,0.12146962384382884,seed mean across valid load-memory diagonal
3,B,decoder_rescue,709,46,0.13394071481057576,seed mean across valid load-memory diagonal
3,B,decoder_rescue,709,47,0.14478182104917672,seed mean across valid load-memory diagonal
3,B,decoder_rescue,709,48,0.17039865627884865,seed mean across valid load-memory diagonal
3,B,decoder_rescue,709,49,0.15734331038865176,seed mean across valid load-memory diagonal
3,B,decoder_rescue,709,50,0.25053196847438813,seed mean across valid load-memory diagonal
3,B,decoder_rescue,709,51,0.23742437114318213,seed mean across valid load-memory diagonal
3,B,decoder_rescue,709,52,0.22351159155368805,seed mean across valid load-memory diagonal
3,B,decoder_rescue,709,53,0.11549172656876701,seed mean across valid load-memory diagonal
3,B,decoder_rescue,709,54,0.1537181499103705,seed mean across valid load-memory diagonal
3,B,decoder_rescue,709,55,0.33943514674901965,seed mean across valid load-memory diagonal
3,B,decoder_rescue,709,56,0.17648997344076633,seed mean across valid load-memory diagonal
3,B,decoder_rescue,709,57,0.2635050117969513,seed mean across valid load-memory diagonal
3,B,decoder_rescue,709,58,0.33372172713279724,seed mean across valid load-memory diagonal
3,B,decoder_rescue,709,59,0.11248991638422012,seed mean across valid load-memory diagonal
3,C,decoder_rescue,709,60,8.0,threshold=0.77777778
3,B,decoder_rescue,710,0,0.947369925181071,seed mean across valid load-memory diagonal
3,B,decoder_rescue,710,1,0.9346481137356516,seed mean across valid load-memory diagonal
3,B,decoder_rescue,710,2,0.9165690870120607,seed mean across valid load-memory diagonal
3,B,decoder_rescue,710,3,0.8711224606162623,seed mean across valid load-memory diagonal
3,B,decoder_rescue,710,4,0.8767573226775441,seed mean across valid load-memory diagonal
3,B,decoder_rescue,710,5,0.828644909100099,seed mean across valid load-memory diagonal
3,B,decoder_rescue,710,6,0.8204379810227288,seed mean across valid load-memory diagonal
3,B,decoder_rescue,710,7,0.8055068603101766,seed mean across valid load-memory diagonal
3,B,decoder_rescue,710,8,0.7651903789777023,seed mean across valid load-memory diagonal
3,B,decoder_rescue,710,9,0.6396715844086572,seed mean across valid load-memory diagonal
3,B,decoder_rescue,710,10,0.575693324804306,seed mean across valid load-memory diagonal
3,B,decoder_rescue,710,11,0.5550982137115634,seed mean across valid load-memory diagonal
3,B,decoder_rescue,710,12,0.4823998403735459,seed mean across valid load-memory diagonal
3,B,decoder_rescue,710,13,0.4385340622764953,seed mean across valid load-memory diagonal
3,B,decoder_rescue,710,14,0.39277944155037403,seed mean across valid load-memory diagonal
3,B,decoder_rescue,710,15,0.40037914001279407,seed mean across valid load-memory diagonal
3,B,decoder_rescue,710,16,0.41004392386160116,seed mean across valid load-memory diagonal
3,B,decoder_rescue,710,17,0.3576695271009623,seed mean across valid load-memory diagonal
3,B,decoder_rescue,710,18,0.34504976496100426,seed mean across valid load-memory diagonal
3,B,decoder_rescue,710,19,0.32323528244727995,seed mean across valid load-memory diagonal
3,B,decoder_rescue,710,20,0.3130644134245813,seed mean across valid load-memory diagonal
3,B,decoder_rescue,710,21,0.27911525888320726,seed mean across valid load-memory diagonal
3,B,decoder_rescue,710,22,0.2574504257032746,seed mean across valid load-memory diagonal
3,B,decoder_rescue,710,23,0.2669592101026226,seed mean across valid load-memory diagonal
3,B,decoder_rescue,710,24,0.2297766697075632,seed mean across valid load-memory diagonal
3,B,decoder_rescue,710,25,0.21006213405302593,seed mean across valid load-memory diagonal
3,B,decoder_rescue,710,26,0.2149091492242673,seed mean across valid load-memory diagonal
3,B,decoder_rescue,710,27,0.2272567613558336,seed mean across valid load-memory diagonal
3,B,decoder_rescue,710,28,0.23880250146612525,seed mean across valid load-memory diagonal
3,B,decoder_rescue,710,29,0.2246363558355839,seed mean across valid load-memory diagonal
3,B,decoder_rescue,710,30,0.18489893140892188,seed mean across valid load-memory diagonal
3,B,decoder_rescue,710,31,0.16028932456312509,seed mean across valid load-memory diagonal
3,B,decoder_rescue,710,32,0.16802857204207353,seed mean across valid load-memory diagonal
3,B,decoder_rescue,710,33,0.17075446165270275,seed mean across valid load-memory diagonal
3,B,decoder_rescue,710,34,0.17848317411083442,seed mean across valid load-memory diagonal
3,B,decoder_rescue,710,35,0.09141556456685067,seed mean across valid load-memory diagonal
3,B,decoder_rescue,710,36,0.17254711470256248,seed mean across valid load-memory diagonal
3,B,decoder_rescue,710,37,0.12722692444272662,seed mean across valid load-memory diagonal
3,B,decoder_rescue,710,38,0.14188506555828181,seed mean across valid load-memory diagonal
3,B,decoder_rescue,710,39,0.13505737465761958,seed mean across valid load-memory diagonal
3,B,decoder_rescue,710,40,0.11615149434655905,seed mean across valid load-memory diagonal
3,B,decoder_rescue,710,41,0.11198840800084565,seed mean across valid load-memory diagonal
3,B,decoder_rescue,710,42,0.1537741735163662,seed mean across valid load-memory diagonal
3,B,decoder_rescue,710,43,0.10205239506767076,seed mean across valid load-memory diagonal
3,B,decoder_rescue,710,44,0.11188932519871742,seed mean across valid load-memory diagonal
3,B,decoder_rescue,710,45,0.07421652140716711,seed mean across valid load-memory diagonal
3,B,decoder_rescue,710,46,0.08286007706608091,seed mean across valid load-memory diagonal
3,B,decoder_rescue,710,47,0.06264317723420951,seed mean across valid load-memory diagonal
3,B,decoder_rescue,710,48,0.04167246073484421,seed mean across valid load-memory diagonal
3,B,decoder_rescue,710,49,0.06558804197067564,seed mean across valid load-memory diagonal
3,B,decoder_rescue,710,50,0.07061228305101394,seed mean across valid load-memory diagonal
3,B,decoder_rescue,710,51,0.06367834077941047,seed mean across valid load-memory diagonal
3,B,decoder_rescue,710,52,0.05770532414317131,seed mean across valid load-memory diagonal
3,B,decoder_rescue,710,53,0.1760190725326538,seed mean across valid load-memory diagonal
3,B,decoder_rescue,710,54,0.15309139837821326,seed mean across valid load-memory diagonal
3,B,decoder_rescue,710,55,0.09125424809753895,seed mean across valid load-memory diagonal
3,B,decoder_rescue,710,56,0.007359296083450317,seed mean across valid load-memory diagonal
3,B,decoder_rescue,710,57,0.03735138972600301,seed mean across valid load-memory diagonal
3,B,decoder_rescue,710,58,0.11804136261343956,seed mean across valid load-memory diagonal
3,B,decoder_rescue,710,59,0.33334431052207947,seed mean across valid load-memory diagonal
3,C,decoder_rescue,710,60,7.0,threshold=0.77777778
3,B,decoder_rescue,711,0,0.9308242162068685,seed mean across valid load-memory diagonal
3,B,decoder_rescue,711,1,0.9280060408479076,seed mean across valid load-memory diagonal
3,B,decoder_rescue,711,2,0.9211164846502501,seed mean across valid load-memory diagonal
3,B,decoder_rescue,711,3,0.8864461863250063,seed mean across valid load-memory diagonal
3,B,decoder_rescue,711,4,0.8446519076824188,seed mean across valid load-memory diagonal
3,B,decoder_rescue,711,5,0.8036971103061329,seed mean across valid load-memory diagonal
3,B,decoder_rescue,711,6,0.7301916297939088,seed mean across valid load-memory diagonal
3,B,decoder_rescue,711,7,0.7008344913428685,seed mean across valid load-memory diagonal
3,B,decoder_rescue,711,8,0.6484190887556627,seed mean across valid load-memory diagonal
3,B,decoder_rescue,711,9,0.6156096207160576,seed mean across valid load-memory diagonal
3,B,decoder_rescue,711,10,0.5697037622332572,seed mean across valid load-memory diagonal
3,B,decoder_rescue,711,11,0.5213041075942467,seed mean across valid load-memory diagonal
3,B,decoder_rescue,711,12,0.45021468633785844,seed mean across valid load-memory diagonal
3,B,decoder_rescue,711,13,0.4274339141680839,seed mean across valid load-memory diagonal
3,B,decoder_rescue,711,14,0.4195775723327761,seed mean across valid load-memory diagonal
3,B,decoder_rescue,711,15,0.3972139421436522,seed mean across valid load-memory diagonal
3,B,decoder_rescue,711,16,0.3324580719186501,seed mean across valid load-memory diagonal
3,B,decoder_rescue,711,17,0.31089272939188534,seed mean across valid load-memory diagonal
3,B,decoder_rescue,711,18,0.31712818287667777,seed mean across valid load-memory diagonal
3,B,decoder_rescue,711,19,0.2519809019456549,seed mean across valid load-memory diagonal
3,B,decoder_rescue,711,20,0.2508448403328657,seed mean across valid load-memory diagonal
3,B,decoder_rescue,711,21,0.2621474615656413,seed mean across valid load-memory diagonal
3,B,decoder_rescue,711,22,0.2456917903925243,seed mean across valid load-memory diagonal
3,B,decoder_rescue,711,23,0.22038956875031865,seed mean across valid load-memory diagonal
3,B,decoder_rescue,711,24,0.23785042742060292,seed mean across valid load-memory diagonal
3,B,decoder_rescue,711,25,0.20670547527926308,seed mean across valid load-memory diagonal
3,B,decoder_rescue,711,26,0.20537221497472594,seed mean across valid load-memory diagonal
3,B,decoder_rescue,711,27,0.20898084348124085,seed mean across valid load-memory diagonal
3,B,decoder_rescue,711,28,0.23952146875672042,seed mean across valid load-memory diagonal
3,B,decoder_rescue,711,29,0.25492644850765506,seed mean across valid load-memory diagonal
3,B,decoder_rescue,711,30,0.20506212984522185,seed mean across valid load-memory diagonal
3,B,decoder_rescue,711,31,0.21678584557155084,seed mean across valid load-memory diagonal
3,B,decoder_rescue,711,32,0.21037252406988824,seed mean across valid load-memory diagonal
3,B,decoder_rescue,711,33,0.18451959115487557,seed mean across valid load-memory diagonal
3,B,decoder_rescue,711,34,0.1876722390835102,seed mean across valid load-memory diagonal
3,B,decoder_rescue,711,35,0.17517595380544662,seed mean across valid load-memory diagonal
3,B,decoder_rescue,711,36,0.22990677071114382,seed mean across valid load-memory diagonal
3,B,decoder_rescue,711,37,0.0841757062336673,seed mean across valid load-memory diagonal
3,B,decoder_rescue,711,38,0.11767802184278314,seed mean across valid load-memory diagonal
3,B,decoder_rescue,711,39,0.0923735492286228,seed mean across valid load-memory diagonal
3,B,decoder_rescue,711,40,0.14934071153402328,seed mean across valid load-memory diagonal
3,B,decoder_rescue,711,41,0.1409365562231917,seed mean across valid load-memory diagonal
3,B,decoder_rescue,711,42,0.11235856223437521,seed mean across valid load-memory diagonal
3,B,decoder_rescue,711,43,0.1726853215299985,seed mean across valid load-memory diagonal
3,B,decoder_rescue,711,44,0.1729708929779008,seed mean across valid load-memory diagonal
3,B,decoder_rescue,711,45,0.19757812867561977,seed mean across valid load-memory diagonal
3,B,decoder_rescue,711,46,0.16669190994330815,seed mean across valid load-memory diagonal
3,B,decoder_rescue,711,47,0.15207097170731196,seed mean across valid load-memory diagonal
3,B,decoder_rescue,711,48,0.12769856428106627,seed mean across valid load-memory diagonal
3,B,decoder_rescue,711,49,0.13037637214769016,seed mean across valid load-memory diagonal
3,B,decoder_rescue,711,50,0.15502364048734307,seed mean across valid load-memory diagonal
3,B,decoder_rescue,711,51,0.16138827138476902,seed mean across valid load-memory diagonal
3,B,decoder_rescue,711,52,0.11811804119497538,seed mean across valid load-memory diagonal
3,B,decoder_rescue,711,53,0.15321716772658484,seed mean across valid load-memory diagonal
3,B,decoder_rescue,711,54,0.11748049532373746,seed mean across valid load-memory diagonal
3,B,decoder_rescue,711,55,0.16766271889209747,seed mean across valid load-memory diagonal
3,B,decoder_rescue,711,56,0.011981219053268433,seed mean across valid load-memory diagonal
3,B,decoder_rescue,711,57,0.05263519535462061,seed mean across valid load-memory diagonal
3,B,decoder_rescue,711,58,0.11110689863562584,seed mean across valid load-memory diagonal
3,B,decoder_rescue,711,59,0.11111223697662354,seed mean across valid load-memory diagonal
3,C,decoder_rescue,711,60,4.0,threshold=0.77777778
3,B,decoder_rescue,712,0,0.9519494195779165,seed mean across valid load-memory diagonal
3,B,decoder_rescue,712,1,0.9043538024870016,seed mean across valid load-memory diagonal
3,B,decoder_rescue,712,2,0.9212571968292368,seed mean across valid load-memory diagonal
3,B,decoder_rescue,712,3,0.8842564633018092,seed mean across valid load-memory diagonal
3,B,decoder_rescue,712,4,0.8339225740305015,seed mean across valid load-memory diagonal
3,B,decoder_rescue,712,5,0.842127770727331,seed mean across valid load-memory diagonal
3,B,decoder_rescue,712,6,0.8126449198634537,seed mean across valid load-memory diagonal
3,B,decoder_rescue,712,7,0.7636998380130192,seed mean across valid load-memory diagonal
3,B,decoder_rescue,712,8,0.7169997520171679,seed mean across valid load-memory diagonal
3,B,decoder_rescue,712,9,0.6799982984860738,seed mean across valid load-memory diagonal
3,B,decoder_rescue,712,10,0.5878665888309479,seed mean across valid load-memory diagonal
3,B,decoder_rescue,712,11,0.5522084845876207,seed mean across valid load-memory diagonal
3,B,decoder_rescue,712,12,0.48602143698371947,seed mean across valid load-memory diagonal
3,B,decoder_rescue,712,13,0.493856410555383,seed mean across valid load-memory diagonal
3,B,decoder_rescue,712,14,0.44564497665218683,seed mean across valid load-memory diagonal
3,B,decoder_rescue,712,15,0.39224402440918815,seed mean across valid load-memory diagonal
3,B,decoder_rescue,712,16,0.33548617650839413,seed mean across valid load-memory diagonal
3,B,decoder_rescue,712,17,0.2823627414398415,seed mean across valid load-memory diagonal
3,B,decoder_rescue,712,18,0.3126608415373734,seed mean across valid load-memory diagonal
3,B,decoder_rescue,712,19,0.2957744980003776,seed mean across valid load-memory diagonal
3,B,decoder_rescue,712,20,0.26289616664871573,seed mean across valid load-memory diagonal
3,B,decoder_rescue,712,21,0.22104559189234024,seed mean across valid load-memory diagonal
3,B,decoder_rescue,712,22,0.17810253573483542,seed mean across valid load-memory diagonal
3,B,decoder_rescue,712,23,0.19565746892948407,seed mean across valid load-memory diagonal
3,B,decoder_rescue,712,24,0.17535942730804285,seed mean across valid load-memory diagonal
3,B,decoder_rescue,712,25,0.20878772416285107,seed mean across valid load-memory diagonal
3,B,decoder_rescue,712,26,0.1414531077093938,seed mean across valid load-memory diagonal
3,B,decoder_rescue,712,27,0.1774901676584374,seed mean across valid load-memory diagonal
3,B,decoder_rescue,712,28,0.20081654889509082,seed mean across valid load-memory diagonal
3,B,decoder_rescue,712,29,0.18151907358438737,seed mean across valid load-memory diagonal
3,B,decoder_rescue,712,30,0.22403460120161375,seed mean across valid load-memory diagonal
3,B,decoder_rescue,712,31,0.16894163242701826,seed mean across valid load-memory diagonal
3,B,decoder_rescue,712,32,0.21652359861348355,seed mean across valid load-memory diagonal
3,B,decoder_rescue,712,33,0.19083754111219337,seed mean across valid load-memory diagonal
3,B,decoder_rescue,712,34,0.19943775695103866,seed mean across valid load-memory diagonal
3,B,decoder_rescue,712,35,0.1660010070260614,seed mean across valid load-memory diagonal
3,B,decoder_rescue,712,36,0.16991390784581503,seed mean across valid load-memory diagonal
3,B,decoder_rescue,712,37,0.15314364012168802,seed mean across valid load-memory diagonal
3,B,decoder_rescue,712,38,0.18378002332015472,seed mean across valid load-memory diagonal
3,B,decoder_rescue,712,39,0.1465667803727445,seed mean across valid load-memory diagonal
3,B,decoder_rescue,712,40,0.19289845837047323,seed mean across valid load-memory diagonal
3,B,decoder_rescue,712,41,0.24332086741924286,seed mean across valid load-memory diagonal
3,B,decoder_rescue,712,42,0.22070156244768036,seed mean across valid load-memory diagonal
3,B,decoder_rescue,712,43,0.16516806974130518,seed mean across valid load-memory diagonal
3,B,decoder_rescue,712,44,0.21118181478232145,seed mean across valid load-memory diagonal
3,B,decoder_rescue,712,45,0.23237725148598354,seed mean across valid load-memory diagonal
3,B,decoder_rescue,712,46,0.24751406908035278,seed mean across valid load-memory diagonal
3,B,decoder_rescue,712,47,0.20816799711722594,seed mean across valid load-memory diagonal
3,B,decoder_rescue,712,48,0.1923563660432895,seed mean across valid load-memory diagonal
3,B,decoder_rescue,712,49,0.14445779811252246,seed mean across valid load-memory diagonal
3,B,decoder_rescue,712,50,0.11151094250380993,seed mean across valid load-memory diagonal
3,B,decoder_rescue,712,51,0.20815792183081308,seed mean across valid load-memory diagonal
3,B,decoder_rescue,712,52,0.10820586886256933,seed mean across valid load-memory diagonal
3,B,decoder_rescue,712,53,0.1844718030520848,seed mean across valid load-memory diagonal
3,B,decoder_rescue,712,54,0.18275648479660353,seed mean across valid load-memory diagonal
3,B,decoder_rescue,712,55,0.11107166558504104,seed mean across valid load-memory diagonal
3,B,decoder_rescue,712,56,0.12682502903044224,seed mean across valid load-memory diagonal
3,B,decoder_rescue,712,57,0.03367268045743307,seed mean across valid load-memory diagonal
3,B,decoder_rescue,712,58,0.10378381982445717,seed mean across valid load-memory diagonal
3,B,decoder_rescue,712,59,0.11088778078556061,seed mean across valid load-memory diagonal
3,C,decoder_rescue,712,60,4.0,threshold=0.77777778
3,B,decoder_rescue,713,0,0.9468602846066158,seed mean across valid load-memory diagonal
3,B,decoder_rescue,713,1,0.9425248079380747,seed mean across valid load-memory diagonal
3,B,decoder_rescue,713,2,0.9122238981312719,seed mean across valid load-memory diagonal
3,B,decoder_rescue,713,3,0.9026431389022291,seed mean across valid load-memory diagonal
3,B,decoder_rescue,713,4,0.8640202454158238,seed mean across valid load-memory diagonal
3,B,decoder_rescue,713,5,0.8131197403777729,seed mean across valid load-memory diagonal
3,B,decoder_rescue,713,6,0.7725021088564837,seed mean across valid load-memory diagonal
3,B,decoder_rescue,713,7,0.7570593177147631,seed mean across valid load-memory diagonal
3,B,decoder_rescue,713,8,0.695910955277773,seed mean across valid load-memory diagonal
3,B,decoder_rescue,713,9,0.6733131931692946,seed mean across valid load-memory diagonal
3,B,decoder_rescue,713,10,0.5815218006074429,seed mean across valid load-memory diagonal
3,B,decoder_rescue,713,11,0.5643623887884374,seed mean across valid load-memory diagonal
3,B,decoder_rescue,713,12,0.479458247932295,seed mean across valid load-memory diagonal
3,B,decoder_rescue,713,13,0.463362399567949,seed mean across valid load-memory diagonal
3,B,decoder_rescue,713,14,0.4208243085607967,seed mean across valid load-memory diagonal
3,B,decoder_rescue,713,15,0.38568163729376265,seed mean across valid load-memory diagonal
3,B,decoder_rescue,713,16,0.3415493287823417,seed mean across valid load-memory diagonal
3,B,decoder_rescue,713,17,0.36278310678032943,seed mean across valid load-memory diagonal
3,B,decoder_rescue,713,18,0.30959086423917187,seed mean across valid load-memory diagonal
3,B,decoder_rescue,713,19,0.2987366059068136,seed mean across valid load-memory diagonal
3,B,decoder_rescue,713,20,0.2530317360535264,seed mean across valid load-memory diagonal
3,B,decoder_rescue,713,21,0.20515295780168322,seed mean across valid load-memory diagonal
3,B,decoder_rescue,713,22,0.25156755865502517,seed mean across valid load-memory diagonal
3,B,decoder_rescue,713,23,0.2007360381854547,seed mean across valid load-memory diagonal
3,B,decoder_rescue,713,24,0.24232765597601733,seed mean across valid load-memory diagonal
3,B,decoder_rescue,713,25,0.16918621637991496,seed mean across valid load-memory diagonal
3,B,decoder_rescue,713,26,0.21601084926549127,seed mean across valid load-memory diagonal
3,B,decoder_rescue,713,27,0.14069562902053198,seed mean across valid load-memory diagonal
3,B,decoder_rescue,713,28,0.10843350598588586,seed mean across valid load-memory diagonal
3,B,decoder_rescue,713,29,0.12765874581471567,seed mean across valid load-memory diagonal
3,B,decoder_rescue,713,30,0.15898601238926252,seed mean across valid load-memory diagonal
3,B,decoder_rescue,713,31,0.156092730832511,seed mean across valid load-memory diagonal
3,B,decoder_rescue,713,32,0.12721082900783845,seed mean across valid load-memory diagonal
3,B,decoder_rescue,713,33,0.14531702134344313,seed mean across valid load-memory diagonal
3,B,decoder_rescue,713,34,0.18419356242968485,seed mean across valid load-memory diagonal
3,B,decoder_rescue,713,35,0.16169402837753297,seed mean across valid load-memory diagonal
3,B,decoder_rescue,713,36,0.16098556698610386,seed mean across valid load-memory diagonal
3,B,decoder_rescue,713,37,0.12566421490729504,seed mean across valid load-memory diagonal
3,B,decoder_rescue,713,38,0.17417824241883037,seed mean across valid load-memory diagonal
3,B,decoder_rescue,713,39,0.16735217897664934,seed mean across valid load-memory diagonal
3,B,decoder_rescue,713,40,0.154499626532197,seed mean across valid load-memory diagonal
3,B,decoder_rescue,713,41,0.22906283681329928,seed mean across valid load-memory diagonal
3,B,decoder_rescue,713,42,0.2260532764097055,seed mean across valid load-memory diagonal
3,B,decoder_rescue,713,43,0.18376286086790702,seed mean across valid load-memory diagonal
3,B,decoder_rescue,713,44,0.18572847149334848,seed mean across valid load-memory diagonal
3,B,decoder_rescue,713,45,0.13384043906504908,seed mean across valid load-memory diagonal
3,B,decoder_rescue,713,46,0.15087748478565896,seed mean across valid load-memory diagonal
3,B,decoder_rescue,713,47,0.16506015681303465,seed mean across valid load-memory diagonal
3,B,decoder_rescue,713,48,0.20592292646567026,seed mean across valid load-memory diagonal
3,B,decoder_rescue,713,49,0.16319234466010873,seed mean across valid load-memory diagonal
3,B,decoder_rescue,713,50,0.24664855003356934,seed mean across valid load-memory diagonal
3,B,decoder_rescue,713,51,0.1664806306362152,seed mean across valid load-memory diagonal
3,B,decoder_rescue,713,52,0.22932350309565663,seed mean across valid load-memory diagonal
3,B,decoder_rescue,713,53,0.18715132985796248,seed mean across valid load-memory diagonal
3,B,decoder_rescue,713,54,0.09266942739486694,seed mean across valid load-memory diagonal
3,B,decoder_rescue,713,55,0.1519932419061661,seed mean across valid load-memory diagonal
3,B,decoder_rescue,713,56,0.28393997624516487,seed mean across valid load-memory diagonal
3,B,decoder_rescue,713,57,0.26424744228521985,seed mean across valid load-memory diagonal
3,B,decoder_rescue,713,58,5.535036325454712e-05,seed mean across valid load-memory diagonal
3,B,decoder_rescue,713,59,-0.1111111119389534,seed mean across valid load-memory diagonal
3,C,decoder_rescue,713,60,11.0,threshold=0.77777778
3,B,decoder_rescue,714,0,0.9213286896546682,seed mean across valid load-memory diagonal
3,B,decoder_rescue,714,1,0.9201438012769667,seed mean across valid load-memory diagonal
3,B,decoder_rescue,714,2,0.8842980399213988,seed mean across valid load-memory diagonal
3,B,decoder_rescue,714,3,0.8745588346531517,seed mean across valid load-memory diagonal
3,B,decoder_rescue,714,4,0.8447602848921504,seed mean across valid load-memory diagonal
3,B,decoder_rescue,714,5,0.7954684457995674,seed mean across valid load-memory diagonal
3,B,decoder_rescue,714,6,0.786105763581064,seed mean across valid load-memory diagonal
3,B,decoder_rescue,714,7,0.7604598453584707,seed mean across valid load-memory diagonal
3,B,decoder_rescue,714,8,0.7345929357867974,seed mean across valid load-memory diagonal
3,B,decoder_rescue,714,9,0.6898246159156164,seed mean across valid load-memory diagonal
3,B,decoder_rescue,714,10,0.6036669993400574,seed mean across valid load-memory diagonal
3,B,decoder_rescue,714,11,0.48431842074710496,seed mean across valid load-memory diagonal
3,B,decoder_rescue,714,12,0.4577480060979724,seed mean across valid load-memory diagonal
3,B,decoder_rescue,714,13,0.46180590828682516,seed mean across valid load-memory diagonal
3,B,decoder_rescue,714,14,0.42714217094623524,seed mean across valid load-memory diagonal
3,B,decoder_rescue,714,15,0.38621689163976247,seed mean across valid load-memory diagonal
3,B,decoder_rescue,714,16,0.3402940256690437,seed mean across valid load-memory diagonal
3,B,decoder_rescue,714,17,0.277996804132018,seed mean across valid load-memory diagonal
3,B,decoder_rescue,714,18,0.3001953928420941,seed mean across valid load-memory diagonal
3,B,decoder_rescue,714,19,0.309824881393735,seed mean across valid load-memory diagonal
3,B,decoder_rescue,714,20,0.266277342569083,seed mean across valid load-memory diagonal
3,B,decoder_rescue,714,21,0.2870568734331009,seed mean across valid load-memory diagonal
3,B,decoder_rescue,714,22,0.23936323370588453,seed mean across valid load-memory diagonal
3,B,decoder_rescue,714,23,0.2717116489452687,seed mean across valid load-memory diagonal
3,B,decoder_rescue,714,24,0.2327087658405718,seed mean across valid load-memory diagonal
3,B,decoder_rescue,714,25,0.28070436545780725,seed mean across valid load-memory diagonal
3,B,decoder_rescue,714,26,0.23711743797449505,seed mean across valid load-memory diagonal
3,B,decoder_rescue,714,27,0.23930680864688123,seed mean across valid load-memory diagonal
3,B,decoder_rescue,714,28,0.22726053255610168,seed mean across valid load-memory diagonal
3,B,decoder_rescue,714,29,0.1936782886905055,seed mean across valid load-memory diagonal
3,B,decoder_rescue,714,30,0.19167345861593882,seed mean across valid load-memory diagonal
3,B,decoder_rescue,714,31,0.15736864327356734,seed mean across valid load-memory diagonal
3,B,decoder_rescue,714,32,0.15198869497648307,seed mean across valid load-memory diagonal
3,B,decoder_rescue,714,33,0.1866086365448104,seed mean across valid load-memory diagonal
3,B,decoder_rescue,714,34,0.16705517076815551,seed mean across valid load-memory diagonal
3,B,decoder_rescue,714,35,0.1387233865261078,seed mean across valid load-memory diagonal
3,B,decoder_rescue,714,36,0.09957049771522482,seed mean across valid load-memory diagonal
3,B,decoder_rescue,714,37,0.14242113227753536,seed mean across valid load-memory diagonal
3,B,decoder_rescue,714,38,0.16175464337522333,seed mean across valid load-memory diagonal
3,B,decoder_rescue,714,39,0.14781468468053,seed mean across valid load-memory diagonal
3,B,decoder_rescue,714,40,0.1649409171193838,seed mean across valid load-memory diagonal
3,B,decoder_rescue,714,41,0.16759752238316364,seed mean across valid load-memory diagonal
3,B,decoder_rescue,714,42,0.19048188461197746,seed mean across valid load-memory diagonal
3,B,decoder_rescue,714,43,0.15243653558632908,seed mean across valid load-memory diagonal
3,B,decoder_rescue,714,44,0.20585081400349736,seed mean across valid load-memory diagonal
3,B,decoder_rescue,714,45,0.1616165295243263,seed mean across valid load-memory diagonal
3,B,decoder_rescue,714,46,0.10606061933296067,seed mean across valid load-memory diagonal
3,B,decoder_rescue,714,47,0.15242329239845276,seed mean across valid load-memory diagonal
3,B,decoder_rescue,714,48,0.16737236455082893,seed mean across valid load-memory diagonal
3,B,decoder_rescue,714,49,0.1774565577507019,seed mean across valid load-memory diagonal
3,B,decoder_rescue,714,50,0.18351514264941216,seed mean across valid load-memory diagonal
3,B,decoder_rescue,714,51,0.34046592977311874,seed mean across valid load-memory diagonal
3,B,decoder_rescue,714,52,0.1877435257192701,seed mean across valid load-memory diagonal
3,B,decoder_rescue,714,53,0.21529071033000946,seed mean across valid load-memory diagonal
3,B,decoder_rescue,714,54,0.18161746735374132,seed mean across valid load-memory diagonal
3,B,decoder_rescue,714,55,0.15788459330797194,seed mean across valid load-memory diagonal
3,B,decoder_rescue,714,56,0.15471984446048737,seed mean across valid load-memory diagonal
3,B,decoder_rescue,714,57,0.11314090838034947,seed mean across valid load-memory diagonal
3,B,decoder_rescue,714,58,0.16401783376932144,seed mean across valid load-memory diagonal
3,B,decoder_rescue,714,59,0.11186973005533218,seed mean across valid load-memory diagonal
3,C,decoder_rescue,714,60,8.0,threshold=0.77777778
3,B,decoder_rescue,715,0,0.9434381226698557,seed mean across valid load-memory diagonal
3,B,decoder_rescue,715,1,0.9312805957713369,seed mean across valid load-memory diagonal
3,B,decoder_rescue,715,2,0.9207479902382555,seed mean across valid load-memory diagonal
3,B,decoder_rescue,715,3,0.8994654521607516,seed mean across valid load-memory diagonal
3,B,decoder_rescue,715,4,0.8405817332012313,seed mean across valid load-memory diagonal
3,B,decoder_rescue,715,5,0.8327305674552917,seed mean across valid load-memory diagonal
3,B,decoder_rescue,715,6,0.7457327729573956,seed mean across valid load-memory diagonal
3,B,decoder_rescue,715,7,0.7197306606004823,seed mean across valid load-memory diagonal
3,B,decoder_rescue,715,8,0.681999497115612,seed mean across valid load-memory diagonal
3,B,decoder_rescue,715,9,0.6210944104720565,seed mean across valid load-memory diagonal
3,B,decoder_rescue,715,10,0.5273074071109295,seed mean across valid load-memory diagonal
3,B,decoder_rescue,715,11,0.505055621722523,seed mean across valid load-memory diagonal
3,B,decoder_rescue,715,12,0.4517336073331535,seed mean across valid load-memory diagonal
3,B,decoder_rescue,715,13,0.4007628079741559,seed mean across valid load-memory diagonal
3,B,decoder_rescue,715,14,0.41790749084042467,seed mean across valid load-memory diagonal
3,B,decoder_rescue,715,15,0.36566154625680714,seed mean across valid load-memory diagonal
3,B,decoder_rescue,715,16,0.3114797713404352,seed mean across valid load-memory diagonal
3,B,decoder_rescue,715,17,0.35601026946028996,seed mean across valid load-memory diagonal
3,B,decoder_rescue,715,18,0.3149083886472952,seed mean across valid load-memory diagonal
3,B,decoder_rescue,715,19,0.32527533073614284,seed mean across valid load-memory diagonal
3,B,decoder_rescue,715,20,0.27160193789750336,seed mean across valid load-memory diagonal
3,B,decoder_rescue,715,21,0.24781975264732653,seed mean across valid load-memory diagonal
3,B,decoder_rescue,715,22,0.210842576986914,seed mean across valid load-memory diagonal
3,B,decoder_rescue,715,23,0.2539124188793672,seed mean across valid load-memory diagonal
3,B,decoder_rescue,715,24,0.20086490492232972,seed mean across valid load-memory diagonal
3,B,decoder_rescue,715,25,0.24494704689298358,seed mean across valid load-memory diagonal
3,B,decoder_rescue,715,26,0.21155746828983812,seed mean across valid load-memory diagonal
3,B,decoder_rescue,715,27,0.16562184838182997,seed mean across valid load-memory diagonal
3,B,decoder_rescue,715,28,0.17106483015231788,seed mean across valid load-memory diagonal
3,B,decoder_rescue,715,29,0.18939114067583315,seed mean across valid load-memory diagonal
3,B,decoder_rescue,715,30,0.15948426326115925,seed mean across valid load-memory diagonal
3,B,decoder_rescue,715,31,0.16256116985760885,seed mean across valid load-memory diagonal
3,B,decoder_rescue,715,32,0.15175064067755425,seed mean across valid load-memory diagonal
3,B,decoder_rescue,715,33,0.14355765559055186,seed mean across valid load-memory diagonal
3,B,decoder_rescue,715,34,0.17036250033057654,seed mean across valid load-memory diagonal
3,B,decoder_rescue,715,35,0.17156754657626153,seed mean across valid load-memory diagonal
3,B,decoder_rescue,715,36,0.1332907760515809,seed mean across valid load-memory diagonal
3,B,decoder_rescue,715,37,0.1903266458083754,seed mean across valid load-memory diagonal
3,B,decoder_rescue,715,38,0.23627279766581274,seed mean across valid load-memory diagonal
3,B,decoder_rescue,715,39,0.20640509788479125,seed mean across valid load-memory diagonal
3,B,decoder_rescue,715,40,0.21337636206299065,seed mean across valid load-memory diagonal
3,B,decoder_rescue,715,41,0.1711931695279322,seed mean across valid load-memory diagonal
3,B,decoder_rescue,715,42,0.2208660002797842,seed mean across valid load-memory diagonal
3,B,decoder_rescue,715,43,0.16490177700624747,seed mean across valid load-memory diagonal
3,B,decoder_rescue,715,44,0.08424509922042489,seed mean across valid load-memory diagonal
3,B,decoder_rescue,715,45,0.16215887069702148,seed mean across valid load-memory diagonal
3,B,decoder_rescue,715,46,0.14015100989490747,seed mean across valid load-memory diagonal
3,B,decoder_rescue,715,47,0.176950001802582,seed mean across valid load-memory diagonal
3,B,decoder_rescue,715,48,0.02786429412662983,seed mean across valid load-memory diagonal
3,B,decoder_rescue,715,49,0.1169425757093863,seed mean across valid load-memory diagonal
3,B,decoder_rescue,715,50,0.1091973215341568,seed mean across valid load-memory diagonal
3,B,decoder_rescue,715,51,0.19116582887040245,seed mean across valid load-memory diagonal
3,B,decoder_rescue,715,52,0.12248260900378227,seed mean across valid load-memory diagonal
3,B,decoder_rescue,715,53,0.1738039329648018,seed mean across valid load-memory diagonal
3,B,decoder_rescue,715,54,0.08770299578706424,seed mean across valid load-memory diagonal
3,B,decoder_rescue,715,55,0.15657198876142503,seed mean across valid load-memory diagonal
3,B,decoder_rescue,715,56,0.23181119374930859,seed mean across valid load-memory diagonal
3,B,decoder_rescue,715,57,-0.030313394963741302,seed mean across valid load-memory diagonal
3,B,decoder_rescue,715,58,0.019986655563116074,seed mean across valid load-memory diagonal
3,B,decoder_rescue,715,59,-0.02262818068265915,seed mean across valid load-memory diagonal
3,C,decoder_rescue,715,60,4.0,threshold=0.77777778
3,B,decoder_rescue,716,0,0.9360365331172943,seed mean across valid load-memory diagonal
3,B,decoder_rescue,716,1,0.932013703604876,seed mean across valid load-memory diagonal
3,B,decoder_rescue,716,2,0.9097588278096298,seed mean across valid load-memory diagonal
3,B,decoder_rescue,716,3,0.8603135044114631,seed mean across valid load-memory diagonal
3,B,decoder_rescue,716,4,0.8244530026401792,seed mean across valid load-memory diagonal
3,B,decoder_rescue,716,5,0.7959130081263456,seed mean across valid load-memory diagonal
3,B,decoder_rescue,716,6,0.747104439056582,seed mean across valid load-memory diagonal
3,B,decoder_rescue,716,7,0.6952042141050663,seed mean across valid load-memory diagonal
3,B,decoder_rescue,716,8,0.6130645606093682,seed mean across valid load-memory diagonal
3,B,decoder_rescue,716,9,0.5749182948002628,seed mean across valid load-memory diagonal
3,B,decoder_rescue,716,10,0.5178631472587586,seed mean across valid load-memory diagonal
3,B,decoder_rescue,716,11,0.4869491888248191,seed mean across valid load-memory diagonal
3,B,decoder_rescue,716,12,0.4803199026112755,seed mean across valid load-memory diagonal
3,B,decoder_rescue,716,13,0.4151514459480631,seed mean across valid load-memory diagonal
3,B,decoder_rescue,716,14,0.4069233933544677,seed mean across valid load-memory diagonal
3,B,decoder_rescue,716,15,0.34548888670073613,seed mean across valid load-memory diagonal
3,B,decoder_rescue,716,16,0.3030313979834318,seed mean across valid load-memory diagonal
3,B,decoder_rescue,716,17,0.31122237374616224,seed mean across valid load-memory diagonal
3,B,decoder_rescue,716,18,0.2751853100600697,seed mean across valid load-memory diagonal
3,B,decoder_rescue,716,19,0.23052625140038932,seed mean across valid load-memory diagonal
3,B,decoder_rescue,716,20,0.22302241422585212,seed mean across valid load-memory diagonal
3,B,decoder_rescue,716,21,0.24766534299422532,seed mean across valid load-memory diagonal
3,B,decoder_rescue,716,22,0.23453917285721554,seed mean across valid load-memory diagonal
3,B,decoder_rescue,716,23,0.2110343990293709,seed mean across valid load-memory diagonal
3,B,decoder_rescue,716,24,0.22364937115667594,seed mean across valid load-memory diagonal
3,B,decoder_rescue,716,25,0.18283403066119977,seed mean across valid load-memory diagonal
3,B,decoder_rescue,716,26,0.22600482743890846,seed mean across valid load-memory diagonal
3,B,decoder_rescue,716,27,0.17022456273888098,seed mean across valid load-memory diagonal
3,B,decoder_rescue,716,28,0.17909115739166737,seed mean across valid load-memory diagonal
3,B,decoder_rescue,716,29,0.17985455932155733,seed mean across valid load-memory diagonal
3,B,decoder_rescue,716,30,0.2066996860007445,seed mean across valid load-memory diagonal
3,B,decoder_rescue,716,31,0.1673084674724217,seed mean across valid load-memory diagonal
3,B,decoder_rescue,716,32,0.14036498564694608,seed mean across valid load-memory diagonal
3,B,decoder_rescue,716,33,0.17566322286923727,seed mean across valid load-memory diagonal
3,B,decoder_rescue,716,34,0.13988724293617102,seed mean across valid load-memory diagonal
3,B,decoder_rescue,716,35,0.1531671965122223,seed mean across valid load-memory diagonal
3,B,decoder_rescue,716,36,0.11684734343240659,seed mean across valid load-memory diagonal
3,B,decoder_rescue,716,37,0.08247861784437428,seed mean across valid load-memory diagonal
3,B,decoder_rescue,716,38,0.14186307855627753,seed mean across valid load-memory diagonal
3,B,decoder_rescue,716,39,0.12886542152790798,seed mean across valid load-memory diagonal
3,B,decoder_rescue,716,40,0.1478965885937214,seed mean across valid load-memory diagonal
3,B,decoder_rescue,716,41,0.14274187288001963,seed mean across valid load-memory diagonal
3,B,decoder_rescue,716,42,0.1531414654519823,seed mean across valid load-memory diagonal
3,B,decoder_rescue,716,43,0.16492397162844152,seed mean across valid load-memory diagonal
3,B,decoder_rescue,716,44,0.1882290286011994,seed mean across valid load-memory diagonal
3,B,decoder_rescue,716,45,0.18892957121133805,seed mean across valid load-memory diagonal
3,B,decoder_rescue,716,46,0.2298185250588826,seed mean across valid load-memory diagonal
3,B,decoder_rescue,716,47,0.2138495737543473,seed mean across valid load-memory diagonal
3,B,decoder_rescue,716,48,0.2063247865686814,seed mean across valid load-memory diagonal
3,B,decoder_rescue,716,49,0.15435993603684686,seed mean across valid load-memory diagonal
3,B,decoder_rescue,716,50,0.1420040477067232,seed mean across valid load-memory diagonal
3,B,decoder_rescue,716,51,0.11123375180694792,seed mean across valid load-memory diagonal
3,B,decoder_rescue,716,52,0.08521903399378061,seed mean across valid load-memory diagonal
3,B,decoder_rescue,716,53,0.19608088795627868,seed mean across valid load-memory diagonal
3,B,decoder_rescue,716,54,0.21144270648558935,seed mean across valid load-memory diagonal
3,B,decoder_rescue,716,55,0.28818389326334,seed mean across valid load-memory diagonal
3,B,decoder_rescue,716,56,0.10792204365134239,seed mean across valid load-memory diagonal
3,B,decoder_rescue,716,57,0.18646872291962305,seed mean across valid load-memory diagonal
3,B,decoder_rescue,716,58,0.2239217646420002,seed mean across valid load-memory diagonal
3,B,decoder_rescue,716,59,0.3333333432674408,seed mean across valid load-memory diagonal
3,C,decoder_rescue,716,60,4.0,threshold=0.77777778
3,B,decoder_rescue,717,0,0.9635952045520146,seed mean across valid load-memory diagonal
3,B,decoder_rescue,717,1,0.9362596111782526,seed mean across valid load-memory diagonal
3,B,decoder_rescue,717,2,0.9115650109175978,seed mean across valid load-memory diagonal
3,B,decoder_rescue,717,3,0.8918464006039134,seed mean across valid load-memory diagonal
3,B,decoder_rescue,717,4,0.8467269577085972,seed mean across valid load-memory diagonal
3,B,decoder_rescue,717,5,0.8159155558456074,seed mean across valid load-memory diagonal
3,B,decoder_rescue,717,6,0.7795758141135728,seed mean across valid load-memory diagonal
3,B,decoder_rescue,717,7,0.7496320717739609,seed mean across valid load-memory diagonal
3,B,decoder_rescue,717,8,0.6650416981428862,seed mean across valid load-memory diagonal
3,B,decoder_rescue,717,9,0.6394217645420748,seed mean across valid load-memory diagonal
3,B,decoder_rescue,717,10,0.6051713220775128,seed mean across valid load-memory diagonal
3,B,decoder_rescue,717,11,0.5272923574155691,seed mean across valid load-memory diagonal
3,B,decoder_rescue,717,12,0.5238453093916178,seed mean across valid load-memory diagonal
3,B,decoder_rescue,717,13,0.4706787791975001,seed mean across valid load-memory diagonal
3,B,decoder_rescue,717,14,0.410332999151686,seed mean across valid load-memory diagonal
3,B,decoder_rescue,717,15,0.34406359295050304,seed mean across valid load-memory diagonal
3,B,decoder_rescue,717,16,0.32585489783774724,seed mean across valid load-memory diagonal
3,B,decoder_rescue,717,17,0.318503005906593,seed mean across valid load-memory diagonal
3,B,decoder_rescue,717,18,0.2742616721828069,seed mean across valid load-memory diagonal
3,B,decoder_rescue,717,19,0.2949471630882926,seed mean across valid load-memory diagonal
3,B,decoder_rescue,717,20,0.2675553670153022,seed mean across valid load-memory diagonal
3,B,decoder_rescue,717,21,0.23439173409954095,seed mean across valid load-memory diagonal
3,B,decoder_rescue,717,22,0.24911411106586456,seed mean across valid load-memory diagonal
3,B,decoder_rescue,717,23,0.230104223296449,seed mean across valid load-memory diagonal
3,B,decoder_rescue,717,24,0.22433996241953638,seed mean across valid load-memory diagonal
3,B,decoder_rescue,717,25,0.20290034434625082,seed mean across valid load-memory diagonal
3,B,decoder_rescue,717,26,0.23762473485925617,seed mean across valid load-memory diagonal
3,B,decoder_rescue,717,27,0.17068023189450754,seed mean across valid load-memory diagonal
3,B,decoder_rescue,717,28,0.1725492167752236,seed mean across valid load-memory diagonal
3,B,decoder_rescue,717,29,0.15159261851541458,seed mean across valid load-memory diagonal
3,B,decoder_rescue,717,30,0.20790701458851496,seed mean across valid load-memory diagonal
3,B,decoder_rescue,717,31,0.19677163108155646,seed mean across valid load-memory diagonal
3,B,decoder_rescue,717,32,0.11920272053352424,seed mean across valid load-memory diagonal
3,B,decoder_rescue,717,33,0.1580702254065761,seed mean across valid load-memory diagonal
3,B,decoder_rescue,717,34,0.09309291223493907,seed mean across valid load-memory diagonal
3,B,decoder_rescue,717,35,0.05673947542905808,seed mean across valid load-memory diagonal
3,B,decoder_rescue,717,36,0.10805960612682004,seed mean across valid load-memory diagonal
3,B,decoder_rescue,717,37,0.08388817537090053,seed mean across valid load-memory diagonal
3,B,decoder_rescue,717,38,0.051593999632380226,seed mean across valid load-memory diagonal
3,B,decoder_rescue,717,39,0.12190589060386021,seed mean across valid load-memory diagonal
3,B,decoder_rescue,717,40,0.10166107453405857,seed mean across valid load-memory diagonal
3,B,decoder_rescue,717,41,0.14731422252953053,seed mean across valid load-memory diagonal
3,B,decoder_rescue,717,42,0.12019519300924407,seed mean across valid load-memory diagonal
3,B,decoder_rescue,717,43,0.18810872865073822,seed mean across valid load-memory diagonal
3,B,decoder_rescue,717,44,0.084820207208395,seed mean across valid load-memory diagonal
3,B,decoder_rescue,717,45,0.13516396383444468,seed mean across valid load-memory diagonal
3,B,decoder_rescue,717,46,0.1534766782341259,seed mean across valid load-memory diagonal
3,B,decoder_rescue,717,47,0.2167171142422236,seed mean across valid load-memory diagonal
3,B,decoder_rescue,717,48,0.2045565309623877,seed mean across valid load-memory diagonal
3,B,decoder_rescue,717,49,0.2167955149303783,seed mean across valid load-memory diagonal
3,B,decoder_rescue,717,50,0.23938685208559035,seed mean across valid load-memory diagonal
3,B,decoder_rescue,717,51,0.26177889108657837,seed mean across valid load-memory diagonal
3,B,decoder_rescue,717,52,0.202121346257627,seed mean across valid load-memory diagonal
3,B,decoder_rescue,717,53,0.20779040988002503,seed mean across valid load-memory diagonal
3,B,decoder_rescue,717,54,0.14797061681747437,seed mean across valid load-memory diagonal
3,B,decoder_rescue,717,55,0.23077597580850123,seed mean across valid load-memory diagonal
3,B,decoder_rescue,717,56,0.3336617201566696,seed mean across valid load-memory diagonal
3,B,decoder_rescue,717,57,0.33157575130462646,seed mean across valid load-memory diagonal
3,B,decoder_rescue,717,58,0.22247983142733574,seed mean across valid load-memory diagonal
3,B,decoder_rescue,717,59,0.35430967807769775,seed mean across valid load-memory diagonal
3,C,decoder_rescue,717,60,12.0,threshold=0.77777778
3,B,decoder_rescue,718,0,0.9730705291032791,seed mean across valid load-memory diagonal
3,B,decoder_rescue,718,1,0.9530378590195866,seed mean across valid load-memory diagonal
3,B,decoder_rescue,718,2,0.9318914680645384,seed mean across valid load-memory diagonal
3,B,decoder_rescue,718,3,0.9178219719936973,seed mean across valid load-memory diagonal
3,B,decoder_rescue,718,4,0.8658939216818128,seed mean across valid load-memory diagonal
3,B,decoder_rescue,718,5,0.8317504606463693,seed mean across valid load-memory diagonal
3,B,decoder_rescue,718,6,0.7861214106281599,seed mean across valid load-memory diagonal
3,B,decoder_rescue,718,7,0.764845721001895,seed mean across valid load-memory diagonal
3,B,decoder_rescue,718,8,0.6927840417394271,seed mean across valid load-memory diagonal
3,B,decoder_rescue,718,9,0.6587873750786278,seed mean across valid load-memory diagonal
3,B,decoder_rescue,718,10,0.6251028884388506,seed mean across valid load-memory diagonal
3,B,decoder_rescue,718,11,0.5306502492452154,seed mean across valid load-memory diagonal
3,B,decoder_rescue,718,12,0.5324729443527758,seed mean across valid load-memory diagonal
3,B,decoder_rescue,718,13,0.480848510531669,seed mean across valid load-memory diagonal
3,B,decoder_rescue,718,14,0.5084188619385595,seed mean across valid load-memory diagonal
3,B,decoder_rescue,718,15,0.4192387259668774,seed mean across valid load-memory diagonal
3,B,decoder_rescue,718,16,0.34495125067504967,seed mean across valid load-memory diagonal
3,B,decoder_rescue,718,17,0.3011393626761991,seed mean across valid load-memory diagonal
3,B,decoder_rescue,718,18,0.3095748172795755,seed mean across valid load-memory diagonal
3,B,decoder_rescue,718,19,0.2746792415656695,seed mean across valid load-memory diagonal
3,B,decoder_rescue,718,20,0.2540485292673111,seed mean across valid load-memory diagonal
3,B,decoder_rescue,718,21,0.26278881422984296,seed mean across valid load-memory diagonal
3,B,decoder_rescue,718,22,0.19820695625323997,seed mean across valid load-memory diagonal
3,B,decoder_rescue,718,23,0.2570002888505523,seed mean across valid load-memory diagonal
3,B,decoder_rescue,718,24,0.20198237771789232,seed mean across valid load-memory diagonal
3,B,decoder_rescue,718,25,0.23408965872866766,seed mean across valid load-memory diagonal
3,B,decoder_rescue,718,26,0.20964088307364898,seed mean across valid load-memory diagonal
3,B,decoder_rescue,718,27,0.22721849844762773,seed mean across valid load-memory diagonal
3,B,decoder_rescue,718,28,0.19110436085611582,seed mean across valid load-memory diagonal
3,B,decoder_rescue,718,29,0.18233567235931272,seed mean across valid load-memory diagonal
3,B,decoder_rescue,718,30,0.17268336191773415,seed mean across valid load-memory diagonal
3,B,decoder_rescue,718,31,0.19206419664210286,seed mean across valid load-memory diagonal
3,B,decoder_rescue,718,32,0.17415053344198636,seed mean across valid load-memory diagonal
3,B,decoder_rescue,718,33,0.21343189063999388,seed mean across valid load-memory diagonal
3,B,decoder_rescue,718,34,0.1629020766570018,seed mean across valid load-memory diagonal
3,B,decoder_rescue,718,35,0.19564907610416413,seed mean across valid load-memory diagonal
3,B,decoder_rescue,718,36,0.21054723765701056,seed mean across valid load-memory diagonal
3,B,decoder_rescue,718,37,0.18690067853616632,seed mean across valid load-memory diagonal
3,B,decoder_rescue,718,38,0.19452042776075276,seed mean across valid load-memory diagonal
3,B,decoder_rescue,718,39,0.18029311356977337,seed mean across valid load-memory diagonal
3,B,decoder_rescue,718,40,0.2083966834237799,seed mean across valid load-memory diagonal
3,B,decoder_rescue,718,41,0.2075614670389577,seed mean across valid load-memory diagonal
3,B,decoder_rescue,718,42,0.10547833165360822,seed mean across valid load-memory diagonal
3,B,decoder_rescue,718,43,0.18949081573416204,seed mean across valid load-memory diagonal
3,B,decoder_rescue,718,44,0.17504771961830556,seed mean across valid load-memory diagonal
3,B,decoder_rescue,718,45,0.09669602612654368,seed mean across valid load-memory diagonal
3,B,decoder_rescue,718,46,0.14410845083849771,seed mean across valid load-memory diagonal
3,B,decoder_rescue,718,47,0.18212750038275352,seed mean across valid load-memory diagonal
3,B,decoder_rescue,718,48,0.19301498432954153,seed mean across valid load-memory diagonal
3,B,decoder_rescue,718,49,0.16016115925528787,seed mean across valid load-memory diagonal
3,B,decoder_rescue,718,50,0.18231383264064788,seed mean across valid load-memory diagonal
3,B,decoder_rescue,718,51,0.1672648017605146,seed mean across valid load-memory diagonal
3,B,decoder_rescue,718,52,0.11596412491053343,seed mean across valid load-memory diagonal
3,B,decoder_rescue,718,53,0.1406126203281539,seed mean across valid load-memory diagonal
3,B,decoder_rescue,718,54,0.18819083273410797,seed mean across valid load-memory diagonal
3,B,decoder_rescue,718,55,0.2422751620411873,seed mean across valid load-memory diagonal
3,B,decoder_rescue,718,56,0.11523840017616749,seed mean across valid load-memory diagonal
3,B,decoder_rescue,718,57,0.040028887490431465,seed mean across valid load-memory diagonal
3,B,decoder_rescue,718,58,0.13405678048729897,seed mean across valid load-memory diagonal
3,B,decoder_rescue,718,59,0.11416622996330261,seed mean across valid load-memory diagonal
3,C,decoder_rescue,718,60,8.0,threshold=0.77777778
3,B,decoder_rescue,719,0,0.9474127511183421,seed mean across valid load-memory diagonal
3,B,decoder_rescue,719,1,0.9372923050896597,seed mean across valid load-memory diagonal
3,B,decoder_rescue,719,2,0.9030838228505234,seed mean across valid load-memory diagonal
3,B,decoder_rescue,719,3,0.8987348895323904,seed mean across valid load-memory diagonal
3,B,decoder_rescue,719,4,0.8852951659687928,seed mean across valid load-memory diagonal
3,B,decoder_rescue,719,5,0.8385191158814864,seed mean across valid load-memory diagonal
3,B,decoder_rescue,719,6,0.8068866122651983,seed mean across valid load-memory diagonal
3,B,decoder_rescue,719,7,0.7847730963016456,seed mean across valid load-memory diagonal
3,B,decoder_rescue,719,8,0.7231479476277645,seed mean across valid load-memory diagonal
3,B,decoder_rescue,719,9,0.6570463490252402,seed mean across valid load-memory diagonal
3,B,decoder_rescue,719,10,0.6088316121697426,seed mean across valid load-memory diagonal
3,B,decoder_rescue,719,11,0.5597256609067625,seed mean across valid load-memory diagonal
3,B,decoder_rescue,719,12,0.5606148101699849,seed mean across valid load-memory diagonal
3,B,decoder_rescue,719,13,0.5012718708591258,seed mean across valid load-memory diagonal
3,B,decoder_rescue,719,14,0.45754491699778516,seed mean across valid load-memory diagonal
3,B,decoder_rescue,719,15,0.4149909151924981,seed mean across valid load-memory diagonal
3,B,decoder_rescue,719,16,0.33464115451682697,seed mean across valid load-memory diagonal
3,B,decoder_rescue,719,17,0.2890725045703178,seed mean across valid load-memory diagonal
3,B,decoder_rescue,719,18,0.3032778560050896,seed mean across valid load-memory diagonal
3,B,decoder_rescue,719,19,0.30152163545532923,seed mean across valid load-memory diagonal
3,B,decoder_rescue,719,20,0.2989570491015911,seed mean across valid load-memory diagonal
3,B,decoder_rescue,719,21,0.296827206435876,seed mean across valid load-memory diagonal
3,B,decoder_rescue,719,22,0.24433972500264645,seed mean across valid load-memory diagonal
3,B,decoder_rescue,719,23,0.2303222664395926,seed mean across valid load-memory diagonal
3,B,decoder_rescue,719,24,0.255807560765081,seed mean across valid load-memory diagonal
3,B,decoder_rescue,719,25,0.20178135186433793,seed mean across valid load-memory diagonal
3,B,decoder_rescue,719,26,0.23477118856766643,seed mean across valid load-memory diagonal
3,B,decoder_rescue,719,27,0.1890846752759182,seed mean across valid load-memory diagonal
3,B,decoder_rescue,719,28,0.13158891443163157,seed mean across valid load-memory diagonal
3,B,decoder_rescue,719,29,0.12707711726186738,seed mean across valid load-memory diagonal
3,B,decoder_rescue,719,30,0.16863243331511815,seed mean across valid load-memory diagonal
3,B,decoder_rescue,719,31,0.12153455293897925,seed mean across valid load-memory diagonal
3,B,decoder_rescue,719,32,0.0874623294387545,seed mean across valid load-memory diagonal
3,B,decoder_rescue,719,33,0.1534285096934548,seed mean across valid load-memory diagonal
3,B,decoder_rescue,719,34,0.14535001364464945,seed mean across valid load-memory diagonal
3,B,decoder_rescue,719,35,0.137844563126564,seed mean across valid load-memory diagonal
3,B,decoder_rescue,719,36,0.11109419246592249,seed mean across valid load-memory diagonal
3,B,decoder_rescue,719,37,0.10330586200175078,seed mean across valid load-memory diagonal
3,B,decoder_rescue,719,38,0.14462915062904358,seed mean across valid load-memory diagonal
3,B,decoder_rescue,719,39,0.16376638093164989,seed mean across valid load-memory diagonal
3,B,decoder_rescue,719,40,0.09331906363368034,seed mean across valid load-memory diagonal
3,B,decoder_rescue,719,41,0.14748155443291916,seed mean across valid load-memory diagonal
3,B,decoder_rescue,719,42,0.19401013437244627,seed mean across valid load-memory diagonal
3,B,decoder_rescue,719,43,0.18791407346725464,seed mean across valid load-memory diagonal
3,B,decoder_rescue,719,44,0.15812372975051403,seed mean across valid load-memory diagonal
3,B,decoder_rescue,719,45,0.14315449744462966,seed mean across valid load-memory diagonal
3,B,decoder_rescue,719,46,0.17649033718875476,seed mean across valid load-memory diagonal
3,B,decoder_rescue,719,47,0.14327847971939123,seed mean across valid load-memory diagonal
3,B,decoder_rescue,719,48,0.12378184745709102,seed mean across valid load-memory diagonal
3,B,decoder_rescue,719,49,0.27847871590744366,seed mean across valid load-memory diagonal
3,B,decoder_rescue,719,50,0.21449871808290483,seed mean across valid load-memory diagonal
3,B,decoder_rescue,719,51,0.23838521871301863,seed mean across valid load-memory diagonal
3,B,decoder_rescue,719,52,0.17096473556011915,seed mean across valid load-memory diagonal
3,B,decoder_rescue,719,53,0.21058635307209833,seed mean across valid load-memory diagonal
3,B,decoder_rescue,719,54,0.2261506679157416,seed mean across valid load-memory diagonal
3,B,decoder_rescue,719,55,0.24588576704263687,seed mean across valid load-memory diagonal
3,B,decoder_rescue,719,56,0.3389155641198158,seed mean across valid load-memory diagonal
3,B,decoder_rescue,719,57,0.26260608434677124,seed mean across valid load-memory diagonal
3,B,decoder_rescue,719,58,0.2274320423603058,seed mean across valid load-memory diagonal
3,B,decoder_rescue,719,59,0.5555554628372192,seed mean across valid load-memory diagonal
3,C,decoder_rescue,719,60,5.0,threshold=0.77777778
3,B,no_plasticity,700,0,0.005224071815609932,seed mean across valid load-memory diagonal
3,B,no_plasticity,700,1,0.006956508604146667,seed mean across valid load-memory diagonal
3,B,no_plasticity,700,2,0.008093016800181619,seed mean across valid load-memory diagonal
3,B,no_plasticity,700,3,0.00947503876267818,seed mean across valid load-memory diagonal
3,B,no_plasticity,700,4,0.011432293802499771,seed mean across valid load-memory diagonal
3,B,no_plasticity,700,5,0.0134773849086328,seed mean across valid load-memory diagonal
3,B,no_plasticity,700,6,0.015771775058022252,seed mean across valid load-memory diagonal
3,B,no_plasticity,700,7,0.013357451783036286,seed mean across valid load-memory diagonal
3,B,no_plasticity,700,8,0.0067540702338402085,seed mean across valid load-memory diagonal
3,B,no_plasticity,700,9,0.005054763134788065,seed mean across valid load-memory diagonal
3,B,no_plasticity,700,10,-0.0008317077159881592,seed mean across valid load-memory diagonal
3,B,no_plasticity,700,11,0.0013207063382985641,seed mean across valid load-memory diagonal
3,B,no_plasticity,700,12,0.0028574499301612377,seed mean across valid load-memory diagonal
3,B,no_plasticity,700,13,0.005182885743202048,seed mean across valid load-memory diagonal
3,B,no_plasticity,700,14,0.007438898572455282,seed mean across valid load-memory diagonal
3,B,no_plasticity,700,15,0.010065548618634542,seed mean across valid load-memory diagonal
3,B,no_plasticity,700,16,0.01269983754239299,seed mean across valid load-memory diagonal
3,B,no_plasticity,700,17,0.015463284974874453,seed mean across valid load-memory diagonal
3,B,no_plasticity,700,18,0.018469036335036867,seed mean across valid load-memory diagonal
3,B,no_plasticity,700,19,0.01633214078298429,seed mean across valid load-memory diagonal
3,B,no_plasticity,700,20,0.01931725014001131,seed mean across valid load-memory diagonal
3,B,no_plasticity,700,21,0.016135380627253115,seed mean across valid load-memory diagonal
3,B,no_plasticity,700,22,0.01940143069154338,seed mean across valid load-memory diagonal
3,B,no_plasticity,700,23,0.012425658267897528,seed mean across valid load-memory diagonal
3,B,no_plasticity,700,24,0.008993672413958443,seed mean across valid load-memory diagonal
3,B,no_plasticity,700,25,0.012063638227326529,seed mean across valid load-memory diagonal
3,B,no_plasticity,700,26,0.008530579945620368,seed mean across valid load-memory diagonal
3,B,no_plasticity,700,27,0.011518132505994854,seed mean across valid load-memory diagonal
3,B,no_plasticity,700,28,0.015342229511588812,seed mean across valid load-memory diagonal
3,B,no_plasticity,700,29,0.01412796277192331,seed mean across valid load-memory diagonal
3,B,no_plasticity,700,30,0.01765790656208992,seed mean across valid load-memory diagonal
3,B,no_plasticity,700,31,0.014380297013397875,seed mean across valid load-memory diagonal
3,B,no_plasticity,700,32,0.018694258694137846,seed mean across valid load-memory diagonal
3,B,no_plasticity,700,33,0.023022279419280863,seed mean across valid load-memory diagonal
3,B,no_plasticity,700,34,0.02815420810992901,seed mean across valid load-memory diagonal
3,B,no_plasticity,700,35,0.03371068865060806,seed mean across valid load-memory diagonal
3,B,no_plasticity,700,36,0.03807086404412985,seed mean across valid load-memory diagonal
3,B,no_plasticity,700,37,0.033962290248145226,seed mean across valid load-memory diagonal
3,B,no_plasticity,700,38,0.040506882085041565,seed mean across valid load-memory diagonal
3,B,no_plasticity,700,39,0.043538485964139305,seed mean across valid load-memory diagonal
3,B,no_plasticity,700,40,0.05045042708516121,seed mean across valid load-memory diagonal
3,B,no_plasticity,700,41,0.0462644625651209,seed mean across valid load-memory diagonal
3,B,no_plasticity,700,42,0.027110089030530717,seed mean across valid load-memory diagonal
3,B,no_plasticity,700,43,0.03523225731709424,seed mean across valid load-memory diagonal
3,B,no_plasticity,700,44,0.04406591458246112,seed mean across valid load-memory diagonal
3,B,no_plasticity,700,45,0.043115348120530445,seed mean across valid load-memory diagonal
3,B,no_plasticity,700,46,0.02188499750835555,seed mean across valid load-memory diagonal
3,B,no_plasticity,700,47,0.03131159509603794,seed mean across valid load-memory diagonal
3,B,no_plasticity,700,48,0.042028009270628296,seed mean across valid load-memory diagonal
3,B,no_plasticity,700,49,0.03306958959861235,seed mean across valid load-memory diagonal
3,B,no_plasticity,700,50,0.019412223249673843,seed mean across valid load-memory diagonal
3,B,no_plasticity,700,51,0.009297608501381345,seed mean across valid load-memory diagonal
3,B,no_plasticity,700,52,-0.002025296911597252,seed mean across valid load-memory diagonal
3,B,no_plasticity,700,53,0.012900386537824358,seed mean across valid load-memory diagonal
3,B,no_plasticity,700,54,-0.0211758886774381,seed mean across valid load-memory diagonal
3,B,no_plasticity,700,55,-0.03845042586326599,seed mean across valid load-memory diagonal
3,B,no_plasticity,700,56,-0.022201592102646828,seed mean across valid load-memory diagonal
3,B,no_plasticity,700,57,-0.08793335407972336,seed mean across valid load-memory diagonal
3,B,no_plasticity,700,58,-0.09448707848787308,seed mean across valid load-memory diagonal
3,B,no_plasticity,700,59,-0.08722976595163345,seed mean across valid load-memory diagonal
3,C,no_plasticity,700,60,0.0,threshold=0.77777778
3,B,no_plasticity,701,0,0.02196458869924148,seed mean across valid load-memory diagonal
3,B,no_plasticity,701,1,0.02052378534513005,seed mean across valid load-memory diagonal
3,B,no_plasticity,701,2,0.018521950483835977,seed mean across valid load-memory diagonal
3,B,no_plasticity,701,3,0.016466269955823298,seed mean across valid load-memory diagonal
3,B,no_plasticity,701,4,0.014773864365581955,seed mean across valid load-memory diagonal
3,B,no_plasticity,701,5,0.016692647405646063,seed mean across valid load-memory diagonal
3,B,no_plasticity,701,6,0.015144561382907408,seed mean across valid load-memory diagonal
3,B,no_plasticity,701,7,0.01580313796985824,seed mean across valid load-memory diagonal
3,B,no_plasticity,701,8,0.013608837571854774,seed mean across valid load-memory diagonal
3,B,no_plasticity,701,9,0.01525280894894226,seed mean across valid load-memory diagonal
3,B,no_plasticity,701,10,0.017679676935076712,seed mean across valid load-memory diagonal
3,B,no_plasticity,701,11,0.01569437304017495,seed mean across valid load-memory diagonal
3,B,no_plasticity,701,12,0.014680051322405538,seed mean across valid load-memory diagonal
3,B,no_plasticity,701,13,0.012597908761273039,seed mean across valid load-memory diagonal
3,B,no_plasticity,701,14,0.015079335754980211,seed mean across valid load-memory diagonal
3,B,no_plasticity,701,15,0.012529543787240981,seed mean across valid load-memory diagonal
3,B,no_plasticity,701,16,0.010312080298635092,seed mean across valid load-memory diagonal
3,B,no_plasticity,701,17,0.008091666064290114,seed mean across valid load-memory diagonal
3,B,no_plasticity,701,18,0.009989493393472262,seed mean across valid load-memory diagonal
3,B,no_plasticity,701,19,0.003494588794504724,seed mean across valid load-memory diagonal
3,B,no_plasticity,701,20,0.0009522181935608387,seed mean across valid load-memory diagonal
3,B,no_plasticity,701,21,0.003702647124345486,seed mean across valid load-memory diagonal
3,B,no_plasticity,701,22,0.0007766480312535638,seed mean across valid load-memory diagonal
3,B,no_plasticity,701,23,0.0033852273749338615,seed mean across valid load-memory diagonal
3,B,no_plasticity,701,24,0.00013061561104324128,seed mean across valid load-memory diagonal
3,B,no_plasticity,701,25,0.002698651488338198,seed mean across valid load-memory diagonal
3,B,no_plasticity,701,26,0.006023323601659606,seed mean across valid load-memory diagonal
3,B,no_plasticity,701,27,0.003035745724584117,seed mean across valid load-memory diagonal
3,B,no_plasticity,701,28,-0.0013619085075333714,seed mean across valid load-memory diagonal
3,B,no_plasticity,701,29,0.0016802336660123641,seed mean across valid load-memory diagonal
3,B,no_plasticity,701,30,0.005203471705317497,seed mean across valid load-memory diagonal
3,B,no_plasticity,701,31,0.0014432176690677117,seed mean across valid load-memory diagonal
3,B,no_plasticity,701,32,-0.0038581925577351023,seed mean across valid load-memory diagonal
3,B,no_plasticity,701,33,7.189796478660019e-05,seed mean across valid load-memory diagonal
3,B,no_plasticity,701,34,-0.004008560369794185,seed mean across valid load-memory diagonal
3,B,no_plasticity,701,35,0.00017320528626441956,seed mean across valid load-memory diagonal
3,B,no_plasticity,701,36,-0.005772971703360478,seed mean across valid load-memory diagonal
3,B,no_plasticity,701,37,-0.011970020344723825,seed mean across valid load-memory diagonal
3,B,no_plasticity,701,38,-0.007480337369171056,seed mean across valid load-memory diagonal
3,B,no_plasticity,701,39,-0.0027880060176054635,seed mean across valid load-memory diagonal
3,B,no_plasticity,701,40,-0.0018871484324336052,seed mean across valid load-memory diagonal
3,B,no_plasticity,701,41,0.003404085769465095,seed mean across valid load-memory diagonal
3,B,no_plasticity,701,42,-0.004492553364899423,seed mean across valid load-memory diagonal
3,B,no_plasticity,701,43,-0.0010965532239745645,seed mean across valid load-memory diagonal
3,B,no_plasticity,701,44,-0.009561073500663042,seed mean across valid load-memory diagonal
3,B,no_plasticity,701,45,-0.005835579832394918,seed mean across valid load-memory diagonal
3,B,no_plasticity,701,46,-0.013790972530841827,seed mean across valid load-memory diagonal
3,B,no_plasticity,701,47,-0.007197617338253901,seed mean across valid load-memory diagonal
3,B,no_plasticity,701,48,-0.01912323261300723,seed mean across valid load-memory diagonal
3,B,no_plasticity,701,49,-0.012326262891292572,seed mean across valid load-memory diagonal
3,B,no_plasticity,701,50,-0.0029058478772640227,seed mean across valid load-memory diagonal
3,B,no_plasticity,701,51,0.008270280228720771,seed mean across valid load-memory diagonal
3,B,no_plasticity,701,52,-0.03186580538749695,seed mean across valid load-memory diagonal
3,B,no_plasticity,701,53,-0.020704686641693115,seed mean across valid load-memory diagonal
3,B,no_plasticity,701,54,-0.007080099234978358,seed mean across valid load-memory diagonal
3,B,no_plasticity,701,55,0.009742052853107452,seed mean across valid load-memory diagonal
3,B,no_plasticity,701,56,-0.020905813202261925,seed mean across valid load-memory diagonal
3,B,no_plasticity,701,57,0.00659895936648051,seed mean across valid load-memory diagonal
3,B,no_plasticity,701,58,-0.08520755916833878,seed mean across valid load-memory diagonal
3,B,no_plasticity,701,59,-0.09836820513010025,seed mean across valid load-memory diagonal
3,C,no_plasticity,701,60,0.0,threshold=0.77777778
3,B,no_plasticity,702,0,0.03175855161001285,seed mean across valid load-memory diagonal
3,B,no_plasticity,702,1,0.03403866057426243,seed mean across valid load-memory diagonal
3,B,no_plasticity,702,2,0.03495594984370059,seed mean across valid load-memory diagonal
3,B,no_plasticity,702,3,0.03397402464689916,seed mean across valid load-memory diagonal
3,B,no_plasticity,702,4,0.03630137493434761,seed mean across valid load-memory diagonal
3,B,no_plasticity,702,5,0.03426495191048492,seed mean across valid load-memory diagonal
3,B,no_plasticity,702,6,0.03392617373416821,seed mean across valid load-memory diagonal
3,B,no_plasticity,702,7,0.03576620242927434,seed mean across valid load-memory diagonal
3,B,no_plasticity,702,8,0.033894995478196785,seed mean across valid load-memory diagonal
3,B,no_plasticity,702,9,0.03177102446994361,seed mean across valid load-memory diagonal
3,B,no_plasticity,702,10,0.029689324609935282,seed mean across valid load-memory diagonal
3,B,no_plasticity,702,11,0.0325528908977095,seed mean across valid load-memory diagonal
3,B,no_plasticity,702,12,0.028497881217238803,seed mean across valid load-memory diagonal
3,B,no_plasticity,702,13,0.031199369777707344,seed mean across valid load-memory diagonal
3,B,no_plasticity,702,14,0.02892501243268666,seed mean across valid load-memory diagonal
3,B,no_plasticity,702,15,0.02637218977842066,seed mean across valid load-memory diagonal
3,B,no_plasticity,702,16,0.029147812715646895,seed mean across valid load-memory diagonal
3,B,no_plasticity,702,17,0.026431135096868803,seed mean across valid load-memory diagonal
3,B,no_plasticity,702,18,0.02365201370169719,seed mean across valid load-memory diagonal
3,B,no_plasticity,702,19,0.020674431969116374,seed mean across valid load-memory diagonal
3,B,no_plasticity,702,20,0.017670465027913453,seed mean across valid load-memory diagonal
3,B,no_plasticity,702,21,0.01657359001155083,seed mean across valid load-memory diagonal
3,B,no_plasticity,702,22,0.018867720555710166,seed mean across valid load-memory diagonal
3,B,no_plasticity,702,23,0.01415179594344384,seed mean across valid load-memory diagonal
3,B,no_plasticity,702,24,0.0115405791439116,seed mean across valid load-memory diagonal
3,B,no_plasticity,702,25,0.01488731253359999,seed mean across valid load-memory diagonal
3,B,no_plasticity,702,26,0.010360067874631462,seed mean across valid load-memory diagonal
3,B,no_plasticity,702,27,0.014037737171306755,seed mean across valid load-memory diagonal
3,B,no_plasticity,702,28,0.017559471598360687,seed mean across valid load-memory diagonal
3,B,no_plasticity,702,29,0.01385939463732704,seed mean across valid load-memory diagonal
3,B,no_plasticity,702,30,0.016515515806774298,seed mean across valid load-memory diagonal
3,B,no_plasticity,702,31,0.020875492550689597,seed mean across valid load-memory diagonal
3,B,no_plasticity,702,32,0.022572808366801058,seed mean across valid load-memory diagonal
3,B,no_plasticity,702,33,0.027343208729117004,seed mean across valid load-memory diagonal
3,B,no_plasticity,702,34,0.03240266141410057,seed mean across valid load-memory diagonal
3,B,no_plasticity,702,35,0.029708961695432662,seed mean across valid load-memory diagonal
3,B,no_plasticity,702,36,0.03495311845714847,seed mean across valid load-memory diagonal
3,B,no_plasticity,702,37,0.031513628266427826,seed mean across valid load-memory diagonal
3,B,no_plasticity,702,38,0.03407976124435663,seed mean across valid load-memory diagonal
3,B,no_plasticity,702,39,0.04010366497650033,seed mean across valid load-memory diagonal
3,B,no_plasticity,702,40,0.04690201012417674,seed mean across valid load-memory diagonal
3,B,no_plasticity,702,41,0.0416956021401443,seed mean across valid load-memory diagonal
3,B,no_plasticity,702,42,0.03644601203915146,seed mean across valid load-memory diagonal
3,B,no_plasticity,702,43,0.04484405883533113,seed mean across valid load-memory diagonal
3,B,no_plasticity,702,44,0.04923173564020544,seed mean across valid load-memory diagonal
3,B,no_plasticity,702,45,0.059136837845047314,seed mean across valid load-memory diagonal
3,B,no_plasticity,702,46,0.050927577407232354,seed mean across valid load-memory diagonal
3,B,no_plasticity,702,47,0.02226167243833725,seed mean across valid load-memory diagonal
3,B,no_plasticity,702,48,0.029790310965230066,seed mean across valid load-memory diagonal
3,B,no_plasticity,702,49,0.04166895439001647,seed mean across valid load-memory diagonal
3,B,no_plasticity,702,50,0.047831300646066666,seed mean across valid load-memory diagonal
3,B,no_plasticity,702,51,0.0651521243982845,seed mean across valid load-memory diagonal
3,B,no_plasticity,702,52,0.05519614648073912,seed mean across valid load-memory diagonal
3,B,no_plasticity,702,53,0.04772381271634783,seed mean across valid load-memory diagonal
3,B,no_plasticity,702,54,0.07299257442355156,seed mean across valid load-memory diagonal
3,B,no_plasticity,702,55,0.04955737441778183,seed mean across valid load-memory diagonal
3,B,no_plasticity,702,56,0.03480704501271248,seed mean across valid load-memory diagonal
3,B,no_plasticity,702,57,-0.05254639685153961,seed mean across valid load-memory diagonal
3,B,no_plasticity,702,58,-0.025599006563425064,seed mean across valid load-memory diagonal
3,B,no_plasticity,702,59,0.057225070893764496,seed mean across valid load-memory diagonal
3,C,no_plasticity,702,60,0.0,threshold=0.77777778
3,B,no_plasticity,703,0,-0.017256273857007422,seed mean across valid load-memory diagonal
3,B,no_plasticity,703,1,-0.015765117418210385,seed mean across valid load-memory diagonal
3,B,no_plasticity,703,2,-0.014205263510089496,seed mean across valid load-memory diagonal
3,B,no_plasticity,703,3,-0.01272494257672837,seed mean across valid load-memory diagonal
3,B,no_plasticity,703,4,-0.01606083132459649,seed mean across valid load-memory diagonal
3,B,no_plasticity,703,5,-0.015109602463516322,seed mean across valid load-memory diagonal
3,B,no_plasticity,703,6,-0.014877928213940727,seed mean across valid load-memory diagonal
3,B,no_plasticity,703,7,-0.013420695684990793,seed mean across valid load-memory diagonal
3,B,no_plasticity,703,8,-0.011829963097205529,seed mean across valid load-memory diagonal
3,B,no_plasticity,703,9,-0.010039308637964959,seed mean across valid load-memory diagonal
3,B,no_plasticity,703,10,-0.008115801960229874,seed mean across valid load-memory diagonal
3,B,no_plasticity,703,11,-0.006187682401160805,seed mean across valid load-memory diagonal
3,B,no_plasticity,703,12,-0.008582050756861767,seed mean across valid load-memory diagonal
3,B,no_plasticity,703,13,-0.009884479911403453,seed mean across valid load-memory diagonal
3,B,no_plasticity,703,14,-0.01139882198818352,seed mean across valid load-memory diagonal
3,B,no_plasticity,703,15,-0.009301362352238761,seed mean across valid load-memory diagonal
3,B,no_plasticity,703,16,-0.008033564398911867,seed mean across valid load-memory diagonal
3,B,no_plasticity,703,17,-0.007754459370707356,seed mean across valid load-memory diagonal
3,B,no_plasticity,703,18,-0.005303187650584039,seed mean across valid load-memory diagonal
3,B,no_plasticity,703,19,-0.003568481835650235,seed mean across valid load-memory diagonal
3,B,no_plasticity,703,20,-0.0008939226157963276,seed mean across valid load-memory diagonal
3,B,no_plasticity,703,21,0.0008738271127908658,seed mean across valid load-memory diagonal
3,B,no_plasticity,703,22,-0.0015038548919715379,seed mean across valid load-memory diagonal
3,B,no_plasticity,703,23,0.00041225099483051817,seed mean across valid load-memory diagonal
3,B,no_plasticity,703,24,0.003290478243596024,seed mean across valid load-memory diagonal
3,B,no_plasticity,703,25,-0.0004967773599284036,seed mean across valid load-memory diagonal
3,B,no_plasticity,703,26,0.0025666363756446276,seed mean across valid load-memory diagonal
3,B,no_plasticity,703,27,0.005721651807878957,seed mean across valid load-memory diagonal
3,B,no_plasticity,703,28,0.008161265752278268,seed mean across valid load-memory diagonal
3,B,no_plasticity,703,29,0.0026552185656562926,seed mean across valid load-memory diagonal
3,B,no_plasticity,703,30,0.005942691986759504,seed mean across valid load-memory diagonal
3,B,no_plasticity,703,31,0.00240401910810635,seed mean across valid load-memory diagonal
3,B,no_plasticity,703,32,-0.0013738773497087614,seed mean across valid load-memory diagonal
3,B,no_plasticity,703,33,0.002677324883363865,seed mean across valid load-memory diagonal
3,B,no_plasticity,703,34,-0.0023510116510666334,seed mean across valid load-memory diagonal
3,B,no_plasticity,703,35,0.00015268400311470033,seed mean across valid load-memory diagonal
3,B,no_plasticity,703,36,0.0011990768058846395,seed mean across valid load-memory diagonal
3,B,no_plasticity,703,37,0.005782879484088525,seed mean across valid load-memory diagonal
3,B,no_plasticity,703,38,0.010617131451991472,seed mean across valid load-memory diagonal
3,B,no_plasticity,703,39,-0.0039517781031983236,seed mean across valid load-memory diagonal
3,B,no_plasticity,703,40,0.001063347514718771,seed mean across valid load-memory diagonal
3,B,no_plasticity,703,41,-0.007457305040014417,seed mean across valid load-memory diagonal
3,B,no_plasticity,703,42,-0.015759976477258734,seed mean across valid load-memory diagonal
3,B,no_plasticity,703,43,-0.019921426058692092,seed mean across valid load-memory diagonal
3,B,no_plasticity,703,44,-0.01423455134499818,seed mean across valid load-memory diagonal
3,B,no_plasticity,703,45,-0.007777367656429609,seed mean across valid load-memory diagonal
3,B,no_plasticity,703,46,-0.020920518918761184,seed mean across valid load-memory diagonal
3,B,no_plasticity,703,47,-0.017320869203943472,seed mean across valid load-memory diagonal
3,B,no_plasticity,703,48,-0.009541050996631384,seed mean across valid load-memory diagonal
3,B,no_plasticity,703,49,-0.0009652513333342292,seed mean across valid load-memory diagonal
3,B,no_plasticity,703,50,-0.01582486052066088,seed mean across valid load-memory diagonal
3,B,no_plasticity,703,51,-0.00982365281217628,seed mean across valid load-memory diagonal
3,B,no_plasticity,703,52,-0.008538552559912205,seed mean across valid load-memory diagonal
3,B,no_plasticity,703,53,0.005054231200899396,seed mean across valid load-memory diagonal
3,B,no_plasticity,703,54,0.021937798708677292,seed mean across valid load-memory diagonal
3,B,no_plasticity,703,55,-0.03385044187307358,seed mean across valid load-memory diagonal
3,B,no_plasticity,703,56,-0.024251291528344154,seed mean across valid load-memory diagonal
3,B,no_plasticity,703,57,-0.09535955637693405,seed mean across valid load-memory diagonal
3,B,no_plasticity,703,58,-0.09652338549494743,seed mean across valid load-memory diagonal
3,B,no_plasticity,703,59,-0.10159971565008163,seed mean across valid load-memory diagonal
3,C,no_plasticity,703,60,0.0,threshold=0.77777778
3,B,no_plasticity,704,0,0.017533801775425673,seed mean across valid load-memory diagonal
3,B,no_plasticity,704,1,0.019133771280363455,seed mean across valid load-memory diagonal
3,B,no_plasticity,704,2,0.021378626244078422,seed mean across valid load-memory diagonal
3,B,no_plasticity,704,3,0.022237886658363175,seed mean across valid load-memory diagonal
3,B,no_plasticity,704,4,0.02023617411032319,seed mean across valid load-memory diagonal
3,B,no_plasticity,704,5,0.018783595819364896,seed mean across valid load-memory diagonal
3,B,no_plasticity,704,6,0.021164501913719706,seed mean across valid load-memory diagonal
3,B,no_plasticity,704,7,0.02321882609207675,seed mean across valid load-memory diagonal
3,B,no_plasticity,704,8,0.02090961464609091,seed mean across valid load-memory diagonal
3,B,no_plasticity,704,9,0.019190204713274452,seed mean across valid load-memory diagonal
3,B,no_plasticity,704,10,0.016838928386569023,seed mean across valid load-memory diagonal
3,B,no_plasticity,704,11,0.01691634603300873,seed mean across valid load-memory diagonal
3,B,no_plasticity,704,12,0.015011618379503489,seed mean across valid load-memory diagonal
3,B,no_plasticity,704,13,0.013199119967349033,seed mean across valid load-memory diagonal
3,B,no_plasticity,704,14,0.015734012522127316,seed mean across valid load-memory diagonal
3,B,no_plasticity,704,15,0.008519859611988067,seed mean across valid load-memory diagonal
3,B,no_plasticity,704,16,0.010357109152457931,seed mean across valid load-memory diagonal
3,B,no_plasticity,704,17,0.011229936120121978,seed mean across valid load-memory diagonal
3,B,no_plasticity,704,18,0.014064245280765351,seed mean across valid load-memory diagonal
3,B,no_plasticity,704,19,0.016888880693331,seed mean across valid load-memory diagonal
3,B,no_plasticity,704,20,0.009815625660121442,seed mean across valid load-memory diagonal
3,B,no_plasticity,704,21,0.011813894296303773,seed mean across valid load-memory diagonal
3,B,no_plasticity,704,22,0.010670842210713186,seed mean across valid load-memory diagonal
3,B,no_plasticity,704,23,0.012693598564412142,seed mean across valid load-memory diagonal
3,B,no_plasticity,704,24,0.010526433897515139,seed mean across valid load-memory diagonal
3,B,no_plasticity,704,25,0.007046065053769521,seed mean across valid load-memory diagonal
3,B,no_plasticity,704,26,0.01051313616335392,seed mean across valid load-memory diagonal
3,B,no_plasticity,704,27,0.009232998797387787,seed mean across valid load-memory diagonal
3,B,no_plasticity,704,28,0.01256898557767272,seed mean across valid load-memory diagonal
3,B,no_plasticity,704,29,0.016209178634228244,seed mean across valid load-memory diagonal
3,B,no_plasticity,704,30,0.01916754444440206,seed mean across valid load-memory diagonal
3,B,no_plasticity,704,31,0.015908847851999874,seed mean across valid load-memory diagonal
3,B,no_plasticity,704,32,0.004120504483580589,seed mean across valid load-memory diagonal
3,B,no_plasticity,704,33,0.007922815227950061,seed mean across valid load-memory diagonal
3,B,no_plasticity,704,34,0.0032085773463432607,seed mean across valid load-memory diagonal
3,B,no_plasticity,704,35,0.00777688056230545,seed mean across valid load-memory diagonal
3,B,no_plasticity,704,36,0.012469205694893995,seed mean across valid load-memory diagonal
3,B,no_plasticity,704,37,0.008309008310670439,seed mean across valid load-memory diagonal
3,B,no_plasticity,704,38,0.002010189335454594,seed mean across valid load-memory diagonal
3,B,no_plasticity,704,39,-0.0029393977352551053,seed mean across valid load-memory diagonal
3,B,no_plasticity,704,40,-0.010450373962521553,seed mean across valid load-memory diagonal
3,B,no_plasticity,704,41,-0.007046728934112348,seed mean across valid load-memory diagonal
3,B,no_plasticity,704,42,-0.0020145831836594474,seed mean across valid load-memory diagonal
3,B,no_plasticity,704,43,-0.007489594466546003,seed mean across valid load-memory diagonal
3,B,no_plasticity,704,44,-0.0010179155506193638,seed mean across valid load-memory diagonal
3,B,no_plasticity,704,45,-0.007452766597270966,seed mean across valid load-memory diagonal
3,B,no_plasticity,704,46,-0.0004691582705293383,seed mean across valid load-memory diagonal
3,B,no_plasticity,704,47,0.0072041480587078975,seed mean across valid load-memory diagonal
3,B,no_plasticity,704,48,0.015975356101989746,seed mean across valid load-memory diagonal
3,B,no_plasticity,704,49,0.025951119986447422,seed mean across valid load-memory diagonal
3,B,no_plasticity,704,50,0.03523590862751007,seed mean across valid load-memory diagonal
3,B,no_plasticity,704,51,0.027302556567721896,seed mean across valid load-memory diagonal
3,B,no_plasticity,704,52,0.03559764614328742,seed mean across valid load-memory diagonal
3,B,no_plasticity,704,53,0.051759395748376846,seed mean across valid load-memory diagonal
3,B,no_plasticity,704,54,0.07045701146125793,seed mean across valid load-memory diagonal
3,B,no_plasticity,704,55,0.10479937046766281,seed mean across valid load-memory diagonal
3,B,no_plasticity,704,56,0.07448012195527554,seed mean across valid load-memory diagonal
3,B,no_plasticity,704,57,0.05391683429479599,seed mean across valid load-memory diagonal
3,B,no_plasticity,704,58,0.1340017206966877,seed mean across valid load-memory diagonal
3,B,no_plasticity,704,59,0.12052518874406815,seed mean across valid load-memory diagonal
3,C,no_plasticity,704,60,0.0,threshold=0.77777778
3,B,no_plasticity,705,0,0.02924697663014134,seed mean across valid load-memory diagonal
3,B,no_plasticity,705,1,0.027308133856977446,seed mean across valid load-memory diagonal
3,B,no_plasticity,705,2,0.022177744688915795,seed mean across valid load-memory diagonal
3,B,no_plasticity,705,3,0.02429470606148243,seed mean across valid load-memory diagonal
3,B,no_plasticity,705,4,0.023789932918069617,seed mean across valid load-memory diagonal
3,B,no_plasticity,705,5,0.02182368172163313,seed mean across valid load-memory diagonal
3,B,no_plasticity,705,6,0.024231237635292387,seed mean across valid load-memory diagonal
3,B,no_plasticity,705,7,0.026649007503435296,seed mean across valid load-memory diagonal
3,B,no_plasticity,705,8,0.024458207727338258,seed mean across valid load-memory diagonal
3,B,no_plasticity,705,9,0.02055100596272478,seed mean across valid load-memory diagonal
3,B,no_plasticity,705,10,0.021517332047224044,seed mean across valid load-memory diagonal
3,B,no_plasticity,705,11,0.02236346109789245,seed mean across valid load-memory diagonal
3,B,no_plasticity,705,12,0.021329275021950405,seed mean across valid load-memory diagonal
3,B,no_plasticity,705,13,0.01868094503879547,seed mean across valid load-memory diagonal
3,B,no_plasticity,705,14,0.019581198044445202,seed mean across valid load-memory diagonal
3,B,no_plasticity,705,15,0.02231373985608419,seed mean across valid load-memory diagonal
3,B,no_plasticity,705,16,0.02439963546666232,seed mean across valid load-memory diagonal
3,B,no_plasticity,705,17,0.016196906566619873,seed mean across valid load-memory diagonal
3,B,no_plasticity,705,18,0.018628768622875214,seed mean across valid load-memory diagonal
3,B,no_plasticity,705,19,0.01653609443001631,seed mean across valid load-memory diagonal
3,B,no_plasticity,705,20,0.014190546050667763,seed mean across valid load-memory diagonal
3,B,no_plasticity,705,21,0.016417888876719352,seed mean across valid load-memory diagonal
3,B,no_plasticity,705,22,0.01936801287688707,seed mean across valid load-memory diagonal
3,B,no_plasticity,705,23,0.022487012719785846,seed mean across valid load-memory diagonal
3,B,no_plasticity,705,24,0.020260762009355757,seed mean across valid load-memory diagonal
3,B,no_plasticity,705,25,0.016783417974199567,seed mean across valid load-memory diagonal
3,B,no_plasticity,705,26,0.014078722718883963,seed mean across valid load-memory diagonal
3,B,no_plasticity,705,27,0.003825742638472355,seed mean across valid load-memory diagonal
3,B,no_plasticity,705,28,0.005851962836459279,seed mean across valid load-memory diagonal
3,B,no_plasticity,705,29,0.008345265542307207,seed mean across valid load-memory diagonal
3,B,no_plasticity,705,30,0.0040743370850880945,seed mean across valid load-memory diagonal
3,B,no_plasticity,705,31,0.007510908718766837,seed mean across valid load-memory diagonal
3,B,no_plasticity,705,32,0.008749599169407572,seed mean across valid load-memory diagonal
3,B,no_plasticity,705,33,0.003958569908583605,seed mean across valid load-memory diagonal
3,B,no_plasticity,705,34,0.006532812920900492,seed mean across valid load-memory diagonal
3,B,no_plasticity,705,35,0.010957413613796234,seed mean across valid load-memory diagonal
3,B,no_plasticity,705,36,0.0070119767139355344,seed mean across valid load-memory diagonal
3,B,no_plasticity,705,37,0.011935850848322329,seed mean across valid load-memory diagonal
3,B,no_plasticity,705,38,0.017086160792545838,seed mean across valid load-memory diagonal
3,B,no_plasticity,705,39,0.022642689091818675,seed mean across valid load-memory diagonal
3,B,no_plasticity,705,40,0.029084931313991546,seed mean across valid load-memory diagonal
3,B,no_plasticity,705,41,0.03640968430983393,seed mean across valid load-memory diagonal
3,B,no_plasticity,705,42,0.01739498186442587,seed mean across valid load-memory diagonal
3,B,no_plasticity,705,43,0.010066226563032936,seed mean across valid load-memory diagonal
3,B,no_plasticity,705,44,0.016186973080039024,seed mean across valid load-memory diagonal
3,B,no_plasticity,705,45,0.008572236696879069,seed mean across valid load-memory diagonal
3,B,no_plasticity,705,46,0.016268502388681685,seed mean across valid load-memory diagonal
3,B,no_plasticity,705,47,0.006851351031890282,seed mean across valid load-memory diagonal
3,B,no_plasticity,705,48,-0.0021519319464763007,seed mean across valid load-memory diagonal
3,B,no_plasticity,705,49,-0.01540981571782719,seed mean across valid load-memory diagonal
3,B,no_plasticity,705,50,-0.006525811553001404,seed mean across valid load-memory diagonal
3,B,no_plasticity,705,51,-0.014540006717046102,seed mean across valid load-memory diagonal
3,B,no_plasticity,705,52,-0.04262020252645016,seed mean across valid load-memory diagonal
3,B,no_plasticity,705,53,-0.0729123226233891,seed mean across valid load-memory diagonal
3,B,no_plasticity,705,54,-0.0686694656809171,seed mean across valid load-memory diagonal
3,B,no_plasticity,705,55,-0.06422949135303498,seed mean across valid load-memory diagonal
3,B,no_plasticity,705,56,-0.05448721908032894,seed mean across valid load-memory diagonal
3,B,no_plasticity,705,57,-0.03616875410079956,seed mean across valid load-memory diagonal
3,B,no_plasticity,705,58,-0.10418766364455223,seed mean across valid load-memory diagonal
3,B,no_plasticity,705,59,-0.10555912554264069,seed mean across valid load-memory diagonal
3,C,no_plasticity,705,60,0.0,threshold=0.77777778
3,B,no_plasticity,706,0,0.01787787831077973,seed mean across valid load-memory diagonal
3,B,no_plasticity,706,1,0.016330063279907582,seed mean across valid load-memory diagonal
3,B,no_plasticity,706,2,0.014700403308560109,seed mean across valid load-memory diagonal
3,B,no_plasticity,706,3,0.005995109219822967,seed mean across valid load-memory diagonal
3,B,no_plasticity,706,4,0.00803362877507295,seed mean across valid load-memory diagonal
3,B,no_plasticity,706,5,0.009468683939088474,seed mean across valid load-memory diagonal
3,B,no_plasticity,706,6,0.010934677595893541,seed mean across valid load-memory diagonal
3,B,no_plasticity,706,7,0.008493026402199044,seed mean across valid load-memory diagonal
3,B,no_plasticity,706,8,0.010013083640772562,seed mean across valid load-memory diagonal
3,B,no_plasticity,706,9,0.003275072092519087,seed mean across valid load-memory diagonal
3,B,no_plasticity,706,10,0.0005763848870992661,seed mean across valid load-memory diagonal
3,B,no_plasticity,706,11,-0.0005408160540522362,seed mean across valid load-memory diagonal
3,B,no_plasticity,706,12,0.0012580982098976772,seed mean across valid load-memory diagonal
3,B,no_plasticity,706,13,0.0028298929967778795,seed mean across valid load-memory diagonal
3,B,no_plasticity,706,14,0.005294724003128384,seed mean across valid load-memory diagonal
3,B,no_plasticity,706,15,0.007706448601351844,seed mean across valid load-memory diagonal
3,B,no_plasticity,706,16,0.010390977798537775,seed mean across valid load-memory diagonal
3,B,no_plasticity,706,17,0.012786006684913191,seed mean across valid load-memory diagonal
3,B,no_plasticity,706,18,0.01572887280157634,seed mean across valid load-memory diagonal
3,B,no_plasticity,706,19,0.017714730486637208,seed mean across valid load-memory diagonal
3,B,no_plasticity,706,20,0.012763991206884383,seed mean across valid load-memory diagonal
3,B,no_plasticity,706,21,0.008218446603188148,seed mean across valid load-memory diagonal
3,B,no_plasticity,706,22,0.0068734664666025265,seed mean across valid load-memory diagonal
3,B,no_plasticity,706,23,0.009709010655815536,seed mean across valid load-memory diagonal
3,B,no_plasticity,706,24,0.012871728796097968,seed mean across valid load-memory diagonal
3,B,no_plasticity,706,25,0.015241317238126483,seed mean across valid load-memory diagonal
3,B,no_plasticity,706,26,0.009767618687713848,seed mean across valid load-memory diagonal
3,B,no_plasticity,706,27,0.0057362846352837305,seed mean across valid load-memory diagonal
3,B,no_plasticity,706,28,0.0005747927352786064,seed mean across valid load-memory diagonal
3,B,no_plasticity,706,29,-0.0037910731569413218,seed mean across valid load-memory diagonal
3,B,no_plasticity,706,30,-0.0007089984913667043,seed mean across valid load-memory diagonal
3,B,no_plasticity,706,31,-0.015347898263355782,seed mean across valid load-memory diagonal
3,B,no_plasticity,706,32,-0.01194262398140771,seed mean across valid load-memory diagonal
3,B,no_plasticity,706,33,-0.016299559010399714,seed mean across valid load-memory diagonal
3,B,no_plasticity,706,34,-0.012667863701398555,seed mean across valid load-memory diagonal
3,B,no_plasticity,706,35,-0.00908269703388214,seed mean across valid load-memory diagonal
3,B,no_plasticity,706,36,-0.0052903443574905396,seed mean across valid load-memory diagonal
3,B,no_plasticity,706,37,-0.0010351917665937672,seed mean across valid load-memory diagonal
3,B,no_plasticity,706,38,0.003954423422163183,seed mean across valid load-memory diagonal
3,B,no_plasticity,706,39,0.009428681717032478,seed mean across valid load-memory diagonal
3,B,no_plasticity,706,40,0.014574266225099563,seed mean across valid load-memory diagonal
3,B,no_plasticity,706,41,0.01991789748794154,seed mean across valid load-memory diagonal
3,B,no_plasticity,706,42,0.02693354586760203,seed mean across valid load-memory diagonal
3,B,no_plasticity,706,43,0.01998735000105465,seed mean across valid load-memory diagonal
3,B,no_plasticity,706,44,0.027846242766827345,seed mean across valid load-memory diagonal
3,B,no_plasticity,706,45,0.03659461388985316,seed mean across valid load-memory diagonal
3,B,no_plasticity,706,46,0.046045871185404916,seed mean across valid load-memory diagonal
3,B,no_plasticity,706,47,0.05417273881343695,seed mean across valid load-memory diagonal
3,B,no_plasticity,706,48,0.06754003092646599,seed mean across valid load-memory diagonal
3,B,no_plasticity,706,49,0.08367758786136453,seed mean across valid load-memory diagonal
3,B,no_plasticity,706,50,0.08149271383881569,seed mean across valid load-memory diagonal
3,B,no_plasticity,706,51,0.09787613650163014,seed mean across valid load-memory diagonal
3,B,no_plasticity,706,52,0.09300737082958221,seed mean across valid load-memory diagonal
3,B,no_plasticity,706,53,0.12168576568365097,seed mean across valid load-memory diagonal
3,B,no_plasticity,706,54,0.15336540713906288,seed mean across valid load-memory diagonal
3,B,no_plasticity,706,55,0.1646413668990135,seed mean across valid load-memory diagonal
3,B,no_plasticity,706,56,0.11235529743134975,seed mean across valid load-memory diagonal
3,B,no_plasticity,706,57,0.022240775326887768,seed mean across valid load-memory diagonal
3,B,no_plasticity,706,58,0.08578537404537201,seed mean across valid load-memory diagonal
3,B,no_plasticity,706,59,0.10468694567680359,seed mean across valid load-memory diagonal
3,C,no_plasticity,706,60,0.0,threshold=0.77777778
3,B,no_plasticity,707,0,0.024046117983137567,seed mean across valid load-memory diagonal
3,B,no_plasticity,707,1,0.025680725525875213,seed mean across valid load-memory diagonal
3,B,no_plasticity,707,2,0.027983440327104824,seed mean across valid load-memory diagonal
3,B,no_plasticity,707,3,0.030199837446082057,seed mean across valid load-memory diagonal
3,B,no_plasticity,707,4,0.03256896835020078,seed mean across valid load-memory diagonal
3,B,no_plasticity,707,5,0.030083042433993384,seed mean across valid load-memory diagonal
3,B,no_plasticity,707,6,0.028130036313086748,seed mean across valid load-memory diagonal
3,B,no_plasticity,707,7,0.030024396694915474,seed mean across valid load-memory diagonal
3,B,no_plasticity,707,8,0.032713934689616926,seed mean across valid load-memory diagonal
3,B,no_plasticity,707,9,0.03524068412462286,seed mean across valid load-memory diagonal
3,B,no_plasticity,707,10,0.028999073561280966,seed mean across valid load-memory diagonal
3,B,no_plasticity,707,11,0.023254117244208346,seed mean across valid load-memory diagonal
3,B,no_plasticity,707,12,0.0257114091849265,seed mean across valid load-memory diagonal
3,B,no_plasticity,707,13,0.023266741629452147,seed mean across valid load-memory diagonal
3,B,no_plasticity,707,14,0.02606463260219797,seed mean across valid load-memory diagonal
3,B,no_plasticity,707,15,0.028938169673913054,seed mean across valid load-memory diagonal
3,B,no_plasticity,707,16,0.03184122920290313,seed mean across valid load-memory diagonal
3,B,no_plasticity,707,17,0.028511140820418678,seed mean across valid load-memory diagonal
3,B,no_plasticity,707,18,0.03170238069391677,seed mean across valid load-memory diagonal
3,B,no_plasticity,707,19,0.03215456735797045,seed mean across valid load-memory diagonal
3,B,no_plasticity,707,20,0.029558935016393662,seed mean across valid load-memory diagonal
3,B,no_plasticity,707,21,0.02755304999076403,seed mean across valid load-memory diagonal
3,B,no_plasticity,707,22,0.03099440998936954,seed mean across valid load-memory diagonal
3,B,no_plasticity,707,23,0.03461874316673021,seed mean across valid load-memory diagonal
3,B,no_plasticity,707,24,0.03190289665427473,seed mean across valid load-memory diagonal
3,B,no_plasticity,707,25,0.029722214809485843,seed mean across valid load-memory diagonal
3,B,no_plasticity,707,26,0.03255758193485877,seed mean across valid load-memory diagonal
3,B,no_plasticity,707,27,0.03644077434684291,seed mean across valid load-memory diagonal
3,B,no_plasticity,707,28,0.041034450056031346,seed mean across valid load-memory diagonal
3,B,no_plasticity,707,29,0.045863650018169035,seed mean across valid load-memory diagonal
3,B,no_plasticity,707,30,0.04978927547732989,seed mean across valid load-memory diagonal
3,B,no_plasticity,707,31,0.05511138896489966,seed mean across valid load-memory diagonal
3,B,no_plasticity,707,32,0.05318711431963103,seed mean across valid load-memory diagonal
3,B,no_plasticity,707,33,0.049843741235909636,seed mean across valid load-memory diagonal
3,B,no_plasticity,707,34,0.04048490581604151,seed mean across valid load-memory diagonal
3,B,no_plasticity,707,35,0.046270771920681,seed mean across valid load-memory diagonal
3,B,no_plasticity,707,36,0.04327926691621542,seed mean across valid load-memory diagonal
3,B,no_plasticity,707,37,0.040817332656487175,seed mean across valid load-memory diagonal
3,B,no_plasticity,707,38,0.04749148000370373,seed mean across valid load-memory diagonal
3,B,no_plasticity,707,39,0.05472143420151302,seed mean across valid load-memory diagonal
3,B,no_plasticity,707,40,0.06240771599113941,seed mean across valid load-memory diagonal
3,B,no_plasticity,707,41,0.06702193960939583,seed mean across valid load-memory diagonal
3,B,no_plasticity,707,42,0.06756001866112153,seed mean across valid load-memory diagonal
3,B,no_plasticity,707,43,0.06335008834653041,seed mean across valid load-memory diagonal
3,B,no_plasticity,707,44,0.07313909463118762,seed mean across valid load-memory diagonal
3,B,no_plasticity,707,45,0.07078989086051782,seed mean across valid load-memory diagonal
3,B,no_plasticity,707,46,0.08341012988239527,seed mean across valid load-memory diagonal
3,B,no_plasticity,707,47,0.07645034431838073,seed mean across valid load-memory diagonal
3,B,no_plasticity,707,48,0.05342136680458983,seed mean across valid load-memory diagonal
3,B,no_plasticity,707,49,0.04274326275018128,seed mean across valid load-memory diagonal
3,B,no_plasticity,707,50,0.05762466620653868,seed mean across valid load-memory diagonal
3,B,no_plasticity,707,51,0.07509267475042078,seed mean across valid load-memory diagonal
3,B,no_plasticity,707,52,0.07066421746276319,seed mean across valid load-memory diagonal
3,B,no_plasticity,707,53,0.0950948391109705,seed mean across valid load-memory diagonal
3,B,no_plasticity,707,54,0.07178831441948812,seed mean across valid load-memory diagonal
3,B,no_plasticity,707,55,0.011385444924235344,seed mean across valid load-memory diagonal
3,B,no_plasticity,707,56,0.019436752423644066,seed mean across valid load-memory diagonal
3,B,no_plasticity,707,57,0.061119601130485535,seed mean across valid load-memory diagonal
3,B,no_plasticity,707,58,0.022153697907924652,seed mean across valid load-memory diagonal
3,B,no_plasticity,707,59,0.14292117953300476,seed mean across valid load-memory diagonal
3,C,no_plasticity,707,60,0.0,threshold=0.77777778
3,B,no_plasticity,708,0,0.04882780535457035,seed mean across valid load-memory diagonal
3,B,no_plasticity,708,1,0.04723357900156308,seed mean across valid load-memory diagonal
3,B,no_plasticity,708,2,0.04984048842291894,seed mean across valid load-memory diagonal
3,B,no_plasticity,708,3,0.05246435012668371,seed mean across valid load-memory diagonal
3,B,no_plasticity,708,4,0.04706426535267383,seed mean across valid load-memory diagonal
3,B,no_plasticity,708,5,0.04380252725360068,seed mean across valid load-memory diagonal
3,B,no_plasticity,708,6,0.04649103127626909,seed mean across valid load-memory diagonal
3,B,no_plasticity,708,7,0.045419444576046374,seed mean across valid load-memory diagonal
3,B,no_plasticity,708,8,0.04677549464843021,seed mean across valid load-memory diagonal
3,B,no_plasticity,708,9,0.049862426303911446,seed mean across valid load-memory diagonal
3,B,no_plasticity,708,10,0.04848866077139974,seed mean across valid load-memory diagonal
3,B,no_plasticity,708,11,0.05160603415677134,seed mean across valid load-memory diagonal
3,B,no_plasticity,708,12,0.05483877179600919,seed mean across valid load-memory diagonal
3,B,no_plasticity,708,13,0.04861579694725732,seed mean across valid load-memory diagonal
3,B,no_plasticity,708,14,0.05108542904338759,seed mean across valid load-memory diagonal
3,B,no_plasticity,708,15,0.05455074146803882,seed mean across valid load-memory diagonal
3,B,no_plasticity,708,16,0.04777781904505735,seed mean across valid load-memory diagonal
3,B,no_plasticity,708,17,0.04566740714620019,seed mean across valid load-memory diagonal
3,B,no_plasticity,708,18,0.04412474999913857,seed mean across valid load-memory diagonal
3,B,no_plasticity,708,19,0.047737576271884324,seed mean across valid load-memory diagonal
3,B,no_plasticity,708,20,0.04737975487951189,seed mean across valid load-memory diagonal
3,B,no_plasticity,708,21,0.04520404799721944,seed mean across valid load-memory diagonal
3,B,no_plasticity,708,22,0.04898758254651176,seed mean across valid load-memory diagonal
3,B,no_plasticity,708,23,0.0451896039869737,seed mean across valid load-memory diagonal
3,B,no_plasticity,708,24,0.04845713309219314,seed mean across valid load-memory diagonal
3,B,no_plasticity,708,25,0.05283263988260712,seed mean across valid load-memory diagonal
3,B,no_plasticity,708,26,0.054989820866681194,seed mean across valid load-memory diagonal
3,B,no_plasticity,708,27,0.053234837017953396,seed mean across valid load-memory diagonal
3,B,no_plasticity,708,28,0.05731360774370842,seed mean across valid load-memory diagonal
3,B,no_plasticity,708,29,0.05493856458774497,seed mean across valid load-memory diagonal
3,B,no_plasticity,708,30,0.0441890559780101,seed mean across valid load-memory diagonal
3,B,no_plasticity,708,31,0.04601764768875878,seed mean across valid load-memory diagonal
3,B,no_plasticity,708,32,0.05150795315525362,seed mean across valid load-memory diagonal
3,B,no_plasticity,708,33,0.054768212967448764,seed mean across valid load-memory diagonal
3,B,no_plasticity,708,34,0.06093151953357916,seed mean across valid load-memory diagonal
3,B,no_plasticity,708,35,0.04910373777151108,seed mean across valid load-memory diagonal
3,B,no_plasticity,708,36,0.05409557775904735,seed mean across valid load-memory diagonal
3,B,no_plasticity,708,37,0.050479705243006996,seed mean across valid load-memory diagonal
3,B,no_plasticity,708,38,0.04666985605250706,seed mean across valid load-memory diagonal
3,B,no_plasticity,708,39,0.03845267742872238,seed mean across valid load-memory diagonal
3,B,no_plasticity,708,40,0.03317995481193066,seed mean across valid load-memory diagonal
3,B,no_plasticity,708,41,0.04022929111593648,seed mean across valid load-memory diagonal
3,B,no_plasticity,708,42,0.03623114236527019,seed mean across valid load-memory diagonal
3,B,no_plasticity,708,43,0.044414703898570114,seed mean across valid load-memory diagonal
3,B,no_plasticity,708,44,0.025368295144289732,seed mean across valid load-memory diagonal
3,B,no_plasticity,708,45,0.015729111929734547,seed mean across valid load-memory diagonal
3,B,no_plasticity,708,46,0.024301689650331224,seed mean across valid load-memory diagonal
3,B,no_plasticity,708,47,0.004947970692928021,seed mean across valid load-memory diagonal
3,B,no_plasticity,708,48,0.013978784283002218,seed mean across valid load-memory diagonal
3,B,no_plasticity,708,49,-0.0005979375405745072,seed mean across valid load-memory diagonal
3,B,no_plasticity,708,50,0.009759510308504105,seed mean across valid load-memory diagonal
3,B,no_plasticity,708,51,0.023042961127228208,seed mean across valid load-memory diagonal
3,B,no_plasticity,708,52,0.029289067722857,seed mean across valid load-memory diagonal
3,B,no_plasticity,708,53,0.04856453197343009,seed mean across valid load-memory diagonal
3,B,no_plasticity,708,54,0.03150188426176707,seed mean across valid load-memory diagonal
3,B,no_plasticity,708,55,0.05135805159807205,seed mean across valid load-memory diagonal
3,B,no_plasticity,708,56,0.02583707682788372,seed mean across valid load-memory diagonal
3,B,no_plasticity,708,57,-0.012014927963415781,seed mean across valid load-memory diagonal
3,B,no_plasticity,708,58,0.016992885619401932,seed mean across valid load-memory diagonal
3,B,no_plasticity,708,59,-0.10422443598508835,seed mean across valid load-memory diagonal
3,C,no_plasticity,708,60,0.0,threshold=0.77777778
3,B,no_plasticity,709,0,0.0020561551364759604,seed mean across valid load-memory diagonal
3,B,no_plasticity,709,1,-0.00020800022629358,seed mean across valid load-memory diagonal
3,B,no_plasticity,709,2,0.001581804152449657,seed mean across valid load-memory diagonal
3,B,no_plasticity,709,3,-0.00019577103095096455,seed mean across valid load-memory diagonal
3,B,no_plasticity,709,4,-0.0026268842962703536,seed mean across valid load-memory diagonal
3,B,no_plasticity,709,5,-0.0007652211934328079,seed mean across valid load-memory diagonal
3,B,no_plasticity,709,6,0.00114324899321353,seed mean across valid load-memory diagonal
3,B,no_plasticity,709,7,0.002171081578675306,seed mean across valid load-memory diagonal
3,B,no_plasticity,709,8,0.004344754171772645,seed mean across valid load-memory diagonal
3,B,no_plasticity,709,9,0.001038978752844474,seed mean across valid load-memory diagonal
3,B,no_plasticity,709,10,0.0032327261194586756,seed mean across valid load-memory diagonal
3,B,no_plasticity,709,11,-0.0006002489173290681,seed mean across valid load-memory diagonal
3,B,no_plasticity,709,12,0.0014463959184164803,seed mean across valid load-memory diagonal
3,B,no_plasticity,709,13,0.003831907908650155,seed mean across valid load-memory diagonal
3,B,no_plasticity,709,14,-0.0036136241143812304,seed mean across valid load-memory diagonal
3,B,no_plasticity,709,15,-0.0012462338225709068,seed mean across valid load-memory diagonal
3,B,no_plasticity,709,16,-0.0025494576601142235,seed mean across valid load-memory diagonal
3,B,no_plasticity,709,17,-0.0002962325288112773,seed mean across valid load-memory diagonal
3,B,no_plasticity,709,18,-0.0029301177266807784,seed mean across valid load-memory diagonal
3,B,no_plasticity,709,19,-0.005439197008566159,seed mean across valid load-memory diagonal
3,B,no_plasticity,709,20,-0.0031204922590404747,seed mean across valid load-memory diagonal
3,B,no_plasticity,709,21,-0.0013440966319579345,seed mean across valid load-memory diagonal
3,B,no_plasticity,709,22,-0.003852381370961666,seed mean across valid load-memory diagonal
3,B,no_plasticity,709,23,-0.0071080124156700595,seed mean across valid load-memory diagonal
3,B,no_plasticity,709,24,-0.010259878976891438,seed mean across valid load-memory diagonal
3,B,no_plasticity,709,25,-0.007409271225333214,seed mean across valid load-memory diagonal
3,B,no_plasticity,709,26,-0.010788854923756683,seed mean across valid load-memory diagonal
3,B,no_plasticity,709,27,-0.01027911359613592,seed mean across valid load-memory diagonal
3,B,no_plasticity,709,28,-0.01246812124736607,seed mean across valid load-memory diagonal
3,B,no_plasticity,709,29,-0.016091233780307156,seed mean across valid load-memory diagonal
3,B,no_plasticity,709,30,-0.021125562489032745,seed mean across valid load-memory diagonal
3,B,no_plasticity,709,31,-0.018146489457837468,seed mean across valid load-memory diagonal
3,B,no_plasticity,709,32,-0.014834860073668616,seed mean across valid load-memory diagonal
3,B,no_plasticity,709,33,-0.011361691410894747,seed mean across valid load-memory diagonal
3,B,no_plasticity,709,34,-0.00764823704957962,seed mean across valid load-memory diagonal
3,B,no_plasticity,709,35,-0.012297616899013519,seed mean across valid load-memory diagonal
3,B,no_plasticity,709,36,-0.009118074551224709,seed mean across valid load-memory diagonal
3,B,no_plasticity,709,37,-0.0047023247765458145,seed mean across valid load-memory diagonal
3,B,no_plasticity,709,38,0.00013226948001167992,seed mean across valid load-memory diagonal
3,B,no_plasticity,709,39,0.005189489750635056,seed mean across valid load-memory diagonal
3,B,no_plasticity,709,40,0.01084768995642662,seed mean across valid load-memory diagonal
3,B,no_plasticity,709,41,0.016925596877148275,seed mean across valid load-memory diagonal
3,B,no_plasticity,709,42,0.008268456492159102,seed mean across valid load-memory diagonal
3,B,no_plasticity,709,43,0.01481423746137058,seed mean across valid load-memory diagonal
3,B,no_plasticity,709,44,-2.6608817279338837e-05,seed mean across valid load-memory diagonal
3,B,no_plasticity,709,45,0.0065963437159856165,seed mean across valid load-memory diagonal
3,B,no_plasticity,709,46,0.014778917921440942,seed mean across valid load-memory diagonal
3,B,no_plasticity,709,47,0.023741414913764365,seed mean across valid load-memory diagonal
3,B,no_plasticity,709,48,0.01663883402943611,seed mean across valid load-memory diagonal
3,B,no_plasticity,709,49,0.004655481739477677,seed mean across valid load-memory diagonal
3,B,no_plasticity,709,50,0.01189282014966011,seed mean across valid load-memory diagonal
3,B,no_plasticity,709,51,0.0014864148365126716,seed mean across valid load-memory diagonal
3,B,no_plasticity,709,52,0.012997593730688095,seed mean across valid load-memory diagonal
3,B,no_plasticity,709,53,0.030711324087211063,seed mean across valid load-memory diagonal
3,B,no_plasticity,709,54,0.05168705930312475,seed mean across valid load-memory diagonal
3,B,no_plasticity,709,55,0.03946934640407562,seed mean across valid load-memory diagonal
3,B,no_plasticity,709,56,-0.0054917000234127045,seed mean across valid load-memory diagonal
3,B,no_plasticity,709,57,0.028458386659622192,seed mean across valid load-memory diagonal
3,B,no_plasticity,709,58,0.09801232069730759,seed mean across valid load-memory diagonal
3,B,no_plasticity,709,59,0.30460014939308167,seed mean across valid load-memory diagonal
3,C,no_plasticity,709,60,0.0,threshold=0.77777778
3,B,no_plasticity,710,0,0.02983900768061479,seed mean across valid load-memory diagonal
3,B,no_plasticity,710,1,0.026623266354455787,seed mean across valid load-memory diagonal
3,B,no_plasticity,710,2,0.026801091843637926,seed mean across valid load-memory diagonal
3,B,no_plasticity,710,3,0.02517875427739662,seed mean across valid load-memory diagonal
3,B,no_plasticity,710,4,0.02468744060024619,seed mean across valid load-memory diagonal
3,B,no_plasticity,710,5,0.024036951904947108,seed mean across valid load-memory diagonal
3,B,no_plasticity,710,6,0.022527895591877126,seed mean across valid load-memory diagonal
3,B,no_plasticity,710,7,0.02470447446377772,seed mean across valid load-memory diagonal
3,B,no_plasticity,710,8,0.022684692333524045,seed mean across valid load-memory diagonal
3,B,no_plasticity,710,9,0.02440354505590364,seed mean across valid load-memory diagonal
3,B,no_plasticity,710,10,0.026955420076847078,seed mean across valid load-memory diagonal
3,B,no_plasticity,710,11,0.029567862347680694,seed mean across valid load-memory diagonal
3,B,no_plasticity,710,12,0.028008644313861925,seed mean across valid load-memory diagonal
3,B,no_plasticity,710,13,0.02904615170778112,seed mean across valid load-memory diagonal
3,B,no_plasticity,710,14,0.027377494165430897,seed mean across valid load-memory diagonal
3,B,no_plasticity,710,15,0.03045411010583242,seed mean across valid load-memory diagonal
3,B,no_plasticity,710,16,0.033658888190984726,seed mean across valid load-memory diagonal
3,B,no_plasticity,710,17,0.03623473678910455,seed mean across valid load-memory diagonal
3,B,no_plasticity,710,18,0.03926461172245797,seed mean across valid load-memory diagonal
3,B,no_plasticity,710,19,0.03155913967184904,seed mean across valid load-memory diagonal
3,B,no_plasticity,710,20,0.03489420246332884,seed mean across valid load-memory diagonal
3,B,no_plasticity,710,21,0.033079782548623204,seed mean across valid load-memory diagonal
3,B,no_plasticity,710,22,0.03578281128092816,seed mean across valid load-memory diagonal
3,B,no_plasticity,710,23,0.039388717831792056,seed mean across valid load-memory diagonal
3,B,no_plasticity,710,24,0.043438850384619504,seed mean across valid load-memory diagonal
3,B,no_plasticity,710,25,0.04036935674292701,seed mean across valid load-memory diagonal
3,B,no_plasticity,710,26,0.044608605696874505,seed mean across valid load-memory diagonal
3,B,no_plasticity,710,27,0.04930636873750976,seed mean across valid load-memory diagonal
3,B,no_plasticity,710,28,0.04754532384686172,seed mean across valid load-memory diagonal
3,B,no_plasticity,710,29,0.0524183242551742,seed mean across valid load-memory diagonal
3,B,no_plasticity,710,30,0.05785202880700429,seed mean across valid load-memory diagonal
3,B,no_plasticity,710,31,0.0561568600864246,seed mean across valid load-memory diagonal
3,B,no_plasticity,710,32,0.041458110458084514,seed mean across valid load-memory diagonal
3,B,no_plasticity,710,33,0.04673593436126356,seed mean across valid load-memory diagonal
3,B,no_plasticity,710,34,0.04624873858231764,seed mean across valid load-memory diagonal
3,B,no_plasticity,710,35,0.05243577152490616,seed mean across valid load-memory diagonal
3,B,no_plasticity,710,36,0.05899017552534739,seed mean across valid load-memory diagonal
3,B,no_plasticity,710,37,0.04853352645169134,seed mean across valid load-memory diagonal
3,B,no_plasticity,710,38,0.05200094932859594,seed mean across valid load-memory diagonal
3,B,no_plasticity,710,39,0.058156270356405346,seed mean across valid load-memory diagonal
3,B,no_plasticity,710,40,0.0663056418299675,seed mean across valid load-memory diagonal
3,B,no_plasticity,710,41,0.05158094042225888,seed mean across valid load-memory diagonal
3,B,no_plasticity,710,42,0.034536510705947876,seed mean across valid load-memory diagonal
3,B,no_plasticity,710,43,0.03292230867287692,seed mean across valid load-memory diagonal
3,B,no_plasticity,710,44,0.028564639389514923,seed mean across valid load-memory diagonal
3,B,no_plasticity,710,45,0.03712528347969055,seed mean across valid load-memory diagonal
3,B,no_plasticity,710,46,0.04765417107513973,seed mean across valid load-memory diagonal
3,B,no_plasticity,710,47,0.05343154989756071,seed mean across valid load-memory diagonal
3,B,no_plasticity,710,48,0.06608364048103492,seed mean across valid load-memory diagonal
3,B,no_plasticity,710,49,0.06276940622112968,seed mean across valid load-memory diagonal
3,B,no_plasticity,710,50,0.079544185847044,seed mean across valid load-memory diagonal
3,B,no_plasticity,710,51,0.07586608330408733,seed mean across valid load-memory diagonal
3,B,no_plasticity,710,52,0.0721525177359581,seed mean across valid load-memory diagonal
3,B,no_plasticity,710,53,0.09278558939695358,seed mean across valid load-memory diagonal
3,B,no_plasticity,710,54,0.12401965881387393,seed mean across valid load-memory diagonal
3,B,no_plasticity,710,55,0.16949620246887206,seed mean across valid load-memory diagonal
3,B,no_plasticity,710,56,0.07537214457988739,seed mean across valid load-memory diagonal
3,B,no_plasticity,710,57,0.0671967143813769,seed mean across valid load-memory diagonal
3,B,no_plasticity,710,58,0.03604549542069435,seed mean across valid load-memory diagonal
3,B,no_plasticity,710,59,-0.06621228903532028,seed mean across valid load-memory diagonal
3,C,no_plasticity,710,60,0.0,threshold=0.77777778
3,B,no_plasticity,711,0,0.02347741099074483,seed mean across valid load-memory diagonal
3,B,no_plasticity,711,1,0.020591226895734414,seed mean across valid load-memory diagonal
3,B,no_plasticity,711,2,0.021425393153110456,seed mean across valid load-memory diagonal
3,B,no_plasticity,711,3,0.023691373338040552,seed mean across valid load-memory diagonal
3,B,no_plasticity,711,4,0.0193238092386829,seed mean across valid load-memory diagonal
3,B,no_plasticity,711,5,0.021551056240092625,seed mean across valid load-memory diagonal
3,B,no_plasticity,711,6,0.023339714751475386,seed mean across valid load-memory diagonal
3,B,no_plasticity,711,7,0.023672882678373804,seed mean across valid load-memory diagonal
3,B,no_plasticity,711,8,0.02601101421392881,seed mean across valid load-memory diagonal
3,B,no_plasticity,711,9,0.023088815749860277,seed mean across valid load-memory diagonal
3,B,no_plasticity,711,10,0.02567646458745003,seed mean across valid load-memory diagonal
3,B,no_plasticity,711,11,0.023162815491763914,seed mean across valid load-memory diagonal
3,B,no_plasticity,711,12,0.025724457421650488,seed mean across valid load-memory diagonal
3,B,no_plasticity,711,13,0.02670531672366122,seed mean across valid load-memory diagonal
3,B,no_plasticity,711,14,0.029566783781932747,seed mean across valid load-memory diagonal
3,B,no_plasticity,711,15,0.021857077048884496,seed mean across valid load-memory diagonal
3,B,no_plasticity,711,16,0.02487283352423798,seed mean across valid load-memory diagonal
3,B,no_plasticity,711,17,0.02776698473581048,seed mean across valid load-memory diagonal
3,B,no_plasticity,711,18,0.03010226058818045,seed mean across valid load-memory diagonal
3,B,no_plasticity,711,19,0.027374953940147308,seed mean across valid load-memory diagonal
3,B,no_plasticity,711,20,0.030452170595526695,seed mean across valid load-memory diagonal
3,B,no_plasticity,711,21,0.02213632487333738,seed mean across valid load-memory diagonal
3,B,no_plasticity,711,22,0.02045448516544543,seed mean across valid load-memory diagonal
3,B,no_plasticity,711,23,0.01737810268595412,seed mean across valid load-memory diagonal
3,B,no_plasticity,711,24,0.013196469181113772,seed mean across valid load-memory diagonal
3,B,no_plasticity,711,25,0.011044551006385258,seed mean across valid load-memory diagonal
3,B,no_plasticity,711,26,0.009816599900231641,seed mean across valid load-memory diagonal
3,B,no_plasticity,711,27,0.007291257607214378,seed mean across valid load-memory diagonal
3,B,no_plasticity,711,28,0.004210547311231494,seed mean across valid load-memory diagonal
3,B,no_plasticity,711,29,0.0022777316551054676,seed mean across valid load-memory diagonal
3,B,no_plasticity,711,30,0.004731859763463338,seed mean across valid load-memory diagonal
3,B,no_plasticity,711,31,0.008517063897231529,seed mean across valid load-memory diagonal
3,B,no_plasticity,711,32,0.00819433866334813,seed mean across valid load-memory diagonal
3,B,no_plasticity,711,33,-0.00419912114739418,seed mean across valid load-memory diagonal
3,B,no_plasticity,711,34,-0.0018214865659291928,seed mean across valid load-memory diagonal
3,B,no_plasticity,711,35,0.0012026761472225189,seed mean across valid load-memory diagonal
3,B,no_plasticity,711,36,0.0058701434172689915,seed mean across valid load-memory diagonal
3,B,no_plasticity,711,37,0.010799450232930805,seed mean across valid load-memory diagonal
3,B,no_plasticity,711,38,0.005262066864154555,seed mean across valid load-memory diagonal
3,B,no_plasticity,711,39,0.010182306347858338,seed mean across valid load-memory diagonal
3,B,no_plasticity,711,40,0.005049739591777324,seed mean across valid load-memory diagonal
3,B,no_plasticity,711,41,0.010805425087088033,seed mean across valid load-memory diagonal
3,B,no_plasticity,711,42,0.0009148735553026199,seed mean across valid load-memory diagonal
3,B,no_plasticity,711,43,-0.005779199521331226,seed mean across valid load-memory diagonal
3,B,no_plasticity,711,44,-0.027434658026322722,seed mean across valid load-memory diagonal
3,B,no_plasticity,711,45,-0.03317124570409457,seed mean across valid load-memory diagonal
3,B,no_plasticity,711,46,-0.03052694057779653,seed mean across valid load-memory diagonal
3,B,no_plasticity,711,47,-0.04337570787622379,seed mean across valid load-memory diagonal
3,B,no_plasticity,711,48,-0.04901019452760617,seed mean across valid load-memory diagonal
3,B,no_plasticity,711,49,-0.06609275767749007,seed mean across valid load-memory diagonal
3,B,no_plasticity,711,50,-0.06276776529848575,seed mean across valid load-memory diagonal
3,B,no_plasticity,711,51,-0.06695239163107342,seed mean across valid load-memory diagonal
3,B,no_plasticity,711,52,-0.062336438335478306,seed mean across valid load-memory diagonal
3,B,no_plasticity,711,53,-0.059232140226023536,seed mean across valid load-memory diagonal
3,B,no_plasticity,711,54,-0.05137609442075094,seed mean across valid load-memory diagonal
3,B,no_plasticity,711,55,-0.03950205743312836,seed mean across valid load-memory diagonal
3,B,no_plasticity,711,56,-0.021659744903445244,seed mean across valid load-memory diagonal
3,B,no_plasticity,711,57,-0.09222738693157832,seed mean across valid load-memory diagonal
3,B,no_plasticity,711,58,-0.09325922280550003,seed mean across valid load-memory diagonal
3,B,no_plasticity,711,59,-0.10526703298091888,seed mean across valid load-memory diagonal
3,C,no_plasticity,711,60,0.0,threshold=0.77777778
3,B,no_plasticity,712,0,0.024631618879114588,seed mean across valid load-memory diagonal
3,B,no_plasticity,712,1,0.026338319578286955,seed mean across valid load-memory diagonal
3,B,no_plasticity,712,2,0.024929784029593755,seed mean across valid load-memory diagonal
3,B,no_plasticity,712,3,0.027297265615248888,seed mean across valid load-memory diagonal
3,B,no_plasticity,712,4,0.02974900435323694,seed mean across valid load-memory diagonal
3,B,no_plasticity,712,5,0.03230469340289181,seed mean across valid load-memory diagonal
3,B,no_plasticity,712,6,0.03490827886249732,seed mean across valid load-memory diagonal
3,B,no_plasticity,712,7,0.03749528954262441,seed mean across valid load-memory diagonal
3,B,no_plasticity,712,8,0.04020983487582551,seed mean across valid load-memory diagonal
3,B,no_plasticity,712,9,0.04241984459918504,seed mean across valid load-memory diagonal
3,B,no_plasticity,712,10,0.04096649860963225,seed mean across valid load-memory diagonal
3,B,no_plasticity,712,11,0.03964546100445548,seed mean across valid load-memory diagonal
3,B,no_plasticity,712,12,0.032939399495565645,seed mean across valid load-memory diagonal
3,B,no_plasticity,712,13,0.0358911899136419,seed mean across valid load-memory diagonal
3,B,no_plasticity,712,14,0.03813359438968093,seed mean across valid load-memory diagonal
3,B,no_plasticity,712,15,0.032223059464659955,seed mean across valid load-memory diagonal
3,B,no_plasticity,712,16,0.03053185248493471,seed mean across valid load-memory diagonal
3,B,no_plasticity,712,17,0.029701574662223805,seed mean across valid load-memory diagonal
3,B,no_plasticity,712,18,0.03297479138044374,seed mean across valid load-memory diagonal
3,B,no_plasticity,712,19,0.021482023228777618,seed mean across valid load-memory diagonal
3,B,no_plasticity,712,20,0.020702094002626837,seed mean across valid load-memory diagonal
3,B,no_plasticity,712,21,0.01834031039228042,seed mean across valid load-memory diagonal
3,B,no_plasticity,712,22,0.021625892871892767,seed mean across valid load-memory diagonal
3,B,no_plasticity,712,23,0.025129391912471603,seed mean across valid load-memory diagonal
3,B,no_plasticity,712,24,0.022889234099744096,seed mean across valid load-memory diagonal
3,B,no_plasticity,712,25,0.023805086367896626,seed mean across valid load-memory diagonal
3,B,no_plasticity,712,26,0.027363667867201215,seed mean across valid load-memory diagonal
3,B,no_plasticity,712,27,0.028882815474362084,seed mean across valid load-memory diagonal
3,B,no_plasticity,712,28,0.028141036222223192,seed mean across valid load-memory diagonal
3,B,no_plasticity,712,29,0.031972238673798496,seed mean across valid load-memory diagonal
3,B,no_plasticity,712,30,0.03658564469466607,seed mean across valid load-memory diagonal
3,B,no_plasticity,712,31,0.032580069234145095,seed mean across valid load-memory diagonal
3,B,no_plasticity,712,32,0.02956880343013576,seed mean across valid load-memory diagonal
3,B,no_plasticity,712,33,0.02576966011137874,seed mean across valid load-memory diagonal
3,B,no_plasticity,712,34,0.022599483696887128,seed mean across valid load-memory diagonal
3,B,no_plasticity,712,35,0.017951531782746315,seed mean across valid load-memory diagonal
3,B,no_plasticity,712,36,0.012908293943231305,seed mean across valid load-memory diagonal
3,B,no_plasticity,712,37,0.0071221969859755554,seed mean across valid load-memory diagonal
3,B,no_plasticity,712,38,0.00922982030632821,seed mean across valid load-memory diagonal
3,B,no_plasticity,712,39,0.014828537280360857,seed mean across valid load-memory diagonal
3,B,no_plasticity,712,40,0.02064945036545396,seed mean across valid load-memory diagonal
3,B,no_plasticity,712,41,0.02581695712318546,seed mean across valid load-memory diagonal
3,B,no_plasticity,712,42,0.019565141552852258,seed mean across valid load-memory diagonal
3,B,no_plasticity,712,43,0.021389608435771045,seed mean across valid load-memory diagonal
3,B,no_plasticity,712,44,0.029014472384005785,seed mean across valid load-memory diagonal
3,B,no_plasticity,712,45,0.03607753763596217,seed mean across valid load-memory diagonal
3,B,no_plasticity,712,46,0.04656189626881054,seed mean across valid load-memory diagonal
3,B,no_plasticity,712,47,0.05847968333042585,seed mean across valid load-memory diagonal
3,B,no_plasticity,712,48,0.051794709637761116,seed mean across valid load-memory diagonal
3,B,no_plasticity,712,49,0.04619387198578228,seed mean across valid load-memory diagonal
3,B,no_plasticity,712,50,0.03722897619009018,seed mean across valid load-memory diagonal
3,B,no_plasticity,712,51,0.0515786608060201,seed mean across valid load-memory diagonal
3,B,no_plasticity,712,52,0.07188553735613823,seed mean across valid load-memory diagonal
3,B,no_plasticity,712,53,0.06916585671050209,seed mean across valid load-memory diagonal
3,B,no_plasticity,712,54,0.05778417612115542,seed mean across valid load-memory diagonal
3,B,no_plasticity,712,55,0.035285653173923494,seed mean across valid load-memory diagonal
3,B,no_plasticity,712,56,0.017624923959374428,seed mean across valid load-memory diagonal
3,B,no_plasticity,712,57,0.05633902549743652,seed mean across valid load-memory diagonal
3,B,no_plasticity,712,58,0.13413257896900177,seed mean across valid load-memory diagonal
3,B,no_plasticity,712,59,-0.10837996006011963,seed mean across valid load-memory diagonal
3,C,no_plasticity,712,60,0.0,threshold=0.77777778
3,B,no_plasticity,713,0,0.0269168958067894,seed mean across valid load-memory diagonal
3,B,no_plasticity,713,1,0.02426677083565017,seed mean across valid load-memory diagonal
3,B,no_plasticity,713,2,0.026300689655131305,seed mean across valid load-memory diagonal
3,B,no_plasticity,713,3,0.028628585631387274,seed mean across valid load-memory diagonal
3,B,no_plasticity,713,4,0.03086350884820734,seed mean across valid load-memory diagonal
3,B,no_plasticity,713,5,0.029855223406444895,seed mean across valid load-memory diagonal
3,B,no_plasticity,713,6,0.027891894733464276,seed mean across valid load-memory diagonal
3,B,no_plasticity,713,7,0.03045265995106607,seed mean across valid load-memory diagonal
3,B,no_plasticity,713,8,0.033039779330675416,seed mean across valid load-memory diagonal
3,B,no_plasticity,713,9,0.03104964658325794,seed mean across valid load-memory diagonal
3,B,no_plasticity,713,10,0.033778285533189775,seed mean across valid load-memory diagonal
3,B,no_plasticity,713,11,0.035899588800206474,seed mean across valid load-memory diagonal
3,B,no_plasticity,713,12,0.0382031820093592,seed mean across valid load-memory diagonal
3,B,no_plasticity,713,13,0.04137959347126332,seed mean across valid load-memory diagonal
3,B,no_plasticity,713,14,0.04420943655397581,seed mean across valid load-memory diagonal
3,B,no_plasticity,713,15,0.04653018373582098,seed mean across valid load-memory diagonal
3,B,no_plasticity,713,16,0.04438433686101979,seed mean across valid load-memory diagonal
3,B,no_plasticity,713,17,0.04220019618785659,seed mean across valid load-memory diagonal
3,B,no_plasticity,713,18,0.04575749601991404,seed mean across valid load-memory diagonal
3,B,no_plasticity,713,19,0.04417098449861131,seed mean across valid load-memory diagonal
3,B,no_plasticity,713,20,0.04179880851879716,seed mean across valid load-memory diagonal
3,B,no_plasticity,713,21,0.03413779622851274,seed mean across valid load-memory diagonal
3,B,no_plasticity,713,22,0.03783689880449521,seed mean across valid load-memory diagonal
3,B,no_plasticity,713,23,0.037367078903559094,seed mean across valid load-memory diagonal
3,B,no_plasticity,713,24,0.04147892859246996,seed mean across valid load-memory diagonal
3,B,no_plasticity,713,25,0.04338403344154358,seed mean across valid load-memory diagonal
3,B,no_plasticity,713,26,0.040479063987731934,seed mean across valid load-memory diagonal
3,B,no_plasticity,713,27,0.044745296465628075,seed mean across valid load-memory diagonal
3,B,no_plasticity,713,28,0.03516728640533984,seed mean across valid load-memory diagonal
3,B,no_plasticity,713,29,0.02643794902870732,seed mean across valid load-memory diagonal
3,B,no_plasticity,713,30,0.02376407707730929,seed mean across valid load-memory diagonal
3,B,no_plasticity,713,31,0.020269286786687785,seed mean across valid load-memory diagonal
3,B,no_plasticity,713,32,0.024848093411752155,seed mean across valid load-memory diagonal
3,B,no_plasticity,713,33,0.022035603997883974,seed mean across valid load-memory diagonal
3,B,no_plasticity,713,34,0.026375135836692955,seed mean across valid load-memory diagonal
3,B,no_plasticity,713,35,0.02301636606454849,seed mean across valid load-memory diagonal
3,B,no_plasticity,713,36,0.01610250740001599,seed mean across valid load-memory diagonal
3,B,no_plasticity,713,37,0.012084979725920635,seed mean across valid load-memory diagonal
3,B,no_plasticity,713,38,0.01742899688807401,seed mean across valid load-memory diagonal
3,B,no_plasticity,713,39,0.02352944513161977,seed mean across valid load-memory diagonal
3,B,no_plasticity,713,40,0.030094605684280396,seed mean across valid load-memory diagonal
3,B,no_plasticity,713,41,0.024402050595534474,seed mean across valid load-memory diagonal
3,B,no_plasticity,713,42,0.031864860819445714,seed mean across valid load-memory diagonal
3,B,no_plasticity,713,43,0.025670907076667335,seed mean across valid load-memory diagonal
3,B,no_plasticity,713,44,0.03406476974487305,seed mean across valid load-memory diagonal
3,B,no_plasticity,713,45,0.040564310550689694,seed mean across valid load-memory diagonal
3,B,no_plasticity,713,46,0.012351994003568376,seed mean across valid load-memory diagonal
3,B,no_plasticity,713,47,0.02076029433653905,seed mean across valid load-memory diagonal
3,B,no_plasticity,713,48,0.027881329258282978,seed mean across valid load-memory diagonal
3,B,no_plasticity,713,49,0.039883274246345864,seed mean across valid load-memory diagonal
3,B,no_plasticity,713,50,0.05493108183145523,seed mean across valid load-memory diagonal
3,B,no_plasticity,713,51,0.04990815536843406,seed mean across valid load-memory diagonal
3,B,no_plasticity,713,52,0.06937571801245213,seed mean across valid load-memory diagonal
3,B,no_plasticity,713,53,0.05979513057640621,seed mean across valid load-memory diagonal
3,B,no_plasticity,713,54,0.05341178551316261,seed mean across valid load-memory diagonal
3,B,no_plasticity,713,55,0.042938369512557986,seed mean across valid load-memory diagonal
3,B,no_plasticity,713,56,0.019005514681339264,seed mean across valid load-memory diagonal
3,B,no_plasticity,713,57,0.0591892326871554,seed mean across valid load-memory diagonal
3,B,no_plasticity,713,58,0.02176697924733162,seed mean across valid load-memory diagonal
3,B,no_plasticity,713,59,-0.10710247606039047,seed mean across valid load-memory diagonal
3,C,no_plasticity,713,60,0.0,threshold=0.77777778
3,B,no_plasticity,714,0,0.006234764245649179,seed mean across valid load-memory diagonal
3,B,no_plasticity,714,1,0.003575035007828373,seed mean across valid load-memory diagonal
3,B,no_plasticity,714,2,0.0018719345459650304,seed mean across valid load-memory diagonal
3,B,no_plasticity,714,3,0.003845707039561188,seed mean across valid load-memory diagonal
3,B,no_plasticity,714,4,0.005582049555544343,seed mean across valid load-memory diagonal
3,B,no_plasticity,714,5,0.007569568197835576,seed mean across valid load-memory diagonal
3,B,no_plasticity,714,6,0.009661993011832237,seed mean across valid load-memory diagonal
3,B,no_plasticity,714,7,0.011939640385362337,seed mean across valid load-memory diagonal
3,B,no_plasticity,714,8,0.009414209267840935,seed mean across valid load-memory diagonal
3,B,no_plasticity,714,9,0.011425894630305907,seed mean across valid load-memory diagonal
3,B,no_plasticity,714,10,0.008964128270745277,seed mean across valid load-memory diagonal
3,B,no_plasticity,714,11,0.01121922285885227,seed mean across valid load-memory diagonal
3,B,no_plasticity,714,12,0.009268425172194839,seed mean across valid load-memory diagonal
3,B,no_plasticity,714,13,0.011822924414213667,seed mean across valid load-memory diagonal
3,B,no_plasticity,714,14,0.009634649704979814,seed mean across valid load-memory diagonal
3,B,no_plasticity,714,15,0.006815576967265871,seed mean across valid load-memory diagonal
3,B,no_plasticity,714,16,0.009167343293401327,seed mean across valid load-memory diagonal
3,B,no_plasticity,714,17,0.010927704617727635,seed mean across valid load-memory diagonal
3,B,no_plasticity,714,18,0.006967756453724135,seed mean across valid load-memory diagonal
3,B,no_plasticity,714,19,0.004497443848266834,seed mean across valid load-memory diagonal
3,B,no_plasticity,714,20,0.007211071718484163,seed mean across valid load-memory diagonal
3,B,no_plasticity,714,21,0.010240479635122495,seed mean across valid load-memory diagonal
3,B,no_plasticity,714,22,0.011056015267968178,seed mean across valid load-memory diagonal
3,B,no_plasticity,714,23,0.007549653484209164,seed mean across valid load-memory diagonal
3,B,no_plasticity,714,24,0.010536958049568865,seed mean across valid load-memory diagonal
3,B,no_plasticity,714,25,0.005780614806073053,seed mean across valid load-memory diagonal
3,B,no_plasticity,714,26,0.008718561271534246,seed mean across valid load-memory diagonal
3,B,no_plasticity,714,27,0.012082943071921667,seed mean across valid load-memory diagonal
3,B,no_plasticity,714,28,0.008946151821874082,seed mean across valid load-memory diagonal
3,B,no_plasticity,714,29,0.01281114006715436,seed mean across valid load-memory diagonal
3,B,no_plasticity,714,30,0.008449951683481534,seed mean across valid load-memory diagonal
3,B,no_plasticity,714,31,-0.0005010316341087736,seed mean across valid load-memory diagonal
3,B,no_plasticity,714,32,0.002889472059905529,seed mean across valid load-memory diagonal
3,B,no_plasticity,714,33,0.005595857760420552,seed mean across valid load-memory diagonal
3,B,no_plasticity,714,34,0.006603101984812663,seed mean across valid load-memory diagonal
3,B,no_plasticity,714,35,0.010868637859821319,seed mean across valid load-memory diagonal
3,B,no_plasticity,714,36,0.014354764173428217,seed mean across valid load-memory diagonal
3,B,no_plasticity,714,37,0.019476232969242592,seed mean across valid load-memory diagonal
3,B,no_plasticity,714,38,0.02518248591910709,seed mean across valid load-memory diagonal
3,B,no_plasticity,714,39,0.018311990513688044,seed mean across valid load-memory diagonal
3,B,no_plasticity,714,40,0.024457259103655815,seed mean across valid load-memory diagonal
3,B,no_plasticity,714,41,0.01682114561921672,seed mean across valid load-memory diagonal
3,B,no_plasticity,714,42,0.00994824328356319,seed mean across valid load-memory diagonal
3,B,no_plasticity,714,43,0.004597498651813059,seed mean across valid load-memory diagonal
3,B,no_plasticity,714,44,-0.0016604457050561905,seed mean across valid load-memory diagonal
3,B,no_plasticity,714,45,0.00448151578505834,seed mean across valid load-memory diagonal
3,B,no_plasticity,714,46,-0.004913070904357093,seed mean across valid load-memory diagonal
3,B,no_plasticity,714,47,0.00013877394107671885,seed mean across valid load-memory diagonal
3,B,no_plasticity,714,48,-0.015310689186056456,seed mean across valid load-memory diagonal
3,B,no_plasticity,714,49,-0.010335698046467522,seed mean across valid load-memory diagonal
3,B,no_plasticity,714,50,-0.0002654373645782471,seed mean across valid load-memory diagonal
3,B,no_plasticity,714,51,0.010727036330435012,seed mean across valid load-memory diagonal
3,B,no_plasticity,714,52,-0.0019604526460170746,seed mean across valid load-memory diagonal
3,B,no_plasticity,714,53,-0.01685997737305505,seed mean across valid load-memory diagonal
3,B,no_plasticity,714,54,-0.00676773985226949,seed mean across valid load-memory diagonal
3,B,no_plasticity,714,55,0.011795036494731903,seed mean across valid load-memory diagonal
3,B,no_plasticity,714,56,-0.011697303503751755,seed mean across valid load-memory diagonal
3,B,no_plasticity,714,57,-0.08814950287342072,seed mean across valid load-memory diagonal
3,B,no_plasticity,714,58,-0.08642406389117241,seed mean across valid load-memory diagonal
3,B,no_plasticity,714,59,-0.07255717366933823,seed mean across valid load-memory diagonal
3,C,no_plasticity,714,60,0.0,threshold=0.77777778
3,B,no_plasticity,715,0,0.02778203956161936,seed mean across valid load-memory diagonal
3,B,no_plasticity,715,1,0.02579133158896939,seed mean across valid load-memory diagonal
3,B,no_plasticity,715,2,0.02433863985512791,seed mean across valid load-memory diagonal
3,B,no_plasticity,715,3,0.02077209697872923,seed mean across valid load-memory diagonal
3,B,no_plasticity,715,4,0.023033789192725505,seed mean across valid load-memory diagonal
3,B,no_plasticity,715,5,0.0254218094389547,seed mean across valid load-memory diagonal
3,B,no_plasticity,715,6,0.02699907755272256,seed mean across valid load-memory diagonal
3,B,no_plasticity,715,7,0.025885151066588907,seed mean across valid load-memory diagonal
3,B,no_plasticity,715,8,0.02842916974511284,seed mean across valid load-memory diagonal
3,B,no_plasticity,715,9,0.031152050978704996,seed mean across valid load-memory diagonal
3,B,no_plasticity,715,10,0.03312995966523886,seed mean across valid load-memory diagonal
3,B,no_plasticity,715,11,0.03149976820818016,seed mean across valid load-memory diagonal
3,B,no_plasticity,715,12,0.02923766876726101,seed mean across valid load-memory diagonal
3,B,no_plasticity,715,13,0.027480491575725536,seed mean across valid load-memory diagonal
3,B,no_plasticity,715,14,0.026660655463195366,seed mean across valid load-memory diagonal
3,B,no_plasticity,715,15,0.026066673091716237,seed mean across valid load-memory diagonal
3,B,no_plasticity,715,16,0.022701131645590067,seed mean across valid load-memory diagonal
3,B,no_plasticity,715,17,0.024652747004184614,seed mean across valid load-memory diagonal
3,B,no_plasticity,715,18,0.025786258989856356,seed mean across valid load-memory diagonal
3,B,no_plasticity,715,19,0.022714362638752636,seed mean across valid load-memory diagonal
3,B,no_plasticity,715,20,0.013867612183094024,seed mean across valid load-memory diagonal
3,B,no_plasticity,715,21,0.013765459259351095,seed mean across valid load-memory diagonal
3,B,no_plasticity,715,22,0.010597335272713712,seed mean across valid load-memory diagonal
3,B,no_plasticity,715,23,0.013739027888388248,seed mean across valid load-memory diagonal
3,B,no_plasticity,715,24,0.00940851473973857,seed mean across valid load-memory diagonal
3,B,no_plasticity,715,25,0.005396853387355805,seed mean across valid load-memory diagonal
3,B,no_plasticity,715,26,0.00852850342498106,seed mean across valid load-memory diagonal
3,B,no_plasticity,715,27,0.005415262372204752,seed mean across valid load-memory diagonal
3,B,no_plasticity,715,28,0.009038878604769707,seed mean across valid load-memory diagonal
3,B,no_plasticity,715,29,0.004893612957769825,seed mean across valid load-memory diagonal
3,B,no_plasticity,715,30,0.006281800319751104,seed mean across valid load-memory diagonal
3,B,no_plasticity,715,31,0.010071898071930326,seed mean across valid load-memory diagonal
3,B,no_plasticity,715,32,0.0067029789622340885,seed mean across valid load-memory diagonal
3,B,no_plasticity,715,33,0.010754455570821409,seed mean across valid load-memory diagonal
3,B,no_plasticity,715,34,0.006841743508210549,seed mean across valid load-memory diagonal
3,B,no_plasticity,715,35,0.0029399517178535462,seed mean across valid load-memory diagonal
3,B,no_plasticity,715,36,0.007126128611465295,seed mean across valid load-memory diagonal
3,B,no_plasticity,715,37,0.012211601695288782,seed mean across valid load-memory diagonal
3,B,no_plasticity,715,38,0.000314669514244253,seed mean across valid load-memory diagonal
3,B,no_plasticity,715,39,0.005260576804478963,seed mean across valid load-memory diagonal
3,B,no_plasticity,715,40,0.010813339799642562,seed mean across valid load-memory diagonal
3,B,no_plasticity,715,41,0.012483572391302962,seed mean across valid load-memory diagonal
3,B,no_plasticity,715,42,-0.003469188283714983,seed mean across valid load-memory diagonal
3,B,no_plasticity,715,43,0.0025744055781294316,seed mean across valid load-memory diagonal
3,B,no_plasticity,715,44,-0.014086108305491507,seed mean across valid load-memory diagonal
3,B,no_plasticity,715,45,-0.008203997338811556,seed mean across valid load-memory diagonal
3,B,no_plasticity,715,46,-0.0070172569581440514,seed mean across valid load-memory diagonal
3,B,no_plasticity,715,47,-0.001592444685789255,seed mean across valid load-memory diagonal
3,B,no_plasticity,715,48,-0.007364418978492419,seed mean across valid load-memory diagonal
3,B,no_plasticity,715,49,0.0008223361589691856,seed mean across valid load-memory diagonal
3,B,no_plasticity,715,50,-0.01418500319123268,seed mean across valid load-memory diagonal
3,B,no_plasticity,715,51,-0.008283885816733042,seed mean across valid load-memory diagonal
3,B,no_plasticity,715,52,-0.02281463611871004,seed mean across valid load-memory diagonal
3,B,no_plasticity,715,53,-0.01134212953703744,seed mean across valid load-memory diagonal
3,B,no_plasticity,715,54,0.004769553740819295,seed mean across valid load-memory diagonal
3,B,no_plasticity,715,55,0.027863840758800506,seed mean across valid load-memory diagonal
3,B,no_plasticity,715,56,0.018558790907263756,seed mean across valid load-memory diagonal
3,B,no_plasticity,715,57,-0.07842593640089035,seed mean across valid load-memory diagonal
3,B,no_plasticity,715,58,-0.06755823269486427,seed mean across valid load-memory diagonal
3,B,no_plasticity,715,59,-0.10991664230823517,seed mean across valid load-memory diagonal
3,C,no_plasticity,715,60,0.0,threshold=0.77777778
3,B,no_plasticity,716,0,0.027583018007377783,seed mean across valid load-memory diagonal
3,B,no_plasticity,716,1,0.029769155244200915,seed mean across valid load-memory diagonal
3,B,no_plasticity,716,2,0.03194899362479818,seed mean across valid load-memory diagonal
3,B,no_plasticity,716,3,0.034358069758143345,seed mean across valid load-memory diagonal
3,B,no_plasticity,716,4,0.03600662767088839,seed mean across valid load-memory diagonal
3,B,no_plasticity,716,5,0.034720573709769685,seed mean across valid load-memory diagonal
3,B,no_plasticity,716,6,0.0371846288304638,seed mean across valid load-memory diagonal
3,B,no_plasticity,716,7,0.0380805304695694,seed mean across valid load-memory diagonal
3,B,no_plasticity,716,8,0.04089431161992252,seed mean across valid load-memory diagonal
3,B,no_plasticity,716,9,0.03909898576710154,seed mean across valid load-memory diagonal
3,B,no_plasticity,716,10,0.04171883089467883,seed mean across valid load-memory diagonal
3,B,no_plasticity,716,11,0.03978369109408588,seed mean across valid load-memory diagonal
3,B,no_plasticity,716,12,0.03758087612610931,seed mean across valid load-memory diagonal
3,B,no_plasticity,716,13,0.03099806240185144,seed mean across valid load-memory diagonal
3,B,no_plasticity,716,14,0.0336524014685141,seed mean across valid load-memory diagonal
3,B,no_plasticity,716,15,0.0313307020192345,seed mean across valid load-memory diagonal
3,B,no_plasticity,716,16,0.02337990495884283,seed mean across valid load-memory diagonal
3,B,no_plasticity,716,17,0.021455024369060993,seed mean across valid load-memory diagonal
3,B,no_plasticity,716,18,0.016878803726285696,seed mean across valid load-memory diagonal
3,B,no_plasticity,716,19,0.01759405906607465,seed mean across valid load-memory diagonal
3,B,no_plasticity,716,20,0.020491105876863,seed mean across valid load-memory diagonal
3,B,no_plasticity,716,21,0.023778059925788488,seed mean across valid load-memory diagonal
3,B,no_plasticity,716,22,0.021463122807051007,seed mean across valid load-memory diagonal
3,B,no_plasticity,716,23,0.02413935093460856,seed mean across valid load-memory diagonal
3,B,no_plasticity,716,24,0.020948696674572095,seed mean across valid load-memory diagonal
3,B,no_plasticity,716,25,0.017952180121626173,seed mean across valid load-memory diagonal
3,B,no_plasticity,716,26,0.02141399834962452,seed mean across valid load-memory diagonal
3,B,no_plasticity,716,27,0.022890484694278602,seed mean across valid load-memory diagonal
3,B,no_plasticity,716,28,0.020477141486480832,seed mean across valid load-memory diagonal
3,B,no_plasticity,716,29,0.01912215556348524,seed mean across valid load-memory diagonal
3,B,no_plasticity,716,30,0.016034852837522824,seed mean across valid load-memory diagonal
3,B,no_plasticity,716,31,0.0202976666904729,seed mean across valid load-memory diagonal
3,B,no_plasticity,716,32,0.013422475994697638,seed mean across valid load-memory diagonal
3,B,no_plasticity,716,33,0.01730286674918952,seed mean across valid load-memory diagonal
3,B,no_plasticity,716,34,0.0218986443315561,seed mean across valid load-memory diagonal
3,B,no_plasticity,716,35,0.018682073801755905,seed mean across valid load-memory diagonal
3,B,no_plasticity,716,36,0.023892246341953676,seed mean across valid load-memory diagonal
3,B,no_plasticity,716,37,0.02969914723349654,seed mean across valid load-memory diagonal
3,B,no_plasticity,716,38,0.02487017536027865,seed mean across valid load-memory diagonal
3,B,no_plasticity,716,39,0.03061064598815782,seed mean across valid load-memory diagonal
3,B,no_plasticity,716,40,0.017467557825148104,seed mean across valid load-memory diagonal
3,B,no_plasticity,716,41,0.011078348481341413,seed mean across valid load-memory diagonal
3,B,no_plasticity,716,42,0.008514756543768777,seed mean across valid load-memory diagonal
3,B,no_plasticity,716,43,0.002224334899116965,seed mean across valid load-memory diagonal
3,B,no_plasticity,716,44,0.009263049811124802,seed mean across valid load-memory diagonal
3,B,no_plasticity,716,45,0.002355360488096873,seed mean across valid load-memory diagonal
3,B,no_plasticity,716,46,0.009298060089349747,seed mean across valid load-memory diagonal
3,B,no_plasticity,716,47,0.015377134657823123,seed mean across valid load-memory diagonal
3,B,no_plasticity,716,48,0.02589293010532856,seed mean across valid load-memory diagonal
3,B,no_plasticity,716,49,0.03021256524053487,seed mean across valid load-memory diagonal
3,B,no_plasticity,716,50,0.043727156892418864,seed mean across valid load-memory diagonal
3,B,no_plasticity,716,51,0.06087457678384251,seed mean across valid load-memory diagonal
3,B,no_plasticity,716,52,0.08065387001261115,seed mean across valid load-memory diagonal
3,B,no_plasticity,716,53,0.10730190415467535,seed mean across valid load-memory diagonal
3,B,no_plasticity,716,54,0.14251573445896307,seed mean across valid load-memory diagonal
3,B,no_plasticity,716,55,0.1424410916864872,seed mean across valid load-memory diagonal
3,B,no_plasticity,716,56,0.09008011687546968,seed mean across valid load-memory diagonal
3,B,no_plasticity,716,57,0.014315810054540634,seed mean across valid load-memory diagonal
3,B,no_plasticity,716,58,0.04105662554502487,seed mean across valid load-memory diagonal
3,B,no_plasticity,716,59,0.10454501956701279,seed mean across valid load-memory diagonal
3,C,no_plasticity,716,60,0.0,threshold=0.77777778
3,B,no_plasticity,717,0,0.02297018313159545,seed mean across valid load-memory diagonal
3,B,no_plasticity,717,1,0.017916364121740146,seed mean across valid load-memory diagonal
3,B,no_plasticity,717,2,0.018582753483848326,seed mean across valid load-memory diagonal
3,B,no_plasticity,717,3,0.019973163574672582,seed mean across valid load-memory diagonal
3,B,no_plasticity,717,4,0.02154734667523631,seed mean across valid load-memory diagonal
3,B,no_plasticity,717,5,0.0208335836163976,seed mean across valid load-memory diagonal
3,B,no_plasticity,717,6,0.02327604167577293,seed mean across valid load-memory diagonal
3,B,no_plasticity,717,7,0.017729903342870047,seed mean across valid load-memory diagonal
3,B,no_plasticity,717,8,0.02009943690007696,seed mean across valid load-memory diagonal
3,B,no_plasticity,717,9,0.01870530628252263,seed mean across valid load-memory diagonal
3,B,no_plasticity,717,10,0.01648924369364977,seed mean across valid load-memory diagonal
3,B,no_plasticity,717,11,0.017295041862799197,seed mean across valid load-memory diagonal
3,B,no_plasticity,717,12,0.019499570596963167,seed mean across valid load-memory diagonal
3,B,no_plasticity,717,13,0.02217226396215723,seed mean across valid load-memory diagonal
3,B,no_plasticity,717,14,0.024912038251109745,seed mean across valid load-memory diagonal
3,B,no_plasticity,717,15,0.02217333416144053,seed mean across valid load-memory diagonal
3,B,no_plasticity,717,16,0.01952780681577596,seed mean across valid load-memory diagonal
3,B,no_plasticity,717,17,0.02256048158850781,seed mean across valid load-memory diagonal
3,B,no_plasticity,717,18,0.019844282418489456,seed mean across valid load-memory diagonal
3,B,no_plasticity,717,19,0.020789825062199337,seed mean across valid load-memory diagonal
3,B,no_plasticity,717,20,0.023767983820289374,seed mean across valid load-memory diagonal
3,B,no_plasticity,717,21,0.009157798133599453,seed mean across valid load-memory diagonal
3,B,no_plasticity,717,22,0.01180701614602616,seed mean across valid load-memory diagonal
3,B,no_plasticity,717,23,0.008415052918968973,seed mean across valid load-memory diagonal
3,B,no_plasticity,717,24,0.011581775732338428,seed mean across valid load-memory diagonal
3,B,no_plasticity,717,25,0.014825093214000974,seed mean across valid load-memory diagonal
3,B,no_plasticity,717,26,0.011084930313860668,seed mean across valid load-memory diagonal
3,B,no_plasticity,717,27,0.014640484456763123,seed mean across valid load-memory diagonal
3,B,no_plasticity,717,28,0.011789920856244862,seed mean across valid load-memory diagonal
3,B,no_plasticity,717,29,0.015747285538142728,seed mean across valid load-memory diagonal
3,B,no_plasticity,717,30,0.01996510090927283,seed mean across valid load-memory diagonal
3,B,no_plasticity,717,31,0.022728245705366135,seed mean across valid load-memory diagonal
3,B,no_plasticity,717,32,0.021554548958582536,seed mean across valid load-memory diagonal
3,B,no_plasticity,717,33,0.016919203516509797,seed mean across valid load-memory diagonal
3,B,no_plasticity,717,34,0.02020270678286369,seed mean across valid load-memory diagonal
3,B,no_plasticity,717,35,0.0024437655508518217,seed mean across valid load-memory diagonal
3,B,no_plasticity,717,36,-0.0032291715033352375,seed mean across valid load-memory diagonal
3,B,no_plasticity,717,37,0.0011318091141140978,seed mean across valid load-memory diagonal
3,B,no_plasticity,717,38,0.006102552976120602,seed mean across valid load-memory diagonal
3,B,no_plasticity,717,39,-0.00212182193284943,seed mean across valid load-memory diagonal
3,B,no_plasticity,717,40,0.0031908107921481133,seed mean across valid load-memory diagonal
3,B,no_plasticity,717,41,0.008831702368824105,seed mean across valid load-memory diagonal
3,B,no_plasticity,717,42,0.012970585582984818,seed mean across valid load-memory diagonal
3,B,no_plasticity,717,43,0.01946626800824614,seed mean across valid load-memory diagonal
3,B,no_plasticity,717,44,0.02724607032723725,seed mean across valid load-memory diagonal
3,B,no_plasticity,717,45,0.03629156276583671,seed mean across valid load-memory diagonal
3,B,no_plasticity,717,46,0.029630098225814954,seed mean across valid load-memory diagonal
3,B,no_plasticity,717,47,0.04006559258470169,seed mean across valid load-memory diagonal
3,B,no_plasticity,717,48,0.05262215156108141,seed mean across valid load-memory diagonal
3,B,no_plasticity,717,49,0.044999981129711326,seed mean across valid load-memory diagonal
3,B,no_plasticity,717,50,0.05159575119614601,seed mean across valid load-memory diagonal
3,B,no_plasticity,717,51,0.0509748003549046,seed mean across valid load-memory diagonal
3,B,no_plasticity,717,52,0.07085669692605734,seed mean across valid load-memory diagonal
3,B,no_plasticity,717,53,0.09594533166715077,seed mean across valid load-memory diagonal
3,B,no_plasticity,717,54,0.09321378171443939,seed mean across valid load-memory diagonal
3,B,no_plasticity,717,55,0.08594945073127747,seed mean across valid load-memory diagonal
3,B,no_plasticity,717,56,0.07912671193480492,seed mean across valid load-memory diagonal
3,B,no_plasticity,717,57,0.060154433051745095,seed mean across valid load-memory diagonal
3,B,no_plasticity,717,58,0.022015653550624847,seed mean across valid load-memory diagonal
3,B,no_plasticity,717,59,0.1426694244146347,seed mean across valid load-memory diagonal
3,C,no_plasticity,717,60,0.0,threshold=0.77777778
3,B,no_plasticity,718,0,0.05638760114088655,seed mean across valid load-memory diagonal
3,B,no_plasticity,718,1,0.05508220281009957,seed mean across valid load-memory diagonal
3,B,no_plasticity,718,2,0.05785262029104192,seed mean across valid load-memory diagonal
3,B,no_plasticity,718,3,0.060766770618787984,seed mean across valid load-memory diagonal
3,B,no_plasticity,718,4,0.05714441034277635,seed mean across valid load-memory diagonal
3,B,no_plasticity,718,5,0.05636325719004327,seed mean across valid load-memory diagonal
3,B,no_plasticity,718,6,0.05535139816088809,seed mean across valid load-memory diagonal
3,B,no_plasticity,718,7,0.058345111157253104,seed mean across valid load-memory diagonal
3,B,no_plasticity,718,8,0.0540468179477522,seed mean across valid load-memory diagonal
3,B,no_plasticity,718,9,0.05718642162779967,seed mean across valid load-memory diagonal
3,B,no_plasticity,718,10,0.05621594335883856,seed mean across valid load-memory diagonal
3,B,no_plasticity,718,11,0.05450437472639035,seed mean across valid load-memory diagonal
3,B,no_plasticity,718,12,0.05349892420539012,seed mean across valid load-memory diagonal
3,B,no_plasticity,718,13,0.05280319042503834,seed mean across valid load-memory diagonal
3,B,no_plasticity,718,14,0.05168149551457685,seed mean across valid load-memory diagonal
3,B,no_plasticity,718,15,0.053335286966628495,seed mean across valid load-memory diagonal
3,B,no_plasticity,718,16,0.05310970405116677,seed mean across valid load-memory diagonal
3,B,no_plasticity,718,17,0.044487252441603085,seed mean across valid load-memory diagonal
3,B,no_plasticity,718,18,0.048105097375810146,seed mean across valid load-memory diagonal
3,B,no_plasticity,718,19,0.04611304052537534,seed mean across valid load-memory diagonal
3,B,no_plasticity,718,20,0.049926978861913086,seed mean across valid load-memory diagonal
3,B,no_plasticity,718,21,0.040323110488362804,seed mean across valid load-memory diagonal
3,B,no_plasticity,718,22,0.044177806642102566,seed mean across valid load-memory diagonal
3,B,no_plasticity,718,23,0.048244054001328106,seed mean across valid load-memory diagonal
3,B,no_plasticity,718,24,0.052543064320666924,seed mean across valid load-memory diagonal
3,B,no_plasticity,718,25,0.055892599427274293,seed mean across valid load-memory diagonal
3,B,no_plasticity,718,26,0.05353126537931316,seed mean across valid load-memory diagonal
3,B,no_plasticity,718,27,0.05843826445440451,seed mean across valid load-memory diagonal
3,B,no_plasticity,718,28,0.056914522021543235,seed mean across valid load-memory diagonal
3,B,no_plasticity,718,29,0.05434489893096109,seed mean across valid load-memory diagonal
3,B,no_plasticity,718,30,0.052396632917225364,seed mean across valid load-memory diagonal
3,B,no_plasticity,718,31,0.05643954918045422,seed mean across valid load-memory diagonal
3,B,no_plasticity,718,32,0.062252497233982594,seed mean across valid load-memory diagonal
3,B,no_plasticity,718,33,0.06063994151298647,seed mean across valid load-memory diagonal
3,B,no_plasticity,718,34,0.05764699490884176,seed mean across valid load-memory diagonal
3,B,no_plasticity,718,35,0.06382391892373562,seed mean across valid load-memory diagonal
3,B,no_plasticity,718,36,0.06913648755289614,seed mean across valid load-memory diagonal
3,B,no_plasticity,718,37,0.05686074584398581,seed mean across valid load-memory diagonal
3,B,no_plasticity,718,38,0.054368125020780346,seed mean across valid load-memory diagonal
3,B,no_plasticity,718,39,0.06223507181164764,seed mean across valid load-memory diagonal
3,B,no_plasticity,718,40,0.056629350315779446,seed mean across valid load-memory diagonal
3,B,no_plasticity,718,41,0.041227227272955996,seed mean across valid load-memory diagonal
3,B,no_plasticity,718,42,0.021316011229323015,seed mean across valid load-memory diagonal
3,B,no_plasticity,718,43,0.021205778507625356,seed mean across valid load-memory diagonal
3,B,no_plasticity,718,44,0.029272825457155704,seed mean across valid load-memory diagonal
3,B,no_plasticity,718,45,0.038615233202775316,seed mean across valid load-memory diagonal
3,B,no_plasticity,718,46,0.031786413597209115,seed mean across valid load-memory diagonal
3,B,no_plasticity,718,47,0.025688394331015073,seed mean across valid load-memory diagonal
3,B,no_plasticity,718,48,0.033373539025584854,seed mean across valid load-memory diagonal
3,B,no_plasticity,718,49,0.04346387968821959,seed mean across valid load-memory diagonal
3,B,no_plasticity,718,50,0.05693555250763893,seed mean across valid load-memory diagonal
3,B,no_plasticity,718,51,0.05741534878810247,seed mean across valid load-memory diagonal
3,B,no_plasticity,718,52,0.02130171936005354,seed mean across valid load-memory diagonal
3,B,no_plasticity,718,53,0.002829414393220629,seed mean across valid load-memory diagonal
3,B,no_plasticity,718,54,0.015070665627717972,seed mean across valid load-memory diagonal
3,B,no_plasticity,718,55,0.032127545773983,seed mean across valid load-memory diagonal
3,B,no_plasticity,718,56,0.006559917703270912,seed mean across valid load-memory diagonal
3,B,no_plasticity,718,57,0.04401731491088867,seed mean across valid load-memory diagonal
3,B,no_plasticity,718,58,0.0011377260088920593,seed mean across valid load-memory diagonal
3,B,no_plasticity,718,59,0.1104598343372345,seed mean across valid load-memory diagonal
3,C,no_plasticity,718,60,0.0,threshold=0.77777778
3,B,no_plasticity,719,0,0.027265343225250642,seed mean across valid load-memory diagonal
3,B,no_plasticity,719,1,0.028064273455637997,seed mean across valid load-memory diagonal
3,B,no_plasticity,719,2,0.02378727267656861,seed mean across valid load-memory diagonal
3,B,no_plasticity,719,3,0.02439163386691035,seed mean across valid load-memory diagonal
3,B,no_plasticity,719,4,0.018638771526249393,seed mean across valid load-memory diagonal
3,B,no_plasticity,719,5,0.020674174177375708,seed mean across valid load-memory diagonal
3,B,no_plasticity,719,6,0.02169927771858595,seed mean across valid load-memory diagonal
3,B,no_plasticity,719,7,0.023559564513699064,seed mean across valid load-memory diagonal
3,B,no_plasticity,719,8,0.026096320890176754,seed mean across valid load-memory diagonal
3,B,no_plasticity,719,9,0.028773621564694478,seed mean across valid load-memory diagonal
3,B,no_plasticity,719,10,0.03132226388901472,seed mean across valid load-memory diagonal
3,B,no_plasticity,719,11,0.03247199838562888,seed mean across valid load-memory diagonal
3,B,no_plasticity,719,12,0.030433685906852286,seed mean across valid load-memory diagonal
3,B,no_plasticity,719,13,0.032261672647709544,seed mean across valid load-memory diagonal
3,B,no_plasticity,719,14,0.02696625613000082,seed mean across valid load-memory diagonal
3,B,no_plasticity,719,15,0.02103866520855162,seed mean across valid load-memory diagonal
3,B,no_plasticity,719,16,0.02004307813265107,seed mean across valid load-memory diagonal
3,B,no_plasticity,719,17,0.018082004300383633,seed mean across valid load-memory diagonal
3,B,no_plasticity,719,18,0.021097491539659955,seed mean across valid load-memory diagonal
3,B,no_plasticity,719,19,0.02397778866494574,seed mean across valid load-memory diagonal
3,B,no_plasticity,719,20,0.02698012124747038,seed mean across valid load-memory diagonal
3,B,no_plasticity,719,21,0.03051568663273102,seed mean across valid load-memory diagonal
3,B,no_plasticity,719,22,0.034048611396237424,seed mean across valid load-memory diagonal
3,B,no_plasticity,719,23,0.030975167010281537,seed mean across valid load-memory diagonal
3,B,no_plasticity,719,24,0.034909713392456375,seed mean across valid load-memory diagonal
3,B,no_plasticity,719,25,0.025999644611563,seed mean across valid load-memory diagonal
3,B,no_plasticity,719,26,0.027359795263584924,seed mean across valid load-memory diagonal
3,B,no_plasticity,719,27,0.03140325234694914,seed mean across valid load-memory diagonal
3,B,no_plasticity,719,28,0.030345040373504162,seed mean across valid load-memory diagonal
3,B,no_plasticity,719,29,0.03481608869567994,seed mean across valid load-memory diagonal
3,B,no_plasticity,719,30,0.028674417237440745,seed mean across valid load-memory diagonal
3,B,no_plasticity,719,31,0.017502138840741123,seed mean across valid load-memory diagonal
3,B,no_plasticity,719,32,0.02183339691587857,seed mean across valid load-memory diagonal
3,B,no_plasticity,719,33,0.017099943977815134,seed mean across valid load-memory diagonal
3,B,no_plasticity,719,34,0.021541990339756012,seed mean across valid load-memory diagonal
3,B,no_plasticity,719,35,0.02654435157775879,seed mean across valid load-memory diagonal
3,B,no_plasticity,719,36,0.032162539660930634,seed mean across valid load-memory diagonal
3,B,no_plasticity,719,37,0.0276480284721955,seed mean across valid load-memory diagonal
3,B,no_plasticity,719,38,0.016667550937695938,seed mean across valid load-memory diagonal
3,B,no_plasticity,719,39,0.018659622718890507,seed mean across valid load-memory diagonal
3,B,no_plasticity,719,40,0.024148779548704626,seed mean across valid load-memory diagonal
3,B,no_plasticity,719,41,0.03125256907783056,seed mean across valid load-memory diagonal
3,B,no_plasticity,719,42,0.03843726197050677,seed mean across valid load-memory diagonal
3,B,no_plasticity,719,43,0.04592246759463759,seed mean across valid load-memory diagonal
3,B,no_plasticity,719,44,0.04189722356386483,seed mean across valid load-memory diagonal
3,B,no_plasticity,719,45,0.05208227708935738,seed mean across valid load-memory diagonal
3,B,no_plasticity,719,46,0.05778676989887442,seed mean across valid load-memory diagonal
3,B,no_plasticity,719,47,0.07042614743113518,seed mean across valid load-memory diagonal
3,B,no_plasticity,719,48,0.06767761489997308,seed mean across valid load-memory diagonal
3,B,no_plasticity,719,49,0.06344008818268776,seed mean across valid load-memory diagonal
3,B,no_plasticity,719,50,0.03765676133334637,seed mean across valid load-memory diagonal
3,B,no_plasticity,719,51,0.05384768504235479,seed mean across valid load-memory diagonal
3,B,no_plasticity,719,52,0.023156797047704458,seed mean across valid load-memory diagonal
3,B,no_plasticity,719,53,0.04164491859929902,seed mean across valid load-memory diagonal
3,B,no_plasticity,719,54,0.06580340924362342,seed mean across valid load-memory diagonal
3,B,no_plasticity,719,55,0.056281571835279466,seed mean across valid load-memory diagonal
3,B,no_plasticity,719,56,0.0946404142305255,seed mean across valid load-memory diagonal
3,B,no_plasticity,719,57,0.07671679928898811,seed mean across valid load-memory diagonal
3,B,no_plasticity,719,58,0.054246218875050545,seed mean across valid load-memory diagonal
3,B,no_plasticity,719,59,0.13593022525310516,seed mean across valid load-memory diagonal
3,C,no_plasticity,719,60,0.0,threshold=0.77777778
3,D-mask,aligned,900,0.0,1.0,identity accuracy
3,D-mask,aligned,900,0.25,0.775,identity accuracy
3,D-mask,aligned,900,0.5,0.5625,identity accuracy
3,D-mask,aligned,900,0.75,0.41875,identity accuracy
3,D-flip,aligned,900,0.0,1.0,identity accuracy
3,D-flip,aligned,900,0.05,0.6625,identity accuracy
3,D-flip,aligned,900,0.1,0.5625,identity accuracy
3,D-flip,aligned,900,0.2,0.34375,identity accuracy
3,D-mask,aligned,901,0.0,1.0,identity accuracy
3,D-mask,aligned,901,0.25,0.83125,identity accuracy
3,D-mask,aligned,901,0.5,0.5875,identity accuracy
3,D-mask,aligned,901,0.75,0.38125,identity accuracy
3,D-flip,aligned,901,0.0,1.0,identity accuracy
3,D-flip,aligned,901,0.05,0.69375,identity accuracy
3,D-flip,aligned,901,0.1,0.55625,identity accuracy
3,D-flip,aligned,901,0.2,0.3125,identity accuracy
3,D-mask,aligned,902,0.0,0.875,identity accuracy
3,D-mask,aligned,902,0.25,0.775,identity accuracy
3,D-mask,aligned,902,0.5,0.64375,identity accuracy
3,D-mask,aligned,902,0.75,0.39375,identity accuracy
3,D-flip,aligned,902,0.0,0.875,identity accuracy
3,D-flip,aligned,902,0.05,0.7375,identity accuracy
3,D-flip,aligned,902,0.1,0.65,identity accuracy
3,D-flip,aligned,902,0.2,0.4625,identity accuracy
3,D-mask,aligned,903,0.0,1.0,identity accuracy
3,D-mask,aligned,903,0.25,0.79375,identity accuracy
3,D-mask,aligned,903,0.5,0.55,identity accuracy
3,D-mask,aligned,903,0.75,0.33125,identity accuracy
3,D-flip,aligned,903,0.0,1.0,identity accuracy
3,D-flip,aligned,903,0.05,0.74375,identity accuracy
3,D-flip,aligned,903,0.1,0.64375,identity accuracy
3,D-flip,aligned,903,0.2,0.35625,identity accuracy
3,D-mask,aligned,904,0.0,0.75,identity accuracy
3,D-mask,aligned,904,0.25,0.6875,identity accuracy
3,D-mask,aligned,904,0.5,0.4875,identity accuracy
3,D-mask,aligned,904,0.75,0.28125,identity accuracy
3,D-flip,aligned,904,0.0,0.75,identity accuracy
3,D-flip,aligned,904,0.05,0.575,identity accuracy
3,D-flip,aligned,904,0.1,0.44375,identity accuracy
3,D-flip,aligned,904,0.2,0.33125,identity accuracy
3,D-mask,aligned,905,0.0,1.0,identity accuracy
3,D-mask,aligned,905,0.25,0.84375,identity accuracy
3,D-mask,aligned,905,0.5,0.75625,identity accuracy
3,D-mask,aligned,905,0.75,0.43125,identity accuracy
3,D-flip,aligned,905,0.0,1.0,identity accuracy
3,D-flip,aligned,905,0.05,0.79375,identity accuracy
3,D-flip,aligned,905,0.1,0.69375,identity accuracy
3,D-flip,aligned,905,0.2,0.475,identity accuracy
3,D-mask,aligned,906,0.0,1.0,identity accuracy
3,D-mask,aligned,906,0.25,0.7625,identity accuracy
3,D-mask,aligned,906,0.5,0.6125,identity accuracy
3,D-mask,aligned,906,0.75,0.29375,identity accuracy
3,D-flip,aligned,906,0.0,1.0,identity accuracy
3,D-flip,aligned,906,0.05,0.725,identity accuracy
3,D-flip,aligned,906,0.1,0.55,identity accuracy
3,D-flip,aligned,906,0.2,0.33125,identity accuracy
3,D-mask,aligned,907,0.0,1.0,identity accuracy
3,D-mask,aligned,907,0.25,0.7625,identity accuracy
3,D-mask,aligned,907,0.5,0.6125,identity accuracy
3,D-mask,aligned,907,0.75,0.31875,identity accuracy
3,D-flip,aligned,907,0.0,1.0,identity accuracy
3,D-flip,aligned,907,0.05,0.71875,identity accuracy
3,D-flip,aligned,907,0.1,0.525,identity accuracy
3,D-flip,aligned,907,0.2,0.3625,identity accuracy
3,D-mask,aligned,908,0.0,0.875,identity accuracy
3,D-mask,aligned,908,0.25,0.8125,identity accuracy
3,D-mask,aligned,908,0.5,0.6875,identity accuracy
3,D-mask,aligned,908,0.75,0.48125,identity accuracy
3,D-flip,aligned,908,0.0,0.875,identity accuracy
3,D-flip,aligned,908,0.05,0.7875,identity accuracy
3,D-flip,aligned,908,0.1,0.73125,identity accuracy
3,D-flip,aligned,908,0.2,0.475,identity accuracy
3,D-mask,aligned,909,0.0,0.75,identity accuracy
3,D-mask,aligned,909,0.25,0.55625,identity accuracy
3,D-mask,aligned,909,0.5,0.4375,identity accuracy
3,D-mask,aligned,909,0.75,0.325,identity accuracy
3,D-flip,aligned,909,0.0,0.75,identity accuracy
3,D-flip,aligned,909,0.05,0.61875,identity accuracy
3,D-flip,aligned,909,0.1,0.53125,identity accuracy
3,D-flip,aligned,909,0.2,0.35625,identity accuracy
3,D-mask,aligned,910,0.0,1.0,identity accuracy
3,D-mask,aligned,910,0.25,0.6375,identity accuracy
3,D-mask,aligned,910,0.5,0.43125,identity accuracy
3,D-mask,aligned,910,0.75,0.28125,identity accuracy
3,D-flip,aligned,910,0.0,1.0,identity accuracy
3,D-flip,aligned,910,0.05,0.51875,identity accuracy
3,D-flip,aligned,910,0.1,0.38125,identity accuracy
3,D-flip,aligned,910,0.2,0.25,identity accuracy
3,D-mask,aligned,911,0.0,1.0,identity accuracy
3,D-mask,aligned,911,0.25,0.76875,identity accuracy
3,D-mask,aligned,911,0.5,0.6375,identity accuracy
3,D-mask,aligned,911,0.75,0.40625,identity accuracy
3,D-flip,aligned,911,0.0,1.0,identity accuracy
3,D-flip,aligned,911,0.05,0.7,identity accuracy
3,D-flip,aligned,911,0.1,0.56875,identity accuracy
3,D-flip,aligned,911,0.2,0.3625,identity accuracy
3,D-mask,aligned,912,0.0,1.0,identity accuracy
3,D-mask,aligned,912,0.25,0.91875,identity accuracy
3,D-mask,aligned,912,0.5,0.73125,identity accuracy
3,D-mask,aligned,912,0.75,0.41875,identity accuracy
3,D-flip,aligned,912,0.0,1.0,identity accuracy
3,D-flip,aligned,912,0.05,0.85,identity accuracy
3,D-flip,aligned,912,0.1,0.6625,identity accuracy
3,D-flip,aligned,912,0.2,0.43125,identity accuracy
3,D-mask,aligned,913,0.0,1.0,identity accuracy
3,D-mask,aligned,913,0.25,0.775,identity accuracy
3,D-mask,aligned,913,0.5,0.575,identity accuracy
3,D-mask,aligned,913,0.75,0.45625,identity accuracy
3,D-flip,aligned,913,0.0,1.0,identity accuracy
3,D-flip,aligned,913,0.05,0.6875,identity accuracy
3,D-flip,aligned,913,0.1,0.51875,identity accuracy
3,D-flip,aligned,913,0.2,0.30625,identity accuracy
3,D-mask,aligned,914,0.0,0.875,identity accuracy
3,D-mask,aligned,914,0.25,0.775,identity accuracy
3,D-mask,aligned,914,0.5,0.68125,identity accuracy
3,D-mask,aligned,914,0.75,0.4125,identity accuracy
3,D-flip,aligned,914,0.0,0.875,identity accuracy
3,D-flip,aligned,914,0.05,0.80625,identity accuracy
3,D-flip,aligned,914,0.1,0.6,identity accuracy
3,D-flip,aligned,914,0.2,0.39375,identity accuracy
3,D-mask,aligned,915,0.0,1.0,identity accuracy
3,D-mask,aligned,915,0.25,0.84375,identity accuracy
3,D-mask,aligned,915,0.5,0.58125,identity accuracy
3,D-mask,aligned,915,0.75,0.4,identity accuracy
3,D-flip,aligned,915,0.0,1.0,identity accuracy
3,D-flip,aligned,915,0.05,0.75625,identity accuracy
3,D-flip,aligned,915,0.1,0.6,identity accuracy
3,D-flip,aligned,915,0.2,0.39375,identity accuracy
3,D-mask,aligned,916,0.0,1.0,identity accuracy
3,D-mask,aligned,916,0.25,0.8875,identity accuracy
3,D-mask,aligned,916,0.5,0.7,identity accuracy
3,D-mask,aligned,916,0.75,0.45,identity accuracy
3,D-flip,aligned,916,0.0,1.0,identity accuracy
3,D-flip,aligned,916,0.05,0.8,identity accuracy
3,D-flip,aligned,916,0.1,0.5875,identity accuracy
3,D-flip,aligned,916,0.2,0.41875,identity accuracy
3,D-mask,aligned,917,0.0,0.875,identity accuracy
3,D-mask,aligned,917,0.25,0.74375,identity accuracy
3,D-mask,aligned,917,0.5,0.53125,identity accuracy
3,D-mask,aligned,917,0.75,0.425,identity accuracy
3,D-flip,aligned,917,0.0,0.875,identity accuracy
3,D-flip,aligned,917,0.05,0.59375,identity accuracy
3,D-flip,aligned,917,0.1,0.44375,identity accuracy
3,D-flip,aligned,917,0.2,0.33125,identity accuracy
3,D-mask,aligned,918,0.0,0.875,identity accuracy
3,D-mask,aligned,918,0.25,0.58125,identity accuracy
3,D-mask,aligned,918,0.5,0.46875,identity accuracy
3,D-mask,aligned,918,0.75,0.2875,identity accuracy
3,D-flip,aligned,918,0.0,0.875,identity accuracy
3,D-flip,aligned,918,0.05,0.5875,identity accuracy
3,D-flip,aligned,918,0.1,0.45,identity accuracy
3,D-flip,aligned,918,0.2,0.275,identity accuracy
3,D-mask,aligned,919,0.0,1.0,identity accuracy
3,D-mask,aligned,919,0.25,0.85625,identity accuracy
3,D-mask,aligned,919,0.5,0.6125,identity accuracy
3,D-mask,aligned,919,0.75,0.34375,identity accuracy
3,D-flip,aligned,919,0.0,1.0,identity accuracy
3,D-flip,aligned,919,0.05,0.75625,identity accuracy
3,D-flip,aligned,919,0.1,0.61875,identity accuracy
3,D-flip,aligned,919,0.2,0.36875,identity accuracy
3,D-mask,fixed_permutation,900,0.0,0.25,identity accuracy
3,D-mask,fixed_permutation,900,0.25,0.175,identity accuracy
3,D-mask,fixed_permutation,900,0.5,0.15,identity accuracy
3,D-mask,fixed_permutation,900,0.75,0.1875,identity accuracy
3,D-flip,fixed_permutation,900,0.0,0.25,identity accuracy
3,D-flip,fixed_permutation,900,0.05,0.16875,identity accuracy
3,D-flip,fixed_permutation,900,0.1,0.1375,identity accuracy
3,D-flip,fixed_permutation,900,0.2,0.10625,identity accuracy
3,D-mask,fixed_permutation,901,0.0,0.125,identity accuracy
3,D-mask,fixed_permutation,901,0.25,0.075,identity accuracy
3,D-mask,fixed_permutation,901,0.5,0.0875,identity accuracy
3,D-mask,fixed_permutation,901,0.75,0.06875,identity accuracy
3,D-flip,fixed_permutation,901,0.0,0.125,identity accuracy
3,D-flip,fixed_permutation,901,0.05,0.05,identity accuracy
3,D-flip,fixed_permutation,901,0.1,0.075,identity accuracy
3,D-flip,fixed_permutation,901,0.2,0.08125,identity accuracy
3,D-mask,fixed_permutation,902,0.0,0.0,identity accuracy
3,D-mask,fixed_permutation,902,0.25,0.075,identity accuracy
3,D-mask,fixed_permutation,902,0.5,0.1375,identity accuracy
3,D-mask,fixed_permutation,902,0.75,0.0875,identity accuracy
3,D-flip,fixed_permutation,902,0.0,0.0,identity accuracy
3,D-flip,fixed_permutation,902,0.05,0.08125,identity accuracy
3,D-flip,fixed_permutation,902,0.1,0.10625,identity accuracy
3,D-flip,fixed_permutation,902,0.2,0.09375,identity accuracy
3,D-mask,fixed_permutation,903,0.0,0.0,identity accuracy
3,D-mask,fixed_permutation,903,0.25,0.03125,identity accuracy
3,D-mask,fixed_permutation,903,0.5,0.0875,identity accuracy
3,D-mask,fixed_permutation,903,0.75,0.0625,identity accuracy
3,D-flip,fixed_permutation,903,0.0,0.0,identity accuracy
3,D-flip,fixed_permutation,903,0.05,0.05,identity accuracy
3,D-flip,fixed_permutation,903,0.1,0.06875,identity accuracy
3,D-flip,fixed_permutation,903,0.2,0.10625,identity accuracy
3,D-mask,fixed_permutation,904,0.0,0.125,identity accuracy
3,D-mask,fixed_permutation,904,0.25,0.14375,identity accuracy
3,D-mask,fixed_permutation,904,0.5,0.1625,identity accuracy
3,D-mask,fixed_permutation,904,0.75,0.14375,identity accuracy
3,D-flip,fixed_permutation,904,0.0,0.125,identity accuracy
3,D-flip,fixed_permutation,904,0.05,0.15,identity accuracy
3,D-flip,fixed_permutation,904,0.1,0.18125,identity accuracy
3,D-flip,fixed_permutation,904,0.2,0.15625,identity accuracy
3,D-mask,fixed_permutation,905,0.0,0.125,identity accuracy
3,D-mask,fixed_permutation,905,0.25,0.06875,identity accuracy
3,D-mask,fixed_permutation,905,0.5,0.0875,identity accuracy
3,D-mask,fixed_permutation,905,0.75,0.09375,identity accuracy
3,D-flip,fixed_permutation,905,0.0,0.125,identity accuracy
3,D-flip,fixed_permutation,905,0.05,0.04375,identity accuracy
3,D-flip,fixed_permutation,905,0.1,0.075,identity accuracy
3,D-flip,fixed_permutation,905,0.2,0.0875,identity accuracy
3,D-mask,fixed_permutation,906,0.0,0.125,identity accuracy
3,D-mask,fixed_permutation,906,0.25,0.08125,identity accuracy
3,D-mask,fixed_permutation,906,0.5,0.0875,identity accuracy
3,D-mask,fixed_permutation,906,0.75,0.08125,identity accuracy
3,D-flip,fixed_permutation,906,0.0,0.125,identity accuracy
3,D-flip,fixed_permutation,906,0.05,0.04375,identity accuracy
3,D-flip,fixed_permutation,906,0.1,0.1,identity accuracy
3,D-flip,fixed_permutation,906,0.2,0.1,identity accuracy
3,D-mask,fixed_permutation,907,0.0,0.125,identity accuracy
3,D-mask,fixed_permutation,907,0.25,0.05,identity accuracy
3,D-mask,fixed_permutation,907,0.5,0.075,identity accuracy
3,D-mask,fixed_permutation,907,0.75,0.1,identity accuracy
3,D-flip,fixed_permutation,907,0.0,0.125,identity accuracy
3,D-flip,fixed_permutation,907,0.05,0.0375,identity accuracy
3,D-flip,fixed_permutation,907,0.1,0.075,identity accuracy
3,D-flip,fixed_permutation,907,0.2,0.0875,identity accuracy
3,D-mask,fixed_permutation,908,0.0,0.0,identity accuracy
3,D-mask,fixed_permutation,908,0.25,0.0625,identity accuracy
3,D-mask,fixed_permutation,908,0.5,0.13125,identity accuracy
3,D-mask,fixed_permutation,908,0.75,0.15625,identity accuracy
3,D-flip,fixed_permutation,908,0.0,0.0,identity accuracy
3,D-flip,fixed_permutation,908,0.05,0.125,identity accuracy
3,D-flip,fixed_permutation,908,0.1,0.16875,identity accuracy
3,D-flip,fixed_permutation,908,0.2,0.1625,identity accuracy
3,D-mask,fixed_permutation,909,0.0,0.25,identity accuracy
3,D-mask,fixed_permutation,909,0.25,0.225,identity accuracy
3,D-mask,fixed_permutation,909,0.5,0.18125,identity accuracy
3,D-mask,fixed_permutation,909,0.75,0.13125,identity accuracy
3,D-flip,fixed_permutation,909,0.0,0.25,identity accuracy
3,D-flip,fixed_permutation,909,0.05,0.15625,identity accuracy
3,D-flip,fixed_permutation,909,0.1,0.18125,identity accuracy
3,D-flip,fixed_permutation,909,0.2,0.1375,identity accuracy
3,D-mask,fixed_permutation,910,0.0,0.125,identity accuracy
3,D-mask,fixed_permutation,910,0.25,0.0875,identity accuracy
3,D-mask,fixed_permutation,910,0.5,0.075,identity accuracy
3,D-mask,fixed_permutation,910,0.75,0.075,identity accuracy
3,D-flip,fixed_permutation,910,0.0,0.125,identity accuracy
3,D-flip,fixed_permutation,910,0.05,0.08125,identity accuracy
3,D-flip,fixed_permutation,910,0.1,0.09375,identity accuracy
3,D-flip,fixed_permutation,910,0.2,0.1375,identity accuracy
3,D-mask,fixed_permutation,911,0.0,0.125,identity accuracy
3,D-mask,fixed_permutation,911,0.25,0.0875,identity accuracy
3,D-mask,fixed_permutation,911,0.5,0.11875,identity accuracy
3,D-mask,fixed_permutation,911,0.75,0.06875,identity accuracy
3,D-flip,fixed_permutation,911,0.0,0.125,identity accuracy
3,D-flip,fixed_permutation,911,0.05,0.0875,identity accuracy
3,D-flip,fixed_permutation,911,0.1,0.0875,identity accuracy
3,D-flip,fixed_permutation,911,0.2,0.09375,identity accuracy
3,D-mask,fixed_permutation,912,0.0,0.125,identity accuracy
3,D-mask,fixed_permutation,912,0.25,0.0875,identity accuracy
3,D-mask,fixed_permutation,912,0.5,0.06875,identity accuracy
3,D-mask,fixed_permutation,912,0.75,0.1375,identity accuracy
3,D-flip,fixed_permutation,912,0.0,0.125,identity accuracy
3,D-flip,fixed_permutation,912,0.05,0.1,identity accuracy
3,D-flip,fixed_permutation,912,0.1,0.0875,identity accuracy
3,D-flip,fixed_permutation,912,0.2,0.0875,identity accuracy
3,D-mask,fixed_permutation,913,0.0,0.25,identity accuracy
3,D-mask,fixed_permutation,913,0.25,0.2,identity accuracy
3,D-mask,fixed_permutation,913,0.5,0.18125,identity accuracy
3,D-mask,fixed_permutation,913,0.75,0.15,identity accuracy
3,D-flip,fixed_permutation,913,0.0,0.25,identity accuracy
3,D-flip,fixed_permutation,913,0.05,0.15625,identity accuracy
3,D-flip,fixed_permutation,913,0.1,0.13125,identity accuracy
3,D-flip,fixed_permutation,913,0.2,0.1375,identity accuracy
3,D-mask,fixed_permutation,914,0.0,0.125,identity accuracy
3,D-mask,fixed_permutation,914,0.25,0.13125,identity accuracy
3,D-mask,fixed_permutation,914,0.5,0.13125,identity accuracy
3,D-mask,fixed_permutation,914,0.75,0.15,identity accuracy
3,D-flip,fixed_permutation,914,0.0,0.125,identity accuracy
3,D-flip,fixed_permutation,914,0.05,0.10625,identity accuracy
3,D-flip,fixed_permutation,914,0.1,0.11875,identity accuracy
3,D-flip,fixed_permutation,914,0.2,0.11875,identity accuracy
3,D-mask,fixed_permutation,915,0.0,0.25,identity accuracy
3,D-mask,fixed_permutation,915,0.25,0.2375,identity accuracy
3,D-mask,fixed_permutation,915,0.5,0.15625,identity accuracy
3,D-mask,fixed_permutation,915,0.75,0.1125,identity accuracy
3,D-flip,fixed_permutation,915,0.0,0.25,identity accuracy
3,D-flip,fixed_permutation,915,0.05,0.15625,identity accuracy
3,D-flip,fixed_permutation,915,0.1,0.18125,identity accuracy
3,D-flip,fixed_permutation,915,0.2,0.20625,identity accuracy
3,D-mask,fixed_permutation,916,0.0,0.125,identity accuracy
3,D-mask,fixed_permutation,916,0.25,0.03125,identity accuracy
3,D-mask,fixed_permutation,916,0.5,0.05625,identity accuracy
3,D-mask,fixed_permutation,916,0.75,0.11875,identity accuracy
3,D-flip,fixed_permutation,916,0.0,0.125,identity accuracy
3,D-flip,fixed_permutation,916,0.05,0.05625,identity accuracy
3,D-flip,fixed_permutation,916,0.1,0.03125,identity accuracy
3,D-flip,fixed_permutation,916,0.2,0.06875,identity accuracy
3,D-mask,fixed_permutation,917,0.0,0.25,identity accuracy
3,D-mask,fixed_permutation,917,0.25,0.1875,identity accuracy
3,D-mask,fixed_permutation,917,0.5,0.1375,identity accuracy
3,D-mask,fixed_permutation,917,0.75,0.11875,identity accuracy
3,D-flip,fixed_permutation,917,0.0,0.25,identity accuracy
3,D-flip,fixed_permutation,917,0.05,0.16875,identity accuracy
3,D-flip,fixed_permutation,917,0.1,0.15625,identity accuracy
3,D-flip,fixed_permutation,917,0.2,0.14375,identity accuracy
3,D-mask,fixed_permutation,918,0.0,0.375,identity accuracy
3,D-mask,fixed_permutation,918,0.25,0.1625,identity accuracy
3,D-mask,fixed_permutation,918,0.5,0.19375,identity accuracy
3,D-mask,fixed_permutation,918,0.75,0.10625,identity accuracy
3,D-flip,fixed_permutation,918,0.0,0.375,identity accuracy
3,D-flip,fixed_permutation,918,0.05,0.18125,identity accuracy
3,D-flip,fixed_permutation,918,0.1,0.14375,identity accuracy
3,D-flip,fixed_permutation,918,0.2,0.06875,identity accuracy
3,D-mask,fixed_permutation,919,0.0,0.125,identity accuracy
3,D-mask,fixed_permutation,919,0.25,0.1875,identity accuracy
3,D-mask,fixed_permutation,919,0.5,0.1375,identity accuracy
3,D-mask,fixed_permutation,919,0.75,0.20625,identity accuracy
3,D-flip,fixed_permutation,919,0.0,0.125,identity accuracy
3,D-flip,fixed_permutation,919,0.05,0.16875,identity accuracy
3,D-flip,fixed_permutation,919,0.1,0.15625,identity accuracy
3,D-flip,fixed_permutation,919,0.2,0.15,identity accuracy
3,D-mask,decoder_rescue,900,0.0,1.0,identity accuracy
3,D-mask,decoder_rescue,900,0.25,0.775,identity accuracy
3,D-mask,decoder_rescue,900,0.5,0.5625,identity accuracy
3,D-mask,decoder_rescue,900,0.75,0.41875,identity accuracy
3,D-flip,decoder_rescue,900,0.0,1.0,identity accuracy
3,D-flip,decoder_rescue,900,0.05,0.6625,identity accuracy
3,D-flip,decoder_rescue,900,0.1,0.5625,identity accuracy
3,D-flip,decoder_rescue,900,0.2,0.34375,identity accuracy
3,D-mask,decoder_rescue,901,0.0,1.0,identity accuracy
3,D-mask,decoder_rescue,901,0.25,0.83125,identity accuracy
3,D-mask,decoder_rescue,901,0.5,0.5875,identity accuracy
3,D-mask,decoder_rescue,901,0.75,0.38125,identity accuracy
3,D-flip,decoder_rescue,901,0.0,1.0,identity accuracy
3,D-flip,decoder_rescue,901,0.05,0.69375,identity accuracy
3,D-flip,decoder_rescue,901,0.1,0.55625,identity accuracy
3,D-flip,decoder_rescue,901,0.2,0.3125,identity accuracy
3,D-mask,decoder_rescue,902,0.0,0.875,identity accuracy
3,D-mask,decoder_rescue,902,0.25,0.775,identity accuracy
3,D-mask,decoder_rescue,902,0.5,0.64375,identity accuracy
3,D-mask,decoder_rescue,902,0.75,0.39375,identity accuracy
3,D-flip,decoder_rescue,902,0.0,0.875,identity accuracy
3,D-flip,decoder_rescue,902,0.05,0.7375,identity accuracy
3,D-flip,decoder_rescue,902,0.1,0.65,identity accuracy
3,D-flip,decoder_rescue,902,0.2,0.4625,identity accuracy
3,D-mask,decoder_rescue,903,0.0,1.0,identity accuracy
3,D-mask,decoder_rescue,903,0.25,0.79375,identity accuracy
3,D-mask,decoder_rescue,903,0.5,0.55,identity accuracy
3,D-mask,decoder_rescue,903,0.75,0.33125,identity accuracy
3,D-flip,decoder_rescue,903,0.0,1.0,identity accuracy
3,D-flip,decoder_rescue,903,0.05,0.74375,identity accuracy
3,D-flip,decoder_rescue,903,0.1,0.6375,identity accuracy
3,D-flip,decoder_rescue,903,0.2,0.35625,identity accuracy
3,D-mask,decoder_rescue,904,0.0,0.75,identity accuracy
3,D-mask,decoder_rescue,904,0.25,0.6875,identity accuracy
3,D-mask,decoder_rescue,904,0.5,0.4875,identity accuracy
3,D-mask,decoder_rescue,904,0.75,0.28125,identity accuracy
3,D-flip,decoder_rescue,904,0.0,0.75,identity accuracy
3,D-flip,decoder_rescue,904,0.05,0.575,identity accuracy
3,D-flip,decoder_rescue,904,0.1,0.44375,identity accuracy
3,D-flip,decoder_rescue,904,0.2,0.33125,identity accuracy
3,D-mask,decoder_rescue,905,0.0,1.0,identity accuracy
3,D-mask,decoder_rescue,905,0.25,0.84375,identity accuracy
3,D-mask,decoder_rescue,905,0.5,0.75625,identity accuracy
3,D-mask,decoder_rescue,905,0.75,0.43125,identity accuracy
3,D-flip,decoder_rescue,905,0.0,1.0,identity accuracy
3,D-flip,decoder_rescue,905,0.05,0.79375,identity accuracy
3,D-flip,decoder_rescue,905,0.1,0.69375,identity accuracy
3,D-flip,decoder_rescue,905,0.2,0.475,identity accuracy
3,D-mask,decoder_rescue,906,0.0,1.0,identity accuracy
3,D-mask,decoder_rescue,906,0.25,0.7625,identity accuracy
3,D-mask,decoder_rescue,906,0.5,0.6125,identity accuracy
3,D-mask,decoder_rescue,906,0.75,0.29375,identity accuracy
3,D-flip,decoder_rescue,906,0.0,1.0,identity accuracy
3,D-flip,decoder_rescue,906,0.05,0.7125,identity accuracy
3,D-flip,decoder_rescue,906,0.1,0.55,identity accuracy
3,D-flip,decoder_rescue,906,0.2,0.33125,identity accuracy
3,D-mask,decoder_rescue,907,0.0,1.0,identity accuracy
3,D-mask,decoder_rescue,907,0.25,0.7625,identity accuracy
3,D-mask,decoder_rescue,907,0.5,0.6125,identity accuracy
3,D-mask,decoder_rescue,907,0.75,0.31875,identity accuracy
3,D-flip,decoder_rescue,907,0.0,1.0,identity accuracy
3,D-flip,decoder_rescue,907,0.05,0.71875,identity accuracy
3,D-flip,decoder_rescue,907,0.1,0.525,identity accuracy
3,D-flip,decoder_rescue,907,0.2,0.3625,identity accuracy
3,D-mask,decoder_rescue,908,0.0,0.875,identity accuracy
3,D-mask,decoder_rescue,908,0.25,0.8125,identity accuracy
3,D-mask,decoder_rescue,908,0.5,0.6875,identity accuracy
3,D-mask,decoder_rescue,908,0.75,0.48125,identity accuracy
3,D-flip,decoder_rescue,908,0.0,0.875,identity accuracy
3,D-flip,decoder_rescue,908,0.05,0.78125,identity accuracy
3,D-flip,decoder_rescue,908,0.1,0.73125,identity accuracy
3,D-flip,decoder_rescue,908,0.2,0.46875,identity accuracy
3,D-mask,decoder_rescue,909,0.0,0.75,identity accuracy
3,D-mask,decoder_rescue,909,0.25,0.55625,identity accuracy
3,D-mask,decoder_rescue,909,0.5,0.4375,identity accuracy
3,D-mask,decoder_rescue,909,0.75,0.325,identity accuracy
3,D-flip,decoder_rescue,909,0.0,0.75,identity accuracy
3,D-flip,decoder_rescue,909,0.05,0.61875,identity accuracy
3,D-flip,decoder_rescue,909,0.1,0.53125,identity accuracy
3,D-flip,decoder_rescue,909,0.2,0.36875,identity accuracy
3,D-mask,decoder_rescue,910,0.0,1.0,identity accuracy
3,D-mask,decoder_rescue,910,0.25,0.6375,identity accuracy
3,D-mask,decoder_rescue,910,0.5,0.43125,identity accuracy
3,D-mask,decoder_rescue,910,0.75,0.28125,identity accuracy
3,D-flip,decoder_rescue,910,0.0,1.0,identity accuracy
3,D-flip,decoder_rescue,910,0.05,0.51875,identity accuracy
3,D-flip,decoder_rescue,910,0.1,0.38125,identity accuracy
3,D-flip,decoder_rescue,910,0.2,0.25,identity accuracy
3,D-mask,decoder_rescue,911,0.0,1.0,identity accuracy
3,D-mask,decoder_rescue,911,0.25,0.76875,identity accuracy
3,D-mask,decoder_rescue,911,0.5,0.6375,identity accuracy
3,D-mask,decoder_rescue,911,0.75,0.40625,identity accuracy
3,D-flip,decoder_rescue,911,0.0,1.0,identity accuracy
3,D-flip,decoder_rescue,911,0.05,0.7,identity accuracy
3,D-flip,decoder_rescue,911,0.1,0.5625,identity accuracy
3,D-flip,decoder_rescue,911,0.2,0.3625,identity accuracy
3,D-mask,decoder_rescue,912,0.0,1.0,identity accuracy
3,D-mask,decoder_rescue,912,0.25,0.91875,identity accuracy
3,D-mask,decoder_rescue,912,0.5,0.73125,identity accuracy
3,D-mask,decoder_rescue,912,0.75,0.41875,identity accuracy
3,D-flip,decoder_rescue,912,0.0,1.0,identity accuracy
3,D-flip,decoder_rescue,912,0.05,0.85,identity accuracy
3,D-flip,decoder_rescue,912,0.1,0.6625,identity accuracy
3,D-flip,decoder_rescue,912,0.2,0.43125,identity accuracy
3,D-mask,decoder_rescue,913,0.0,1.0,identity accuracy
3,D-mask,decoder_rescue,913,0.25,0.775,identity accuracy
3,D-mask,decoder_rescue,913,0.5,0.575,identity accuracy
3,D-mask,decoder_rescue,913,0.75,0.45625,identity accuracy
3,D-flip,decoder_rescue,913,0.0,1.0,identity accuracy
3,D-flip,decoder_rescue,913,0.05,0.68125,identity accuracy
3,D-flip,decoder_rescue,913,0.1,0.51875,identity accuracy
3,D-flip,decoder_rescue,913,0.2,0.30625,identity accuracy
3,D-mask,decoder_rescue,914,0.0,0.875,identity accuracy
3,D-mask,decoder_rescue,914,0.25,0.775,identity accuracy
3,D-mask,decoder_rescue,914,0.5,0.68125,identity accuracy
3,D-mask,decoder_rescue,914,0.75,0.4125,identity accuracy
3,D-flip,decoder_rescue,914,0.0,0.875,identity accuracy
3,D-flip,decoder_rescue,914,0.05,0.80625,identity accuracy
3,D-flip,decoder_rescue,914,0.1,0.6,identity accuracy
3,D-flip,decoder_rescue,914,0.2,0.39375,identity accuracy
3,D-mask,decoder_rescue,915,0.0,1.0,identity accuracy
3,D-mask,decoder_rescue,915,0.25,0.84375,identity accuracy
3,D-mask,decoder_rescue,915,0.5,0.58125,identity accuracy
3,D-mask,decoder_rescue,915,0.75,0.4,identity accuracy
3,D-flip,decoder_rescue,915,0.0,1.0,identity accuracy
3,D-flip,decoder_rescue,915,0.05,0.75625,identity accuracy
3,D-flip,decoder_rescue,915,0.1,0.6,identity accuracy
3,D-flip,decoder_rescue,915,0.2,0.39375,identity accuracy
3,D-mask,decoder_rescue,916,0.0,1.0,identity accuracy
3,D-mask,decoder_rescue,916,0.25,0.8875,identity accuracy
3,D-mask,decoder_rescue,916,0.5,0.7,identity accuracy
3,D-mask,decoder_rescue,916,0.75,0.45,identity accuracy
3,D-flip,decoder_rescue,916,0.0,1.0,identity accuracy
3,D-flip,decoder_rescue,916,0.05,0.8,identity accuracy
3,D-flip,decoder_rescue,916,0.1,0.5875,identity accuracy
3,D-flip,decoder_rescue,916,0.2,0.4125,identity accuracy
3,D-mask,decoder_rescue,917,0.0,0.875,identity accuracy
3,D-mask,decoder_rescue,917,0.25,0.74375,identity accuracy
3,D-mask,decoder_rescue,917,0.5,0.53125,identity accuracy
3,D-mask,decoder_rescue,917,0.75,0.425,identity accuracy
3,D-flip,decoder_rescue,917,0.0,0.875,identity accuracy
3,D-flip,decoder_rescue,917,0.05,0.59375,identity accuracy
3,D-flip,decoder_rescue,917,0.1,0.45,identity accuracy
3,D-flip,decoder_rescue,917,0.2,0.33125,identity accuracy
3,D-mask,decoder_rescue,918,0.0,0.875,identity accuracy
3,D-mask,decoder_rescue,918,0.25,0.58125,identity accuracy
3,D-mask,decoder_rescue,918,0.5,0.46875,identity accuracy
3,D-mask,decoder_rescue,918,0.75,0.3,identity accuracy
3,D-flip,decoder_rescue,918,0.0,0.875,identity accuracy
3,D-flip,decoder_rescue,918,0.05,0.5875,identity accuracy
3,D-flip,decoder_rescue,918,0.1,0.45625,identity accuracy
3,D-flip,decoder_rescue,918,0.2,0.28125,identity accuracy
3,D-mask,decoder_rescue,919,0.0,1.0,identity accuracy
3,D-mask,decoder_rescue,919,0.25,0.85625,identity accuracy
3,D-mask,decoder_rescue,919,0.5,0.6125,identity accuracy
3,D-mask,decoder_rescue,919,0.75,0.34375,identity accuracy
3,D-flip,decoder_rescue,919,0.0,1.0,identity accuracy
3,D-flip,decoder_rescue,919,0.05,0.75625,identity accuracy
3,D-flip,decoder_rescue,919,0.1,0.625,identity accuracy
3,D-flip,decoder_rescue,919,0.2,0.36875,identity accuracy
3,D-mask,no_plasticity,900,0.0,0.125,identity accuracy
3,D-mask,no_plasticity,900,0.25,0.125,identity accuracy
3,D-mask,no_plasticity,900,0.5,0.125,identity accuracy
3,D-mask,no_plasticity,900,0.75,0.125,identity accuracy
3,D-flip,no_plasticity,900,0.0,0.125,identity accuracy
3,D-flip,no_plasticity,900,0.05,0.125,identity accuracy
3,D-flip,no_plasticity,900,0.1,0.125,identity accuracy
3,D-flip,no_plasticity,900,0.2,0.125,identity accuracy
3,D-mask,no_plasticity,901,0.0,0.125,identity accuracy
3,D-mask,no_plasticity,901,0.25,0.125,identity accuracy
3,D-mask,no_plasticity,901,0.5,0.125,identity accuracy
3,D-mask,no_plasticity,901,0.75,0.125,identity accuracy
3,D-flip,no_plasticity,901,0.0,0.125,identity accuracy
3,D-flip,no_plasticity,901,0.05,0.125,identity accuracy
3,D-flip,no_plasticity,901,0.1,0.125,identity accuracy
3,D-flip,no_plasticity,901,0.2,0.125,identity accuracy
3,D-mask,no_plasticity,902,0.0,0.125,identity accuracy
3,D-mask,no_plasticity,902,0.25,0.125,identity accuracy
3,D-mask,no_plasticity,902,0.5,0.125,identity accuracy
3,D-mask,no_plasticity,902,0.75,0.125,identity accuracy
3,D-flip,no_plasticity,902,0.0,0.125,identity accuracy
3,D-flip,no_plasticity,902,0.05,0.125,identity accuracy
3,D-flip,no_plasticity,902,0.1,0.125,identity accuracy
3,D-flip,no_plasticity,902,0.2,0.125,identity accuracy
3,D-mask,no_plasticity,903,0.0,0.125,identity accuracy
3,D-mask,no_plasticity,903,0.25,0.125,identity accuracy
3,D-mask,no_plasticity,903,0.5,0.125,identity accuracy
3,D-mask,no_plasticity,903,0.75,0.125,identity accuracy
3,D-flip,no_plasticity,903,0.0,0.125,identity accuracy
3,D-flip,no_plasticity,903,0.05,0.125,identity accuracy
3,D-flip,no_plasticity,903,0.1,0.125,identity accuracy
3,D-flip,no_plasticity,903,0.2,0.125,identity accuracy
3,D-mask,no_plasticity,904,0.0,0.125,identity accuracy
3,D-mask,no_plasticity,904,0.25,0.125,identity accuracy
3,D-mask,no_plasticity,904,0.5,0.125,identity accuracy
3,D-mask,no_plasticity,904,0.75,0.125,identity accuracy
3,D-flip,no_plasticity,904,0.0,0.125,identity accuracy
3,D-flip,no_plasticity,904,0.05,0.125,identity accuracy
3,D-flip,no_plasticity,904,0.1,0.125,identity accuracy
3,D-flip,no_plasticity,904,0.2,0.125,identity accuracy
3,D-mask,no_plasticity,905,0.0,0.125,identity accuracy
3,D-mask,no_plasticity,905,0.25,0.125,identity accuracy
3,D-mask,no_plasticity,905,0.5,0.125,identity accuracy
3,D-mask,no_plasticity,905,0.75,0.125,identity accuracy
3,D-flip,no_plasticity,905,0.0,0.125,identity accuracy
3,D-flip,no_plasticity,905,0.05,0.125,identity accuracy
3,D-flip,no_plasticity,905,0.1,0.125,identity accuracy
3,D-flip,no_plasticity,905,0.2,0.125,identity accuracy
3,D-mask,no_plasticity,906,0.0,0.125,identity accuracy
3,D-mask,no_plasticity,906,0.25,0.125,identity accuracy
3,D-mask,no_plasticity,906,0.5,0.125,identity accuracy
3,D-mask,no_plasticity,906,0.75,0.125,identity accuracy
3,D-flip,no_plasticity,906,0.0,0.125,identity accuracy
3,D-flip,no_plasticity,906,0.05,0.125,identity accuracy
3,D-flip,no_plasticity,906,0.1,0.125,identity accuracy
3,D-flip,no_plasticity,906,0.2,0.125,identity accuracy
3,D-mask,no_plasticity,907,0.0,0.125,identity accuracy
3,D-mask,no_plasticity,907,0.25,0.125,identity accuracy
3,D-mask,no_plasticity,907,0.5,0.125,identity accuracy
3,D-mask,no_plasticity,907,0.75,0.125,identity accuracy
3,D-flip,no_plasticity,907,0.0,0.125,identity accuracy
3,D-flip,no_plasticity,907,0.05,0.125,identity accuracy
3,D-flip,no_plasticity,907,0.1,0.125,identity accuracy
3,D-flip,no_plasticity,907,0.2,0.125,identity accuracy
3,D-mask,no_plasticity,908,0.0,0.125,identity accuracy
3,D-mask,no_plasticity,908,0.25,0.125,identity accuracy
3,D-mask,no_plasticity,908,0.5,0.125,identity accuracy
3,D-mask,no_plasticity,908,0.75,0.125,identity accuracy
3,D-flip,no_plasticity,908,0.0,0.125,identity accuracy
3,D-flip,no_plasticity,908,0.05,0.125,identity accuracy
3,D-flip,no_plasticity,908,0.1,0.125,identity accuracy
3,D-flip,no_plasticity,908,0.2,0.125,identity accuracy
3,D-mask,no_plasticity,909,0.0,0.125,identity accuracy
3,D-mask,no_plasticity,909,0.25,0.125,identity accuracy
3,D-mask,no_plasticity,909,0.5,0.125,identity accuracy
3,D-mask,no_plasticity,909,0.75,0.125,identity accuracy
3,D-flip,no_plasticity,909,0.0,0.125,identity accuracy
3,D-flip,no_plasticity,909,0.05,0.125,identity accuracy
3,D-flip,no_plasticity,909,0.1,0.125,identity accuracy
3,D-flip,no_plasticity,909,0.2,0.125,identity accuracy
3,D-mask,no_plasticity,910,0.0,0.125,identity accuracy
3,D-mask,no_plasticity,910,0.25,0.125,identity accuracy
3,D-mask,no_plasticity,910,0.5,0.125,identity accuracy
3,D-mask,no_plasticity,910,0.75,0.125,identity accuracy
3,D-flip,no_plasticity,910,0.0,0.125,identity accuracy
3,D-flip,no_plasticity,910,0.05,0.125,identity accuracy
3,D-flip,no_plasticity,910,0.1,0.125,identity accuracy
3,D-flip,no_plasticity,910,0.2,0.125,identity accuracy
3,D-mask,no_plasticity,911,0.0,0.125,identity accuracy
3,D-mask,no_plasticity,911,0.25,0.125,identity accuracy
3,D-mask,no_plasticity,911,0.5,0.125,identity accuracy
3,D-mask,no_plasticity,911,0.75,0.125,identity accuracy
3,D-flip,no_plasticity,911,0.0,0.125,identity accuracy
3,D-flip,no_plasticity,911,0.05,0.125,identity accuracy
3,D-flip,no_plasticity,911,0.1,0.125,identity accuracy
3,D-flip,no_plasticity,911,0.2,0.125,identity accuracy
3,D-mask,no_plasticity,912,0.0,0.125,identity accuracy
3,D-mask,no_plasticity,912,0.25,0.125,identity accuracy
3,D-mask,no_plasticity,912,0.5,0.125,identity accuracy
3,D-mask,no_plasticity,912,0.75,0.125,identity accuracy
3,D-flip,no_plasticity,912,0.0,0.125,identity accuracy
3,D-flip,no_plasticity,912,0.05,0.125,identity accuracy
3,D-flip,no_plasticity,912,0.1,0.125,identity accuracy
3,D-flip,no_plasticity,912,0.2,0.125,identity accuracy
3,D-mask,no_plasticity,913,0.0,0.125,identity accuracy
3,D-mask,no_plasticity,913,0.25,0.125,identity accuracy
3,D-mask,no_plasticity,913,0.5,0.125,identity accuracy
3,D-mask,no_plasticity,913,0.75,0.125,identity accuracy
3,D-flip,no_plasticity,913,0.0,0.125,identity accuracy
3,D-flip,no_plasticity,913,0.05,0.125,identity accuracy
3,D-flip,no_plasticity,913,0.1,0.125,identity accuracy
3,D-flip,no_plasticity,913,0.2,0.125,identity accuracy
3,D-mask,no_plasticity,914,0.0,0.125,identity accuracy
3,D-mask,no_plasticity,914,0.25,0.125,identity accuracy
3,D-mask,no_plasticity,914,0.5,0.125,identity accuracy
3,D-mask,no_plasticity,914,0.75,0.125,identity accuracy
3,D-flip,no_plasticity,914,0.0,0.125,identity accuracy
3,D-flip,no_plasticity,914,0.05,0.125,identity accuracy
3,D-flip,no_plasticity,914,0.1,0.125,identity accuracy
3,D-flip,no_plasticity,914,0.2,0.125,identity accuracy
3,D-mask,no_plasticity,915,0.0,0.125,identity accuracy
3,D-mask,no_plasticity,915,0.25,0.125,identity accuracy
3,D-mask,no_plasticity,915,0.5,0.125,identity accuracy
3,D-mask,no_plasticity,915,0.75,0.125,identity accuracy
3,D-flip,no_plasticity,915,0.0,0.125,identity accuracy
3,D-flip,no_plasticity,915,0.05,0.125,identity accuracy
3,D-flip,no_plasticity,915,0.1,0.125,identity accuracy
3,D-flip,no_plasticity,915,0.2,0.125,identity accuracy
3,D-mask,no_plasticity,916,0.0,0.125,identity accuracy
3,D-mask,no_plasticity,916,0.25,0.125,identity accuracy
3,D-mask,no_plasticity,916,0.5,0.125,identity accuracy
3,D-mask,no_plasticity,916,0.75,0.125,identity accuracy
3,D-flip,no_plasticity,916,0.0,0.125,identity accuracy
3,D-flip,no_plasticity,916,0.05,0.125,identity accuracy
3,D-flip,no_plasticity,916,0.1,0.125,identity accuracy
3,D-flip,no_plasticity,916,0.2,0.125,identity accuracy
3,D-mask,no_plasticity,917,0.0,0.125,identity accuracy
3,D-mask,no_plasticity,917,0.25,0.125,identity accuracy
3,D-mask,no_plasticity,917,0.5,0.125,identity accuracy
3,D-mask,no_plasticity,917,0.75,0.125,identity accuracy
3,D-flip,no_plasticity,917,0.0,0.125,identity accuracy
3,D-flip,no_plasticity,917,0.05,0.125,identity accuracy
3,D-flip,no_plasticity,917,0.1,0.125,identity accuracy
3,D-flip,no_plasticity,917,0.2,0.125,identity accuracy
3,D-mask,no_plasticity,918,0.0,0.125,identity accuracy
3,D-mask,no_plasticity,918,0.25,0.125,identity accuracy
3,D-mask,no_plasticity,918,0.5,0.125,identity accuracy
3,D-mask,no_plasticity,918,0.75,0.125,identity accuracy
3,D-flip,no_plasticity,918,0.0,0.125,identity accuracy
3,D-flip,no_plasticity,918,0.05,0.125,identity accuracy
3,D-flip,no_plasticity,918,0.1,0.125,identity accuracy
3,D-flip,no_plasticity,918,0.2,0.125,identity accuracy
3,D-mask,no_plasticity,919,0.0,0.125,identity accuracy
3,D-mask,no_plasticity,919,0.25,0.125,identity accuracy
3,D-mask,no_plasticity,919,0.5,0.125,identity accuracy
3,D-mask,no_plasticity,919,0.75,0.125,identity accuracy
3,D-flip,no_plasticity,919,0.0,0.125,identity accuracy
3,D-flip,no_plasticity,919,0.05,0.125,identity accuracy
3,D-flip,no_plasticity,919,0.1,0.125,identity accuracy
3,D-flip,no_plasticity,919,0.2,0.125,identity accuracy
3,E,trace_survival,700,,0.7151494296176247,within-seed correlation with recall
3,E,crosstalk,700,,-0.7051322608639287,within-seed correlation with recall
3,F,recall_half_life,700,0.12,33.0,subsequent stores
3,F,recall_half_life,700,0.2087942893137534,22.0,subsequent stores
3,F,recall_half_life,700,0.35,13.0,subsequent stores
3,F,recall_half_life,700,0.55,9.0,subsequent stores
3,E,trace_survival,701,,0.7445397422907469,within-seed correlation with recall
3,E,crosstalk,701,,-0.741227615003293,within-seed correlation with recall
3,F,recall_half_life,701,0.12,37.0,subsequent stores
3,F,recall_half_life,701,0.2087942893137534,22.0,subsequent stores
3,F,recall_half_life,701,0.35,14.0,subsequent stores
3,F,recall_half_life,701,0.55,9.0,subsequent stores
3,E,trace_survival,702,,0.7219736369604964,within-seed correlation with recall
3,E,crosstalk,702,,-0.7181465277066219,within-seed correlation with recall
3,F,recall_half_life,702,0.12,41.0,subsequent stores
3,F,recall_half_life,702,0.2087942893137534,23.0,subsequent stores
3,F,recall_half_life,702,0.35,13.0,subsequent stores
3,F,recall_half_life,702,0.55,8.0,subsequent stores
3,E,trace_survival,703,,0.7136807342685567,within-seed correlation with recall
3,E,crosstalk,703,,-0.7084290390963857,within-seed correlation with recall
3,F,recall_half_life,703,0.12,30.0,subsequent stores
3,F,recall_half_life,703,0.2087942893137534,22.0,subsequent stores
3,F,recall_half_life,703,0.35,12.0,subsequent stores
3,F,recall_half_life,703,0.55,8.0,subsequent stores
3,E,trace_survival,704,,0.723732682341962,within-seed correlation with recall
3,E,crosstalk,704,,-0.7167738825203783,within-seed correlation with recall
3,F,recall_half_life,704,0.12,45.0,subsequent stores
3,F,recall_half_life,704,0.2087942893137534,21.0,subsequent stores
3,F,recall_half_life,704,0.35,13.0,subsequent stores
3,F,recall_half_life,704,0.55,8.0,subsequent stores
3,E,trace_survival,705,,0.7085443428139767,within-seed correlation with recall
3,E,crosstalk,705,,-0.701980432931846,within-seed correlation with recall
3,F,recall_half_life,705,0.12,31.0,subsequent stores
3,F,recall_half_life,705,0.2087942893137534,22.0,subsequent stores
3,F,recall_half_life,705,0.35,12.0,subsequent stores
3,F,recall_half_life,705,0.55,8.0,subsequent stores
3,E,trace_survival,706,,0.7098456782353746,within-seed correlation with recall
3,E,crosstalk,706,,-0.7042925324455812,within-seed correlation with recall
3,F,recall_half_life,706,0.12,31.0,subsequent stores
3,F,recall_half_life,706,0.2087942893137534,23.0,subsequent stores
3,F,recall_half_life,706,0.35,12.0,subsequent stores
3,F,recall_half_life,706,0.55,9.0,subsequent stores
3,E,trace_survival,707,,0.7101250780739512,within-seed correlation with recall
3,E,crosstalk,707,,-0.7027243001265301,within-seed correlation with recall
3,F,recall_half_life,707,0.12,32.0,subsequent stores
3,F,recall_half_life,707,0.2087942893137534,20.0,subsequent stores
3,F,recall_half_life,707,0.35,13.0,subsequent stores
3,F,recall_half_life,707,0.55,8.0,subsequent stores
3,E,trace_survival,708,,0.7295122695672769,within-seed correlation with recall
3,E,crosstalk,708,,-0.723280417748782,within-seed correlation with recall
3,F,recall_half_life,708,0.12,34.0,subsequent stores
3,F,recall_half_life,708,0.2087942893137534,20.0,subsequent stores
3,F,recall_half_life,708,0.35,13.0,subsequent stores
3,F,recall_half_life,708,0.55,8.0,subsequent stores
3,E,trace_survival,709,,0.6991489014166056,within-seed correlation with recall
3,E,crosstalk,709,,-0.6897142535487872,within-seed correlation with recall
3,F,recall_half_life,709,0.12,32.0,subsequent stores
3,F,recall_half_life,709,0.2087942893137534,22.0,subsequent stores
3,F,recall_half_life,709,0.35,12.0,subsequent stores
3,F,recall_half_life,709,0.55,8.0,subsequent stores
3,E,trace_survival,710,,0.7723921165207893,within-seed correlation with recall
3,E,crosstalk,710,,-0.7658943018844783,within-seed correlation with recall
3,F,recall_half_life,710,0.12,36.0,subsequent stores
3,F,recall_half_life,710,0.2087942893137534,24.0,subsequent stores
3,F,recall_half_life,710,0.35,13.0,subsequent stores
3,F,recall_half_life,710,0.55,9.0,subsequent stores
3,E,trace_survival,711,,0.7215700462706427,within-seed correlation with recall
3,E,crosstalk,711,,-0.7151381071555205,within-seed correlation with recall
3,F,recall_half_life,711,0.12,33.0,subsequent stores
3,F,recall_half_life,711,0.2087942893137534,21.0,subsequent stores
3,F,recall_half_life,711,0.35,12.0,subsequent stores
3,F,recall_half_life,711,0.55,8.0,subsequent stores
3,E,trace_survival,712,,0.7074111618209573,within-seed correlation with recall
3,E,crosstalk,712,,-0.7000063967337834,within-seed correlation with recall
3,F,recall_half_life,712,0.12,29.0,subsequent stores
3,F,recall_half_life,712,0.2087942893137534,23.0,subsequent stores
3,F,recall_half_life,712,0.35,14.0,subsequent stores
3,F,recall_half_life,712,0.55,8.0,subsequent stores
3,E,trace_survival,713,,0.7041025943806358,within-seed correlation with recall
3,E,crosstalk,713,,-0.6964943812292035,within-seed correlation with recall
3,F,recall_half_life,713,0.12,31.0,subsequent stores
3,F,recall_half_life,713,0.2087942893137534,21.0,subsequent stores
3,F,recall_half_life,713,0.35,13.0,subsequent stores
3,F,recall_half_life,713,0.55,8.0,subsequent stores
3,E,trace_survival,714,,0.7037672392093659,within-seed correlation with recall
3,E,crosstalk,714,,-0.6969639276506391,within-seed correlation with recall
3,F,recall_half_life,714,0.12,34.0,subsequent stores
3,F,recall_half_life,714,0.2087942893137534,24.0,subsequent stores
3,F,recall_half_life,714,0.35,12.0,subsequent stores
3,F,recall_half_life,714,0.55,8.0,subsequent stores
3,E,trace_survival,715,,0.7263067297096277,within-seed correlation with recall
3,E,crosstalk,715,,-0.7166630202912584,within-seed correlation with recall
3,F,recall_half_life,715,0.12,32.0,subsequent stores
3,F,recall_half_life,715,0.2087942893137534,24.0,subsequent stores
3,F,recall_half_life,715,0.35,12.0,subsequent stores
3,F,recall_half_life,715,0.55,8.0,subsequent stores
3,E,trace_survival,716,,0.6917258545712183,within-seed correlation with recall
3,E,crosstalk,716,,-0.6851136145125317,within-seed correlation with recall
3,F,recall_half_life,716,0.12,34.0,subsequent stores
3,F,recall_half_life,716,0.2087942893137534,22.0,subsequent stores
3,F,recall_half_life,716,0.35,13.0,subsequent stores
3,F,recall_half_life,716,0.55,8.0,subsequent stores
3,E,trace_survival,717,,0.7151244980725625,within-seed correlation with recall
3,E,crosstalk,717,,-0.7078503846040622,within-seed correlation with recall
3,F,recall_half_life,717,0.12,37.0,subsequent stores
3,F,recall_half_life,717,0.2087942893137534,18.0,subsequent stores
3,F,recall_half_life,717,0.35,13.0,subsequent stores
3,F,recall_half_life,717,0.55,8.0,subsequent stores
3,E,trace_survival,718,,0.722346451515318,within-seed correlation with recall
3,E,crosstalk,718,,-0.7131347287902108,within-seed correlation with recall
3,F,recall_half_life,718,0.12,46.0,subsequent stores
3,F,recall_half_life,718,0.2087942893137534,22.0,subsequent stores
3,F,recall_half_life,718,0.35,13.0,subsequent stores
3,F,recall_half_life,718,0.55,8.0,subsequent stores
3,E,trace_survival,719,,0.7176092244875814,within-seed correlation with recall
3,E,crosstalk,719,,-0.7108840967669166,within-seed correlation with recall
3,F,recall_half_life,719,0.12,39.0,subsequent stores
3,F,recall_half_life,719,0.2087942893137534,25.0,subsequent stores
3,F,recall_half_life,719,0.35,14.0,subsequent stores
3,F,recall_half_life,719,0.55,9.0,subsequent stores
