{"capacity": 3.43, "_timestamp": 1725122731.1470451, "_runtime": 1.8964612483978271, "_step": 0, "_wandb": {"runtime": 1}}