{"capacity": 0.07, "_timestamp": 1725120601.075423, "_runtime": 11.855278968811035, "_step": 0, "_wandb": {"runtime": 11}}