{"_timestamp":1.7271933444596322e+09,"_wandb":{"runtime":1},"_runtime":1.508422,"_step":0,"capacity":0.35}