{"capacity": 3.61, "_timestamp": 1725123789.4697442, "_runtime": 1.8305583000183105, "_step": 0, "_wandb": {"runtime": 1}}