{"capacity": 0.0, "_timestamp": 1725119857.08725, "_runtime": 12.01382303237915, "_step": 0, "_wandb": {"runtime": 11}}