{"_runtime":1.633894,"_wandb":{"runtime":1},"_step":0,"capacity":1.25,"_timestamp":1.727189086977034e+09}