{"capacity":4.32,"_timestamp":1.727190759315627e+09,"_runtime":1.474795,"_step":0,"_wandb":{"runtime":1}}