{"_step":0,"_wandb":{"runtime":1},"capacity":4.38,"_timestamp":1.727190822572872e+09,"_runtime":1.495614}