{"capacity": 0.0, "_timestamp": 1725120869.249912, "_runtime": 12.189255952835083, "_step": 0, "_wandb": {"runtime": 11}}