{"capacity": 1.3, "_timestamp": 1725120554.41243, "_runtime": 11.93863296508789, "_step": 0, "_wandb": {"runtime": 11}}