{"_timestamp":1.7271932958264399e+09,"_runtime":1.512829,"_wandb":{"runtime":1},"_step":0,"capacity":1.78}