{"capacity": 1.29, "_timestamp": 1725120237.914179, "_runtime": 12.03630518913269, "_step": 0, "_wandb": {"runtime": 11}}