{"capacity":1.69,"_timestamp":1.7271902878101602e+09,"_runtime":1.579481,"_step":0,"_wandb":{"runtime":1}}