{"capacity": 3.75, "_timestamp": 1725123500.136081, "_runtime": 1.7872390747070312, "_step": 0, "_wandb": {"runtime": 1}}