{"_timestamp":1.727193836081753e+09,"_runtime":1.582092,"_step":0,"_wandb":{"runtime":1},"capacity":7.99}