{"_wandb":{"runtime":1},"capacity":0,"_timestamp":1.7271905081628292e+09,"_runtime":1.48116,"_step":0}