{"_timestamp":1.727193412382132e+09,"_runtime":1.546468,"_step":0,"_wandb":{"runtime":1},"capacity":0.23}