{"_runtime":1.486377,"_step":0,"_wandb":{"runtime":1},"capacity":9.76,"_timestamp":1.72719382890582e+09}