{"_timestamp":1.727190747870173e+09,"_wandb":{"runtime":1},"_runtime":1.442261,"_step":0,"capacity":4.08}