{"_runtime":1.448526,"_step":0,"capacity":3.86,"_wandb":{"runtime":1},"_timestamp":1.7271906052965918e+09}