{"_runtime":1.553714,"_step":0,"_wandb":{"runtime":1},"capacity":4.04,"_timestamp":1.727190367114822e+09}