{"_timestamp":1.727190454436387e+09,"_runtime":1.442598,"_step":0,"_wandb":{"runtime":1},"capacity":3.95}