{"capacity":4.38,"_timestamp":1.727190999426949e+09,"_runtime":1.486737,"_step":0,"_wandb":{"runtime":1}}