{"capacity": 0.0, "_timestamp": 1725120728.138366, "_runtime": 12.59104609489441, "_step": 0, "_wandb": {"runtime": 12}}