{"capacity": 3.49, "_timestamp": 1725123270.5029252, "_runtime": 1.8565232753753662, "_step": 0, "_wandb": {"runtime": 1}}