{"_timestamp":1.72719037261066e+09,"_runtime":1.49657,"_step":0,"_wandb":{"runtime":1},"capacity":4.2}