{"_step":0,"_wandb":{"runtime":1},"capacity":4.37,"_timestamp":1.7271903556174378e+09,"_runtime":1.6834470000000001}