{"capacity": 0.8333333333333334, "_timestamp": 1725118819.933556, "_runtime": 9.9290611743927, "_step": 0, "_wandb": {"runtime": 9}}