{"_step":0,"_wandb":{"runtime":1},"capacity":10.38,"_timestamp":1.727193700256327e+09,"_runtime":1.547617}