{"_step":0,"_wandb":{"runtime":2},"capacity":4.32,"_timestamp":1.7271905397446132e+09,"_runtime":2.880347}