{"capacity": 1.7133333333333334, "_timestamp": 1725120512.692821, "_runtime": 11.816041946411133, "_step": 0, "_wandb": {"runtime": 11}}