{"_step":0,"_wandb":{"runtime":1},"capacity":4.03,"_timestamp":1.727190876491182e+09,"_runtime":1.541504}