{"capacity": 3.34, "_timestamp": 1725123614.8628511, "_runtime": 1.9101462364196777, "_step": 0, "_wandb": {"runtime": 1}}