{"_timestamp":1.727190753646035e+09,"_runtime":1.445472,"_step":0,"capacity":4.22,"_wandb":{"runtime":1}}