{"capacity": 3.14, "_timestamp": 1725123306.8387961, "_runtime": 5.774953126907349, "_step": 0, "_wandb": {"runtime": 1}}