{"_timestamp":1.727191040928129e+09,"_runtime":2.144956,"_wandb":{"runtime":2},"_step":0,"capacity":4.09}