{"capacity": 0.0, "_timestamp": 1725122746.467444, "_runtime": 1.9182279109954834, "_step": 0, "_wandb": {"runtime": 1}}