{"_step":0,"capacity":7.96,"_wandb":{"runtime":1},"_timestamp":1.727193559764352e+09,"_runtime":1.476083}