{"capacity": 0.47, "_timestamp": 1725122784.367357, "_runtime": 1.927933931350708, "_step": 0, "_wandb": {"runtime": 1}}