{"capacity": 3.41, "_timestamp": 1725123373.60234, "_runtime": 1.7622299194335938, "_step": 0, "_wandb": {"runtime": 1}}