{"_timestamp":1.727190308866323e+09,"_runtime":1.5427149999999998,"_step":0,"_wandb":{"runtime":1},"capacity":2.9}