{"_wandb":{"runtime":1},"_runtime":1.544006,"_step":0,"capacity":11.44,"_timestamp":1.7271936020996952e+09}