{"capacity": 0.53, "_timestamp": 1725119874.75423, "_runtime": 12.03503704071045, "_step": 0, "_wandb": {"runtime": 11}}