{"capacity": 3.47, "_timestamp": 1725123357.489902, "_runtime": 1.836534023284912, "_step": 0, "_wandb": {"runtime": 1}}