{"capacity": 3.5, "_timestamp": 1725123579.1549811, "_runtime": 2.452838182449341, "_step": 0, "_wandb": {"runtime": 1}}