{"_step":0,"_wandb":{"runtime":1},"capacity":12.77,"_timestamp":1.7271936765313861e+09,"_runtime":1.579713}