{"capacity": 1.16, "_timestamp": 1725122720.757173, "_runtime": 1.991075038909912, "_step": 0, "_wandb": {"runtime": 1}}