{"_wandb":{"runtime":1},"_step":0,"capacity":11.46,"_timestamp":1.727193619354845e+09,"_runtime":1.535513}