{"_runtime":1.7081849999999998,"_step":0,"_wandb":{"runtime":1},"capacity":4.48,"_timestamp":1.727190584455424e+09}