{"_runtime":1.464451,"_step":0,"_wandb":{"runtime":1},"capacity":3.52,"_timestamp":1.7271903271380339e+09}