{"_wandb":{"runtime":1},"_timestamp":1.7271933671603131e+09,"_runtime":1.482458,"_step":0,"capacity":11.61}