{"genome": {"K_lat": 2.435231924057007, "K_ca3": -3.903538227081299, "K_out": 0.5684242248535156, "beta": 0.03540963679552078, "alpha": 0.06582166254520416}, "fitness": 0.5236265424496633, "dim_ei": 100, "dim_ca1": 1000, "dim_eo": 100, "K": 10}