{"genome": [1.3418419361114502, -12.614039421081543, 0.5789006352424622, -0.04440751671791077, -16.551836013793945], "fitness": 0.3921850087726852, "dim_ei": 50, "dim_ca1": 50, "dim_eo": 50, "K": 5}