{"genome": {"K_lat": 0.6110299229621887, "K_ca3": 0.7742136120796204, "K_out": 0.48281794786453247, "beta": 0.24309757351875305, "alpha": 0.36361441016197205}, "fitness": 0.29337129462342715, "dim_ei": 100, "dim_ca1": 1000, "dim_eo": 100, "K": 10, "record": {"0": {"color": "red", "fitness": [[[0.8007113675698944], [0.8058076294374046], [0.8502779863620407], [0.8912634416433148], [0.8952163363333204], [0.8892745011954506], [0.8683495979176348], [0.8498259025843882], [0.8679946933383434], [0.8868846125237535], [0.8300028031344248], [0.796675999893696], [0.8447813095210699], [0.8953332383059346], [0.8124615613012557], [0.8342645963780947], [0.8361718436073017], [0.8332849699128162], [0.8546573287649218], [0.8057402843970689], [0.8334133320594116], [0.9103561831942906], [0.9343193526161789], [0.8810678877936909], [0.8417025342057816], [0.8727436886937454], [0.7751678383731756], [0.8599297331433318], [0.9265047781998147], [0.8448048932459158], [0.910884851548416], [0.8238902468507509], [0.8446541123033457], [0.8634899119341408], [0.8216724020161], [0.8334952380245738], [0.8308970171554676], [0.8541236729121697], [0.8171111066425866], [0.8416744566039742], [0.860709703460757], [0.8331559984393022], [0.8772605329088626], [0.8330390511369653], [0.8533844134806081], [0.8470155273480697], [0.827072027263889], [0.8492394106639808], [0.8633183226750899], [0.8612233526987941], [0.837127957804434], [0.8869482340414957], [0.8314746319171658], [0.8399643236645191], [0.8752504283173109], [0.8487184022601968], [0.8813493700537467], [0.8372135575455705], [0.878120274625347], [0.8516573277930488], [0.8685881029302067], [0.8363228779683989], [0.8349296085910805], [0.8277600338913566]], 