{"genome": {"K_ca3": 20.183483123779297, "beta_eo": 0.5283495783805847, "beta_is": 8.01190185546875, "beta_ca1": 1.1781326532363892, "beta_ca3": 20.65372085571289, "alpha": 126.3570327758789}, "fitness": 0.6539447089418142, "dim_ei": 50, "dim_ca1": 50, "dim_eo": 50, "dim_ca3": 50, "K": 18}