{"genome": {"K_lat": 2.4172589778900146, "K_ca3": 0.38400042057037354, "K_out": 0.6170844435691833, "beta": 0.05665505677461624, "alpha": -0.6736127138137817}, "fitness": 0.6084463791074032, "dim_ei": 100, "dim_ca1": 1000, "dim_eo": 100, "K": 10}