{"genome": {"K_ca3": -36.05577850341797, "beta_eo": 0.8311077952384949, "beta_is": 11.491485595703125, "beta_ca1": 45.22932815551758, "beta_ca3": 15.368042945861816, "alpha": 60.65691375732422}, "fitness": 0.6397697005235575, "dim_ei": 50, "dim_ca1": 50, "dim_eo": 50, "dim_ca3": 50, "K": 18}