{"genome": [1.5102382898330688, -8.961825370788574, 0.5208773612976074, 0.04602891579270363, -8.08127498626709], "fitness": 0.3964127764174918, "dim_ei": 50, "dim_ca1": 50, "dim_eo": 50, "K": 5}