{"genome": {"K_ca3": 11.003220558166504, "beta_eo": 0.29243165254592896, "beta_is": 8.93268871307373, "beta_ca1": 28.70319366455078, "beta_ca3": 40.80435562133789, "alpha": 73.55773162841797}, "fitness": 0.540383633468162, "dim_ei": 50, "dim_ca1": 50, "dim_eo": 50, "dim_ca3": 50, "K": 18}