{"genome": {"K_lat": 15.087597846984863, "K_ca3": 50.0812873840332, "K_out": 0.271462082862854, "beta": 1.156457543373108}, "fitness": 0.252115806269993, "dim_ei": 50, "dim_ca1": 50, "dim_eo": 50, "dim_ca3": 50, "K": 15}