{"genome": {"K_lat": 2.0629897117614746, "K_ca3": 1.4084115028381348, "K_out": 0.8512743711471558, "beta": 0.1447649747133255, "alpha": 0.21133767068386078}, "fitness": 0.48501048699217286, "dim_ei": 100, "dim_ca1": 1000, "dim_eo": 100, "K": 10}