{"_runtime":1.51228,"_step":0,"_wandb":{"runtime":1},"capacity":10.68,"_timestamp":1.727193928987326e+09}