{"_timestamp":1.727193890633621e+09,"_runtime":1.600396,"_step":0,"_wandb":{"runtime":1},"capacity":10.28}