{"capacity":10.81,"_timestamp":1.7271936543818629e+09,"_runtime":1.643471,"_step":0,"_wandb":{"runtime":1}}