{"_timestamp":1.727193312720744e+09,"_runtime":1.497364,"_step":0,"_wandb":{"runtime":1},"capacity":0.08}