{"_wandb":{"runtime":1},"capacity":0,"_timestamp":1.727193384047885e+09,"_runtime":1.520057,"_step":0}