{"_wandb":{"runtime":1},"capacity":4.36,"_timestamp":1.727191067944406e+09,"_runtime":1.459734,"_step":0}