{"genome": {"K_ca3": 13.002554893493652, "beta_eo": 0.5376117825508118, "beta_is": 13.823551177978516, "beta_ca1": 1.214727520942688, "beta_ca3": 24.58499526977539, "alpha": 104.62345123291016}, "fitness": 0.6506265020308813, "dim_ei": 50, "dim_ca1": 50, "dim_eo": 50, "dim_ca3": 50, "K": 18}