{"genome": {"K_lat": 2.594341993331909, "K_ca3": 0.26572394371032715, "K_out": 0.5440211892127991, "beta": 0.05944153293967247, "alpha": -1.2130719423294067}, "fitness": 0.5773294433507818, "dim_ei": 100, "dim_ca1": 1000, "dim_eo": 100, "K": 10}