{"genome": {"K_lat": 1.1104656457901, "K_ca3": 1.055088996887207, "K_out": 0.6342002749443054, "beta": 0.06890071928501129, "alpha": 0.35160940885543823}, "fitness": 0.47758297877022393, "dim_ei": 100, "dim_ca1": 1000, "dim_eo": 100, "K": 10}