{"genome": {"K_lat": 0.6869150400161743, "K_ca3": 0.4411908686161041, "K_out": 0.4372422397136688, "beta": 0.3697512149810791, "alpha": 0.237799733877182}, "fitness": 0.6261864177336478, "dim_ei": 50, "dim_ca1": 50, "dim_eo": 50, "K": 5}