{"genome": {"K_lat": 1.7552785873413086, "K_ca3": -2.748412609100342, "K_out": 0.5288564562797546, "beta": -0.04880191758275032, "alpha": -5.035604000091553}, "fitness": 0.8542838526017267, "dim_ei": 50, "dim_ca1": 50, "dim_eo": 50, "K": 5}