{"genome": {"K_lat": 1.3702232837677002, "K_ca3": 0.7451686263084412, "K_out": 0.5825792551040649, "beta": 0.0822472795844078, "alpha": 0.34167715907096863}, "fitness": 0.5064157052364575, "dim_ei": 100, "dim_ca1": 1000, "dim_eo": 100, "K": 10}