{"genome": {"K_ca3": 2.3655757904052734, "beta_eo": 0.6260402202606201, "beta_is": 13.125173568725586, "beta_ca1": 24.571399688720703, "beta_ca3": 7.346917152404785, "alpha": 120.78655242919922}, "fitness": 0.6328234375762523, "dim_ei": 50, "dim_ca1": 50, "dim_eo": 50, "dim_ca3": 50, "K": 18}