{"capacity": 1.4866666666666666, "_timestamp": 1725120575.378656, "_runtime": 11.872457027435303, "_step": 0, "_wandb": {"runtime": 11}}