{"_step":0,"_wandb":{"runtime":1},"capacity":4.27,"_timestamp":1.727190349821279e+09,"_runtime":1.480595}