{"capacity": 3.24, "_timestamp": 1725123599.46862, "_runtime": 1.7651920318603516, "_step": 0, "_wandb": {"runtime": 1}}