{"capacity": 0.0, "_timestamp": 1725120492.132191, "_runtime": 11.970175981521606, "_step": 0, "_wandb": {"runtime": 11}}