{"_wandb":{"runtime":1},"_timestamp":1.727193759731076e+09,"_runtime":1.76258,"_step":0,"capacity":10.5}