{"_runtime":1.558995,"_step":0,"_wandb":{"runtime":1},"capacity":0.35,"_timestamp":1.7271934292908711e+09}