{"capacity": 1.2833333333333334, "_timestamp": 1725120366.616894, "_runtime": 11.800779104232788, "_step": 0, "_wandb": {"runtime": 11}}