{"_timestamp":1.7271908822748318e+09,"_runtime":1.735248,"_step":0,"_wandb":{"runtime":1},"capacity":3.65}