{"_wandb":{"runtime":1},"capacity":4.3,"_timestamp":1.727190982139293e+09,"_runtime":1.599404,"_step":0}