{"_wandb":{"runtime":1},"_step":0,"capacity":0.07,"_timestamp":1.727193289927604e+09,"_runtime":1.51974}