{"capacity": 0.006666666666666667, "_timestamp": 1725118836.7295082, "_runtime": 10.0489342212677, "_step": 0, "_wandb": {"runtime": 9}}