{"capacity": 0.84, "_timestamp": 1725123217.6580439, "_runtime": 1.881469964981079, "_step": 0, "_wandb": {"runtime": 1}}