{"_runtime":1.832157,"_step":0,"capacity":3.62,"_timestamp":1.727190344310186e+09,"_wandb":{"runtime":1}}