{"capacity": 1.2433333333333334, "_timestamp": 1725120025.067679, "_runtime": 11.924049854278564, "_step": 0, "_wandb": {"runtime": 11}}