{"capacity":4.3,"_timestamp":1.7271906428814578e+09,"_runtime":1.472272,"_step":0,"_wandb":{"runtime":1}}