{"capacity": 3.28, "_timestamp": 1725123642.5091681, "_runtime": 1.9485962390899658, "_step": 0, "_wandb": {"runtime": 1}}