{"_wandb":{"runtime":1},"capacity":10.51,"_timestamp":1.72719325276736e+09,"_runtime":1.937185,"_step":0}