{"_wandb":{"runtime":1},"_runtime":1.468262,"_step":0,"capacity":8.86,"_timestamp":1.727193766665607e+09}