{"capacity":4.24,"_timestamp":1.72719070149561e+09,"_runtime":1.47556,"_wandb":{"runtime":1},"_step":0}