{"_runtime":1.490345,"_step":0,"_wandb":{"runtime":1},"capacity":2.88,"_timestamp":1.727190315700812e+09}