{"capacity": 1.09, "_timestamp": 1725119794.793608, "_runtime": 12.010071039199829, "_step": 0, "_wandb": {"runtime": 11}}