{"capacity": 3.47, "_timestamp": 1725123285.756171, "_runtime": 1.8711800575256348, "_step": 0, "_wandb": {"runtime": 1}}