{"capacity": 0.0, "_timestamp": 1725122922.6349492, "_runtime": 1.851635217666626, "_step": 0, "_wandb": {"runtime": 1}}