{"capacity": 3.35, "_timestamp": 1725123456.190583, "_runtime": 1.8331360816955566, "_step": 0, "_wandb": {"runtime": 1}}