{"capacity":4.17,"_timestamp":1.7271908709682062e+09,"_runtime":1.665038,"_step":0,"_wandb":{"runtime":1}}