{"capacity": 3.32, "_timestamp": 1725123813.926187, "_runtime": 1.8611481189727783, "_step": 0, "_wandb": {"runtime": 1}}