{"capacity": 3.4, "_timestamp": 1725123735.477302, "_runtime": 1.839879035949707, "_step": 0, "_wandb": {"runtime": 1}}