{"_step":0,"_wandb":{"runtime":1},"capacity":11.83,"_timestamp":1.7271933896622279e+09,"_runtime":1.54832}