{"capacity": 3.54, "_timestamp": 1725123242.896466, "_runtime": 1.83253812789917, "_step": 0, "_wandb": {"runtime": 1}}