{"capacity": 3.63, "_timestamp": 1725123402.310432, "_runtime": 1.8862550258636475, "_step": 0, "_wandb": {"runtime": 1}}