{"capacity": 3.19, "_timestamp": 1725123201.39228, "_runtime": 1.7504630088806152, "_step": 0, "_wandb": {"runtime": 1}}