{"genome": [5.09692907333374, 4.744879722595215, 5.0983357429504395, 49.884254455566406, 0.13364487886428833], "fitness": 0.3193763612871408, "dim_ei": 50, "dim_ca1": 50, "dim_eo": 50, "K": 5}