{"genome": {"K_lat": 1.8994258642196655, "K_ca3": 0.2577298581600189, "K_out": 0.5628400444984436, "beta": 0.038829199969768524, "alpha": -3.0278942584991455}, "fitness": 0.8763612427148395, "dim_ei": 50, "dim_ca1": 50, "dim_eo": 50, "K": 5}