{"_step":0,"_wandb":{"runtime":1},"capacity":7.83,"_timestamp":1.727193741531991e+09,"_runtime":1.769475}