{"capacity": 3.43, "_timestamp": 1725123742.726345, "_runtime": 1.8770291805267334, "_step": 0, "_wandb": {"runtime": 1}}