{"_step":0,"capacity":4.24,"_timestamp":1.7271904118112562e+09,"_wandb":{"runtime":1},"_runtime":1.514827}