{"capacity": 0.7466666666666667, "_timestamp": 1725119816.354895, "_runtime": 11.8579261302948, "_step": 0, "_wandb": {"runtime": 11}}