{"epoch": 4, "train_acc": 0.3933335516174013, "train_loss": 0.778537365459683, "val_acc": 0.3849254232418169, "val_loss": 0.9236145323228127, "_timestamp": 1724957971.942749, "_runtime": 0.8942859172821045, "_step": 3, "_wandb": {"runtime": 0}}