{"capacity": 2.84, "_timestamp": 1725123700.6657228, "_runtime": 1.8438959121704102, "_step": 0, "_wandb": {"runtime": 1}}