{"capacity": 0.4, "_timestamp": 1725123467.4098291, "_runtime": 1.8410181999206543, "_step": 0, "_wandb": {"runtime": 1}}