{"capacity": 3.14, "_timestamp": 1725123632.2315688, "_runtime": 1.8562488555908203, "_step": 0, "_wandb": {"runtime": 1}}