{"_runtime":1.490366,"_step":0,"_wandb":{"runtime":1},"capacity":4.14,"_timestamp":1.727190553896441e+09}