{"_timestamp":1.727193625080596e+09,"_runtime":1.476945,"_step":0,"_wandb":{"runtime":1},"capacity":9.65}