{"_step":0,"capacity":4.45,"_timestamp":1.727190514503219e+09,"_wandb":{"runtime":1},"_runtime":1.46641}