{"capacity": 3.32, "_timestamp": 1725123424.606384, "_runtime": 1.8218340873718262, "_step": 0, "_wandb": {"runtime": 1}}