{"_wandb":{"runtime":1},"capacity":0.29,"_timestamp":1.727193489248588e+09,"_runtime":1.708771,"_step":0}