{"_timestamp":1.727190560233886e+09,"_wandb":{"runtime":1},"_runtime":1.6049989999999998,"_step":0,"capacity":0.64}