{"_timestamp":1.727193822703735e+09,"_runtime":1.584356,"_step":0,"_wandb":{"runtime":1},"capacity":11.58}