{"_timestamp":1.727193465823796e+09,"_runtime":1.533418,"_step":0,"_wandb":{"runtime":1},"capacity":9.14}