{"capacity": 1.07, "_timestamp": 1725120429.525779, "_runtime": 11.81204104423523, "_step": 0, "_wandb": {"runtime": 11}}