{"capacity": 3.62, "_timestamp": 1725123720.273453, "_runtime": 1.8512818813323975, "_step": 0, "_wandb": {"runtime": 1}}