{"_timestamp":1.7271910335211678e+09,"_wandb":{"runtime":1},"_runtime":1.457811,"_step":0,"capacity":3.9}