{"_timestamp":1.727193637388327e+09,"_wandb":{"runtime":1},"_runtime":1.862657,"_step":0,"capacity":10.51}