{"capacity": 0.8033333333333333, "_timestamp": 1725119837.248596, "_runtime": 11.828060865402222, "_step": 0, "_wandb": {"runtime": 11}}