{"capacity": 1.31, "_timestamp": 1725122895.249938, "_runtime": 1.8687360286712646, "_step": 0, "_wandb": {"runtime": 1}}