{"_runtime":1.5211510000000001,"_step":0,"capacity":4.19,"_timestamp":1.7271907651117811e+09,"_wandb":{"runtime":1}}