{"capacity": 3.55, "_timestamp": 1725123140.751843, "_runtime": 1.8051879405975342, "_step": 0, "_wandb": {"runtime": 1}}