{"_timestamp":1.727193329917175e+09,"_runtime":2.049689,"_step":0,"capacity":8.84,"_wandb":{"runtime":2}}