{"_step":0,"_wandb":{"runtime":1},"capacity":12.04,"_timestamp":1.7271935655043101e+09,"_runtime":1.4940470000000001}