{"capacity": 3.32, "_timestamp": 1725123520.627469, "_runtime": 1.8555901050567627, "_step": 0, "_wandb": {"runtime": 1}}