{"capacity": 1.29, "_timestamp": 1725120003.636543, "_runtime": 11.937608003616333, "_step": 0, "_wandb": {"runtime": 12}}