{"capacity":0,"_timestamp":1.7271933785121868e+09,"_wandb":{"runtime":1},"_runtime":1.450938,"_step":0}