{"_wandb":{"runtime":1},"_runtime":1.475799,"_step":0,"capacity":1.33,"_timestamp":1.727193406594872e+09}