{"_wandb":{"runtime":1},"_runtime":1.54378,"_step":0,"capacity":3.81,"_timestamp":1.7271907707703118e+09}