{"capacity":4.13,"_timestamp":1.727190927154422e+09,"_runtime":1.587173,"_step":0,"_wandb":{"runtime":1}}