{"capacity": 0.0033333333333333335, "_timestamp": 1725120653.101658, "_runtime": 11.985112190246582, "_step": 0, "_wandb": {"runtime": 11}}