{"_wandb":{"runtime":1},"capacity":0.11,"_timestamp":1.7271933182702641e+09,"_runtime":1.489814,"_step":0}