{"capacity": 3.46, "_timestamp": 1725122964.4102972, "_runtime": 2.128329038619995, "_step": 0, "_wandb": {"runtime": 1}}