{"_wandb":{"runtime":1},"_step":0,"capacity":1.7,"_timestamp":1.727190405860149e+09,"_runtime":1.478864}