{"capacity": 0.0, "_timestamp": 1725122810.7044759, "_runtime": 1.9285058975219727, "_step": 0, "_wandb": {"runtime": 1}}