{"capacity": 3.14, "_timestamp": 1725122660.555263, "_runtime": 1.8816859722137451, "_step": 0, "_wandb": {"runtime": 1}}