{"_wandb":{"runtime":1},"capacity":10.61,"_timestamp":1.7271932676410391e+09,"_runtime":1.4900470000000001,"_step":0}