{"capacity": 3.56, "_timestamp": 1725123417.50491, "_runtime": 1.9023630619049072, "_step": 0, "_wandb": {"runtime": 1}}